idx,label
v_TableTennisShot_g10_c02,TableTennisShot
v_WritingOnBoard_g21_c07,WritingOnBoard
v_SoccerPenalty_g10_c03,SoccerPenalty
v_Skiing_g18_c04,Skiing
v_Hammering_g20_c01,Hammering
v_CleanAndJerk_g11_c03,CleanAndJerk
v_BoxingPunchingBag_g10_c03,BoxingPunchingBag
v_BalanceBeam_g23_c01,BalanceBeam
v_PlayingSitar_g23_c01,PlayingSitar
v_BabyCrawling_g20_c05,BabyCrawling
v_Fencing_g25_c04,Fencing
v_ApplyEyeMakeup_g24_c03,ApplyEyeMakeup
v_SkyDiving_g18_c01,SkyDiving
v_PommelHorse_g21_c01,PommelHorse
v_HeadMassage_g10_c02,HeadMassage
v_StillRings_g24_c03,StillRings
v_BoxingSpeedBag_g13_c05,BoxingSpeedBag
v_MoppingFloor_g14_c02,MoppingFloor
v_Punch_g09_c04,Punch
v_CricketShot_g16_c07,CricketShot
v_FrontCrawl_g17_c02,FrontCrawl
v_BaseballPitch_g24_c01,BaseballPitch
v_BandMarching_g25_c07,BandMarching
v_IceDancing_g10_c07,IceDancing
v_MilitaryParade_g18_c06,MilitaryParade
v_ParallelBars_g14_c04,ParallelBars
v_JugglingBalls_g24_c01,JugglingBalls
v_PlayingCello_g14_c04,PlayingCello
v_SumoWrestling_g24_c01,SumoWrestling
v_PoleVault_g20_c02,PoleVault
v_BoxingSpeedBag_g14_c04,BoxingSpeedBag
v_Rafting_g16_c01,Rafting
v_PlayingCello_g25_c06,PlayingCello
v_BodyWeightSquats_g14_c03,BodyWeightSquats
v_PlayingViolin_g13_c01,PlayingViolin
v_HighJump_g14_c04,HighJump
v_BenchPress_g12_c04,BenchPress
v_FrontCrawl_g13_c01,FrontCrawl
v_WallPushups_g10_c05,WallPushups
v_BoxingSpeedBag_g09_c04,BoxingSpeedBag
v_PlayingFlute_g23_c03,PlayingFlute
v_CliffDiving_g23_c02,CliffDiving
v_BalanceBeam_g09_c02,BalanceBeam
v_Nunchucks_g24_c03,Nunchucks
v_WritingOnBoard_g22_c07,WritingOnBoard
v_PlayingDhol_g18_c01,PlayingDhol
v_BrushingTeeth_g22_c05,BrushingTeeth
v_SumoWrestling_g12_c01,SumoWrestling
v_PlayingGuitar_g20_c03,PlayingGuitar
v_JumpingJack_g09_c06,JumpingJack
v_Drumming_g09_c03,Drumming
v_PommelHorse_g10_c04,PommelHorse
v_WalkingWithDog_g23_c01,WalkingWithDog
v_Knitting_g20_c02,Knitting
v_PlayingViolin_g10_c04,PlayingViolin
v_PlayingFlute_g11_c03,PlayingFlute
v_JumpingJack_g12_c03,JumpingJack
v_ApplyEyeMakeup_g20_c06,ApplyEyeMakeup
v_MilitaryParade_g18_c03,MilitaryParade
v_TrampolineJumping_g11_c05,TrampolineJumping
v_MilitaryParade_g12_c05,MilitaryParade
v_SkyDiving_g16_c01,SkyDiving
v_SoccerJuggling_g18_c07,SoccerJuggling
v_StillRings_g15_c04,StillRings
v_HorseRace_g16_c03,HorseRace
v_ThrowDiscus_g16_c03,ThrowDiscus
v_SoccerJuggling_g14_c03,SoccerJuggling
v_PlayingSitar_g17_c07,PlayingSitar
v_TennisSwing_g20_c05,TennisSwing
v_PlayingCello_g20_c04,PlayingCello
v_WalkingWithDog_g18_c03,WalkingWithDog
v_PlayingPiano_g19_c03,PlayingPiano
v_RockClimbingIndoor_g08_c04,RockClimbingIndoor
v_SoccerPenalty_g11_c01,SoccerPenalty
v_FloorGymnastics_g22_c03,FloorGymnastics
v_Swing_g20_c03,Swing
v_BalanceBeam_g09_c01,BalanceBeam
v_Hammering_g17_c06,Hammering
v_PizzaTossing_g25_c03,PizzaTossing
v_JugglingBalls_g25_c01,JugglingBalls
v_PlayingCello_g22_c03,PlayingCello
v_PlayingCello_g22_c02,PlayingCello
v_YoYo_g17_c04,YoYo
v_CuttingInKitchen_g24_c02,CuttingInKitchen
v_CuttingInKitchen_g12_c04,CuttingInKitchen
v_HandStandPushups_g13_c04,HandStandPushups
v_Skijet_g22_c04,Skijet
v_PlayingCello_g19_c07,PlayingCello
v_HeadMassage_g17_c04,HeadMassage
v_BandMarching_g20_c04,BandMarching
v_SkateBoarding_g23_c04,SkateBoarding
v_Basketball_g13_c02,Basketball
v_Biking_g19_c02,Biking
v_ThrowDiscus_g09_c06,ThrowDiscus
v_Nunchucks_g18_c03,Nunchucks
v_Shotput_g10_c06,Shotput
v_Skijet_g13_c03,Skijet
v_CliffDiving_g18_c01,CliffDiving
v_CliffDiving_g10_c07,CliffDiving
v_TennisSwing_g21_c03,TennisSwing
v_SkateBoarding_g12_c03,SkateBoarding
v_BalanceBeam_g25_c01,BalanceBeam
v_FrisbeeCatch_g16_c03,FrisbeeCatch
v_JavelinThrow_g17_c02,JavelinThrow
v_PizzaTossing_g15_c01,PizzaTossing
v_Basketball_g19_c01,Basketball
v_BenchPress_g12_c01,BenchPress
v_ApplyEyeMakeup_g19_c03,ApplyEyeMakeup
v_IceDancing_g08_c02,IceDancing
v_HulaHoop_g14_c04,HulaHoop
v_JumpingJack_g21_c04,JumpingJack
v_Typing_g22_c02,Typing
v_BasketballDunk_g18_c02,BasketballDunk
v_BandMarching_g23_c04,BandMarching
v_WalkingWithDog_g13_c02,WalkingWithDog
v_PlayingPiano_g18_c03,PlayingPiano
v_PoleVault_g14_c03,PoleVault
v_Billiards_g23_c04,Billiards
v_PlayingDhol_g23_c03,PlayingDhol
v_Billiards_g22_c04,Billiards
v_ParallelBars_g22_c03,ParallelBars
v_HorseRiding_g08_c02,HorseRiding
v_PizzaTossing_g19_c04,PizzaTossing
v_BandMarching_g21_c02,BandMarching
v_IceDancing_g24_c07,IceDancing
v_TableTennisShot_g22_c03,TableTennisShot
v_JavelinThrow_g20_c01,JavelinThrow
v_BaseballPitch_g18_c04,BaseballPitch
v_HorseRiding_g20_c02,HorseRiding
v_Kayaking_g09_c03,Kayaking
v_HorseRace_g08_c04,HorseRace
v_PommelHorse_g12_c01,PommelHorse
v_BlowingCandles_g13_c04,BlowingCandles
v_Hammering_g18_c05,Hammering
v_RockClimbingIndoor_g14_c04,RockClimbingIndoor
v_Biking_g11_c05,Biking
v_JumpingJack_g19_c04,JumpingJack
v_SkyDiving_g10_c04,SkyDiving
v_BoxingSpeedBag_g20_c03,BoxingSpeedBag
v_Drumming_g11_c05,Drumming
v_Archery_g09_c03,Archery
v_JugglingBalls_g22_c06,JugglingBalls
v_ParallelBars_g23_c04,ParallelBars
v_CricketShot_g22_c06,CricketShot
v_Rafting_g21_c02,Rafting
v_Skiing_g11_c04,Skiing
v_HeadMassage_g15_c02,HeadMassage
v_WalkingWithDog_g19_c05,WalkingWithDog
v_PoleVault_g17_c05,PoleVault
v_Basketball_g22_c01,Basketball
v_RopeClimbing_g15_c01,RopeClimbing
v_ApplyLipstick_g22_c07,ApplyLipstick
v_UnevenBars_g16_c03,UnevenBars
v_LongJump_g10_c03,LongJump
v_BreastStroke_g18_c03,BreastStroke
v_FieldHockeyPenalty_g17_c03,FieldHockeyPenalty
v_HorseRace_g08_c02,HorseRace
v_SkyDiving_g20_c05,SkyDiving
v_UnevenBars_g08_c01,UnevenBars
v_Archery_g09_c05,Archery
v_UnevenBars_g23_c01,UnevenBars
v_FieldHockeyPenalty_g13_c01,FieldHockeyPenalty
v_SoccerJuggling_g16_c07,SoccerJuggling
v_HeadMassage_g18_c04,HeadMassage
v_LongJump_g16_c02,LongJump
v_BenchPress_g09_c07,BenchPress
v_JugglingBalls_g11_c05,JugglingBalls
v_MilitaryParade_g24_c04,MilitaryParade
v_Knitting_g23_c04,Knitting
v_HighJump_g24_c05,HighJump
v_SumoWrestling_g11_c04,SumoWrestling
v_BodyWeightSquats_g10_c04,BodyWeightSquats
v_Typing_g20_c04,Typing
v_CricketShot_g12_c02,CricketShot
v_JumpRope_g11_c05,JumpRope
v_Biking_g10_c06,Biking
v_HammerThrow_g14_c04,HammerThrow
v_PlayingSitar_g10_c03,PlayingSitar
v_PlayingDhol_g19_c07,PlayingDhol
v_SoccerPenalty_g22_c02,SoccerPenalty
v_ParallelBars_g24_c03,ParallelBars
v_BaseballPitch_g19_c02,BaseballPitch
v_PlayingTabla_g15_c02,PlayingTabla
v_TennisSwing_g16_c03,TennisSwing
v_VolleyballSpiking_g24_c04,VolleyballSpiking
v_PizzaTossing_g10_c01,PizzaTossing
v_Haircut_g13_c02,Haircut
v_RockClimbingIndoor_g12_c04,RockClimbingIndoor
v_HeadMassage_g14_c03,HeadMassage
v_RopeClimbing_g10_c02,RopeClimbing
v_Surfing_g14_c03,Surfing
v_WalkingWithDog_g15_c01,WalkingWithDog
v_PlayingGuitar_g09_c03,PlayingGuitar
v_PlayingCello_g24_c06,PlayingCello
v_GolfSwing_g15_c01,GolfSwing
v_BenchPress_g14_c06,BenchPress
v_CliffDiving_g21_c01,CliffDiving
v_CuttingInKitchen_g25_c03,CuttingInKitchen
v_IceDancing_g10_c04,IceDancing
v_BaseballPitch_g17_c04,BaseballPitch
v_PlayingCello_g19_c02,PlayingCello
v_CricketBowling_g25_c07,CricketBowling
v_HammerThrow_g08_c05,HammerThrow
v_ThrowDiscus_g18_c04,ThrowDiscus
v_BaseballPitch_g08_c03,BaseballPitch
v_PlayingGuitar_g13_c03,PlayingGuitar
v_PommelHorse_g09_c03,PommelHorse
v_BasketballDunk_g14_c03,BasketballDunk
v_PullUps_g08_c03,PullUps
v_WalkingWithDog_g24_c06,WalkingWithDog
v_PlayingDaf_g18_c05,PlayingDaf
v_Haircut_g08_c05,Haircut
v_VolleyballSpiking_g18_c04,VolleyballSpiking
v_TennisSwing_g18_c03,TennisSwing
v_GolfSwing_g22_c04,GolfSwing
v_HandStandPushups_g18_c07,HandStandPushups
v_Bowling_g23_c04,Bowling
v_SumoWrestling_g08_c05,SumoWrestling
v_PlayingPiano_g20_c02,PlayingPiano
v_ApplyEyeMakeup_g22_c05,ApplyEyeMakeup
v_TennisSwing_g09_c06,TennisSwing
v_HulaHoop_g09_c02,HulaHoop
v_ApplyEyeMakeup_g08_c05,ApplyEyeMakeup
v_Kayaking_g18_c06,Kayaking
v_ParallelBars_g14_c01,ParallelBars
v_TennisSwing_g21_c04,TennisSwing
v_PlayingViolin_g22_c01,PlayingViolin
v_Basketball_g24_c01,Basketball
v_RockClimbingIndoor_g21_c06,RockClimbingIndoor
v_Diving_g23_c02,Diving
v_PlayingDaf_g21_c07,PlayingDaf
v_VolleyballSpiking_g17_c01,VolleyballSpiking
v_ThrowDiscus_g18_c01,ThrowDiscus
v_Drumming_g13_c01,Drumming
v_ApplyLipstick_g15_c02,ApplyLipstick
v_MilitaryParade_g21_c01,MilitaryParade
v_LongJump_g24_c04,LongJump
v_SalsaSpin_g13_c04,SalsaSpin
v_Hammering_g20_c04,Hammering
v_TrampolineJumping_g21_c01,TrampolineJumping
v_Hammering_g08_c03,Hammering
v_VolleyballSpiking_g12_c03,VolleyballSpiking
v_Biking_g25_c03,Biking
v_ThrowDiscus_g22_c03,ThrowDiscus
v_Nunchucks_g15_c01,Nunchucks
v_SalsaSpin_g18_c02,SalsaSpin
v_Surfing_g16_c03,Surfing
v_Haircut_g18_c04,Haircut
v_SkateBoarding_g16_c04,SkateBoarding
v_HorseRace_g19_c06,HorseRace
v_RopeClimbing_g13_c01,RopeClimbing
v_PlayingDhol_g22_c01,PlayingDhol
v_FrontCrawl_g25_c03,FrontCrawl
v_ShavingBeard_g25_c06,ShavingBeard
v_PlayingSitar_g09_c02,PlayingSitar
v_ShavingBeard_g13_c05,ShavingBeard
v_BoxingSpeedBag_g17_c04,BoxingSpeedBag
v_PoleVault_g24_c07,PoleVault
v_PommelHorse_g25_c04,PommelHorse
v_SkyDiving_g20_c01,SkyDiving
v_TrampolineJumping_g21_c03,TrampolineJumping
v_VolleyballSpiking_g14_c03,VolleyballSpiking
v_PlayingGuitar_g10_c07,PlayingGuitar
v_PushUps_g19_c04,PushUps
v_Knitting_g16_c02,Knitting
v_HeadMassage_g17_c06,HeadMassage
v_BreastStroke_g21_c02,BreastStroke
v_Billiards_g12_c01,Billiards
v_PlayingDaf_g16_c05,PlayingDaf
v_Knitting_g22_c03,Knitting
v_Drumming_g18_c05,Drumming
v_Kayaking_g24_c06,Kayaking
v_BlowDryHair_g24_c02,BlowDryHair
v_BasketballDunk_g11_c04,BasketballDunk
v_PlayingDaf_g15_c03,PlayingDaf
v_Archery_g25_c07,Archery
v_CricketBowling_g12_c02,CricketBowling
v_Bowling_g20_c01,Bowling
v_Skijet_g11_c01,Skijet
v_BaseballPitch_g09_c06,BaseballPitch
v_Lunges_g13_c03,Lunges
v_SoccerJuggling_g18_c02,SoccerJuggling
v_HulaHoop_g17_c04,HulaHoop
v_Swing_g09_c05,Swing
v_BlowDryHair_g09_c04,BlowDryHair
v_Surfing_g12_c01,Surfing
v_BaseballPitch_g22_c01,BaseballPitch
v_ApplyEyeMakeup_g09_c03,ApplyEyeMakeup
v_Mixing_g08_c05,Mixing
v_SoccerPenalty_g15_c04,SoccerPenalty
v_PlayingSitar_g18_c04,PlayingSitar
v_Diving_g15_c02,Diving
v_Diving_g11_c01,Diving
v_FrisbeeCatch_g09_c03,FrisbeeCatch
v_FieldHockeyPenalty_g10_c05,FieldHockeyPenalty
v_Archery_g19_c03,Archery
v_Diving_g22_c04,Diving
v_CricketShot_g20_c07,CricketShot
v_BrushingTeeth_g23_c03,BrushingTeeth
v_RopeClimbing_g08_c02,RopeClimbing
v_MilitaryParade_g20_c01,MilitaryParade
v_BlowDryHair_g10_c07,BlowDryHair
v_Bowling_g25_c02,Bowling
v_UnevenBars_g17_c03,UnevenBars
v_HandstandWalking_g10_c03,HandstandWalking
v_BenchPress_g22_c01,BenchPress
v_PullUps_g14_c03,PullUps
v_Hammering_g24_c05,Hammering
v_UnevenBars_g21_c01,UnevenBars
v_PlayingPiano_g17_c03,PlayingPiano
v_ThrowDiscus_g23_c03,ThrowDiscus
v_Knitting_g15_c05,Knitting
v_BabyCrawling_g25_c05,BabyCrawling
v_Kayaking_g24_c05,Kayaking
v_Rowing_g13_c06,Rowing
v_LongJump_g08_c04,LongJump
v_JavelinThrow_g10_c03,JavelinThrow
v_JugglingBalls_g12_c03,JugglingBalls
v_TableTennisShot_g18_c04,TableTennisShot
v_CricketBowling_g09_c06,CricketBowling
v_PullUps_g20_c04,PullUps
v_Diving_g21_c05,Diving
v_Skijet_g21_c03,Skijet
v_RopeClimbing_g15_c02,RopeClimbing
v_HorseRiding_g16_c05,HorseRiding
v_PlayingPiano_g16_c03,PlayingPiano
v_ShavingBeard_g24_c01,ShavingBeard
v_BlowDryHair_g18_c02,BlowDryHair
v_Bowling_g18_c03,Bowling
v_YoYo_g13_c05,YoYo
v_BoxingSpeedBag_g14_c01,BoxingSpeedBag
v_JavelinThrow_g14_c01,JavelinThrow
v_StillRings_g17_c01,StillRings
v_RockClimbingIndoor_g21_c07,RockClimbingIndoor
v_HorseRiding_g23_c05,HorseRiding
v_BandMarching_g24_c02,BandMarching
v_CuttingInKitchen_g16_c02,CuttingInKitchen
v_Typing_g11_c01,Typing
v_Haircut_g10_c03,Haircut
v_BenchPress_g12_c06,BenchPress
v_Basketball_g16_c05,Basketball
v_BandMarching_g19_c01,BandMarching
v_HorseRace_g15_c03,HorseRace
v_Rowing_g12_c01,Rowing
v_MilitaryParade_g15_c05,MilitaryParade
v_HammerThrow_g19_c01,HammerThrow
v_BrushingTeeth_g12_c04,BrushingTeeth
v_Mixing_g13_c05,Mixing
v_MilitaryParade_g13_c04,MilitaryParade
v_PlayingDhol_g25_c01,PlayingDhol
v_HandstandWalking_g25_c04,HandstandWalking
v_SoccerJuggling_g11_c06,SoccerJuggling
v_Drumming_g12_c03,Drumming
v_Skijet_g25_c03,Skijet
v_BasketballDunk_g14_c05,BasketballDunk
v_MoppingFloor_g19_c04,MoppingFloor
v_ShavingBeard_g14_c04,ShavingBeard
v_PlayingDaf_g20_c02,PlayingDaf
v_ApplyEyeMakeup_g15_c02,ApplyEyeMakeup
v_Billiards_g23_c02,Billiards
v_Rowing_g10_c02,Rowing
v_WallPushups_g13_c02,WallPushups
v_Drumming_g14_c04,Drumming
v_PlayingViolin_g23_c04,PlayingViolin
v_Punch_g17_c06,Punch
v_FrisbeeCatch_g15_c04,FrisbeeCatch
v_WritingOnBoard_g09_c03,WritingOnBoard
v_CricketBowling_g22_c02,CricketBowling
v_HandstandWalking_g17_c02,HandstandWalking
v_HeadMassage_g23_c03,HeadMassage
v_SoccerPenalty_g20_c02,SoccerPenalty
v_Rowing_g14_c02,Rowing
v_BasketballDunk_g12_c04,BasketballDunk
v_BandMarching_g18_c03,BandMarching
v_PlayingPiano_g17_c06,PlayingPiano
v_PlayingDaf_g23_c04,PlayingDaf
v_BlowingCandles_g12_c02,BlowingCandles
v_BasketballDunk_g15_c04,BasketballDunk
v_BasketballDunk_g16_c04,BasketballDunk
v_FrontCrawl_g12_c01,FrontCrawl
v_WallPushups_g15_c02,WallPushups
v_YoYo_g09_c03,YoYo
v_SkyDiving_g11_c04,SkyDiving
v_Punch_g22_c05,Punch
v_VolleyballSpiking_g16_c02,VolleyballSpiking
v_HandStandPushups_g14_c03,HandStandPushups
v_FloorGymnastics_g24_c02,FloorGymnastics
v_FieldHockeyPenalty_g15_c04,FieldHockeyPenalty
v_PlayingDhol_g22_c06,PlayingDhol
v_Rowing_g13_c04,Rowing
v_PlayingDhol_g09_c02,PlayingDhol
v_PullUps_g09_c01,PullUps
v_BalanceBeam_g16_c01,BalanceBeam
v_PlayingCello_g08_c03,PlayingCello
v_Knitting_g17_c05,Knitting
v_Billiards_g21_c01,Billiards
v_Hammering_g10_c07,Hammering
v_Basketball_g10_c01,Basketball
v_Drumming_g18_c04,Drumming
v_CricketBowling_g16_c06,CricketBowling
v_TableTennisShot_g19_c04,TableTennisShot
v_GolfSwing_g11_c03,GolfSwing
v_ParallelBars_g20_c02,ParallelBars
v_HorseRace_g08_c01,HorseRace
v_WalkingWithDog_g14_c04,WalkingWithDog
v_RopeClimbing_g14_c01,RopeClimbing
v_Skijet_g24_c04,Skijet
v_JavelinThrow_g21_c02,JavelinThrow
v_SoccerJuggling_g09_c05,SoccerJuggling
v_Biking_g24_c03,Biking
v_FloorGymnastics_g18_c02,FloorGymnastics
v_StillRings_g12_c04,StillRings
v_FloorGymnastics_g15_c04,FloorGymnastics
v_HandstandWalking_g12_c02,HandstandWalking
v_HorseRiding_g10_c04,HorseRiding
v_BasketballDunk_g18_c01,BasketballDunk
v_Swing_g21_c03,Swing
v_Archery_g10_c04,Archery
v_BlowingCandles_g19_c04,BlowingCandles
v_FrisbeeCatch_g15_c01,FrisbeeCatch
v_BasketballDunk_g11_c02,BasketballDunk
v_CuttingInKitchen_g18_c02,CuttingInKitchen
v_VolleyballSpiking_g16_c03,VolleyballSpiking
v_PlayingDhol_g14_c02,PlayingDhol
v_CricketShot_g25_c05,CricketShot
v_HorseRiding_g12_c04,HorseRiding
v_FrisbeeCatch_g14_c01,FrisbeeCatch
v_Basketball_g08_c03,Basketball
v_BandMarching_g15_c04,BandMarching
v_HandStandPushups_g22_c03,HandStandPushups
v_Shotput_g24_c03,Shotput
v_Kayaking_g19_c03,Kayaking
v_PoleVault_g17_c07,PoleVault
v_Rafting_g21_c04,Rafting
v_ShavingBeard_g08_c07,ShavingBeard
v_SumoWrestling_g19_c01,SumoWrestling
v_VolleyballSpiking_g18_c01,VolleyballSpiking
v_SoccerPenalty_g16_c01,SoccerPenalty
v_Nunchucks_g14_c04,Nunchucks
v_Swing_g25_c03,Swing
v_BodyWeightSquats_g20_c01,BodyWeightSquats
v_BandMarching_g12_c06,BandMarching
v_PushUps_g21_c02,PushUps
v_Knitting_g23_c02,Knitting
v_Surfing_g18_c03,Surfing
v_BlowingCandles_g11_c04,BlowingCandles
v_HandStandPushups_g11_c05,HandStandPushups
v_WallPushups_g09_c05,WallPushups
v_LongJump_g24_c03,LongJump
v_ShavingBeard_g09_c01,ShavingBeard
v_HammerThrow_g17_c04,HammerThrow
v_StillRings_g12_c03,StillRings
v_RockClimbingIndoor_g20_c05,RockClimbingIndoor
v_PizzaTossing_g18_c04,PizzaTossing
v_SkateBoarding_g12_c06,SkateBoarding
v_JugglingBalls_g08_c02,JugglingBalls
v_Punch_g22_c04,Punch
v_SumoWrestling_g14_c01,SumoWrestling
v_Typing_g11_c04,Typing
v_Surfing_g15_c07,Surfing
v_CleanAndJerk_g14_c02,CleanAndJerk
v_Fencing_g15_c03,Fencing
v_Surfing_g16_c05,Surfing
v_GolfSwing_g25_c02,GolfSwing
v_Surfing_g11_c02,Surfing
v_SkyDiving_g19_c03,SkyDiving
v_Hammering_g09_c04,Hammering
v_CleanAndJerk_g20_c06,CleanAndJerk
v_PlayingFlute_g17_c05,PlayingFlute
v_HorseRace_g13_c05,HorseRace
v_PlayingDaf_g19_c02,PlayingDaf
v_Typing_g09_c05,Typing
v_WalkingWithDog_g19_c04,WalkingWithDog
v_Lunges_g11_c07,Lunges
v_FrisbeeCatch_g24_c03,FrisbeeCatch
v_SkyDiving_g15_c03,SkyDiving
v_YoYo_g23_c05,YoYo
v_PlayingViolin_g12_c01,PlayingViolin
v_Mixing_g25_c04,Mixing
v_BasketballDunk_g13_c02,BasketballDunk
v_BoxingPunchingBag_g23_c03,BoxingPunchingBag
v_StillRings_g14_c04,StillRings
v_TableTennisShot_g14_c04,TableTennisShot
v_Typing_g25_c04,Typing
v_CricketBowling_g25_c06,CricketBowling
v_PizzaTossing_g23_c05,PizzaTossing
v_SkyDiving_g12_c03,SkyDiving
v_HighJump_g11_c04,HighJump
v_WallPushups_g21_c04,WallPushups
v_HandStandPushups_g25_c05,HandStandPushups
v_Mixing_g23_c01,Mixing
v_CricketShot_g25_c04,CricketShot
v_BoxingSpeedBag_g10_c02,BoxingSpeedBag
v_Nunchucks_g21_c02,Nunchucks
v_JugglingBalls_g10_c03,JugglingBalls
v_SoccerJuggling_g17_c06,SoccerJuggling
v_Typing_g09_c02,Typing
v_Nunchucks_g25_c05,Nunchucks
v_HandstandWalking_g20_c01,HandstandWalking
v_HorseRace_g19_c02,HorseRace
v_Diving_g12_c05,Diving
v_HammerThrow_g11_c05,HammerThrow
v_WallPushups_g23_c01,WallPushups
v_Drumming_g15_c01,Drumming
v_SoccerJuggling_g23_c01,SoccerJuggling
v_Shotput_g23_c07,Shotput
v_PlayingGuitar_g17_c06,PlayingGuitar
v_FieldHockeyPenalty_g15_c05,FieldHockeyPenalty
v_Kayaking_g10_c03,Kayaking
v_Hammering_g18_c02,Hammering
v_BodyWeightSquats_g24_c01,BodyWeightSquats
v_UnevenBars_g16_c04,UnevenBars
v_Biking_g16_c04,Biking
v_Nunchucks_g25_c01,Nunchucks
v_Shotput_g23_c01,Shotput
v_RopeClimbing_g10_c01,RopeClimbing
v_CliffDiving_g22_c02,CliffDiving
v_Shotput_g12_c05,Shotput
v_PlayingTabla_g08_c01,PlayingTabla
v_TrampolineJumping_g12_c05,TrampolineJumping
v_Skijet_g18_c04,Skijet
v_Hammering_g11_c01,Hammering
v_PlayingGuitar_g19_c03,PlayingGuitar
v_SalsaSpin_g24_c03,SalsaSpin
v_ApplyLipstick_g22_c05,ApplyLipstick
v_SkateBoarding_g17_c01,SkateBoarding
v_PoleVault_g11_c02,PoleVault
v_Lunges_g10_c05,Lunges
v_Archery_g08_c05,Archery
v_Archery_g16_c05,Archery
v_HorseRiding_g23_c03,HorseRiding
v_PoleVault_g24_c05,PoleVault
v_CliffDiving_g25_c04,CliffDiving
v_HighJump_g15_c01,HighJump
v_WritingOnBoard_g23_c07,WritingOnBoard
v_BenchPress_g08_c02,BenchPress
v_Basketball_g14_c02,Basketball
v_Rafting_g20_c02,Rafting
v_Bowling_g11_c03,Bowling
v_Punch_g11_c05,Punch
v_BlowingCandles_g22_c04,BlowingCandles
v_BandMarching_g18_c06,BandMarching
v_StillRings_g17_c02,StillRings
v_PommelHorse_g14_c02,PommelHorse
v_TrampolineJumping_g19_c01,TrampolineJumping
v_SoccerJuggling_g18_c03,SoccerJuggling
v_FrisbeeCatch_g15_c02,FrisbeeCatch
v_CliffDiving_g23_c01,CliffDiving
v_WallPushups_g25_c04,WallPushups
v_FrisbeeCatch_g08_c03,FrisbeeCatch
v_Nunchucks_g21_c06,Nunchucks
v_ShavingBeard_g13_c01,ShavingBeard
v_VolleyballSpiking_g10_c01,VolleyballSpiking
v_PlayingFlute_g23_c01,PlayingFlute
v_Skiing_g08_c07,Skiing
v_PushUps_g17_c02,PushUps
v_CleanAndJerk_g25_c04,CleanAndJerk
v_PlayingTabla_g09_c02,PlayingTabla
v_HeadMassage_g15_c03,HeadMassage
v_HulaHoop_g17_c01,HulaHoop
v_Skiing_g20_c07,Skiing
v_HeadMassage_g18_c06,HeadMassage
v_ShavingBeard_g18_c02,ShavingBeard
v_PlayingPiano_g13_c03,PlayingPiano
v_BlowingCandles_g23_c04,BlowingCandles
v_Mixing_g12_c06,Mixing
v_PommelHorse_g20_c06,PommelHorse
v_SkateBoarding_g17_c04,SkateBoarding
v_CleanAndJerk_g23_c01,CleanAndJerk
v_JumpingJack_g12_c02,JumpingJack
v_MoppingFloor_g10_c01,MoppingFloor
v_CliffDiving_g19_c02,CliffDiving
v_Haircut_g17_c04,Haircut
v_Shotput_g23_c02,Shotput
v_FrisbeeCatch_g20_c06,FrisbeeCatch
v_SumoWrestling_g09_c02,SumoWrestling
v_CliffDiving_g10_c02,CliffDiving
v_Biking_g22_c02,Biking
v_Nunchucks_g17_c07,Nunchucks
v_SoccerJuggling_g21_c01,SoccerJuggling
v_Biking_g16_c03,Biking
v_PlayingSitar_g14_c01,PlayingSitar
v_PlayingSitar_g11_c07,PlayingSitar
v_HeadMassage_g20_c05,HeadMassage
v_StillRings_g15_c03,StillRings
v_PullUps_g17_c02,PullUps
v_PlayingSitar_g25_c01,PlayingSitar
v_HammerThrow_g15_c04,HammerThrow
v_BlowingCandles_g20_c02,BlowingCandles
v_CliffDiving_g17_c02,CliffDiving
v_Swing_g13_c01,Swing
v_LongJump_g16_c03,LongJump
v_Shotput_g16_c01,Shotput
v_HandstandWalking_g09_c01,HandstandWalking
v_BoxingSpeedBag_g20_c05,BoxingSpeedBag
v_HammerThrow_g25_c02,HammerThrow
v_Skiing_g21_c02,Skiing
v_WallPushups_g16_c01,WallPushups
v_PlayingSitar_g14_c06,PlayingSitar
v_TrampolineJumping_g11_c02,TrampolineJumping
v_FrisbeeCatch_g14_c02,FrisbeeCatch
v_SkyDiving_g11_c02,SkyDiving
v_UnevenBars_g13_c01,UnevenBars
v_HorseRiding_g10_c06,HorseRiding
v_SoccerPenalty_g10_c05,SoccerPenalty
v_Mixing_g18_c03,Mixing
v_IceDancing_g21_c04,IceDancing
v_BenchPress_g13_c05,BenchPress
v_StillRings_g17_c03,StillRings
v_BlowingCandles_g11_c03,BlowingCandles
v_CleanAndJerk_g15_c02,CleanAndJerk
v_ShavingBeard_g23_c05,ShavingBeard
v_CricketShot_g15_c01,CricketShot
v_RopeClimbing_g14_c03,RopeClimbing
v_Lunges_g25_c04,Lunges
v_HulaHoop_g16_c02,HulaHoop
v_CuttingInKitchen_g18_c01,CuttingInKitchen
v_BenchPress_g21_c01,BenchPress
v_Skiing_g14_c03,Skiing
v_LongJump_g13_c03,LongJump
v_JugglingBalls_g25_c02,JugglingBalls
v_Diving_g10_c03,Diving
v_PullUps_g14_c02,PullUps
v_PlayingSitar_g23_c06,PlayingSitar
v_Punch_g16_c06,Punch
v_BrushingTeeth_g22_c04,BrushingTeeth
v_SoccerPenalty_g12_c06,SoccerPenalty
v_Rowing_g23_c02,Rowing
v_TennisSwing_g21_c01,TennisSwing
v_Lunges_g20_c01,Lunges
v_PlayingDhol_g23_c06,PlayingDhol
v_Diving_g23_c01,Diving
v_JumpRope_g12_c03,JumpRope
v_JavelinThrow_g09_c01,JavelinThrow
v_TableTennisShot_g17_c01,TableTennisShot
v_PlayingGuitar_g14_c03,PlayingGuitar
v_YoYo_g08_c05,YoYo
v_SoccerPenalty_g19_c01,SoccerPenalty
v_Kayaking_g16_c06,Kayaking
v_BrushingTeeth_g21_c02,BrushingTeeth
v_HandStandPushups_g13_c06,HandStandPushups
v_LongJump_g16_c05,LongJump
v_FrontCrawl_g22_c06,FrontCrawl
v_BenchPress_g08_c05,BenchPress
v_JumpingJack_g11_c03,JumpingJack
v_Archery_g16_c04,Archery
v_Biking_g21_c05,Biking
v_PizzaTossing_g23_c01,PizzaTossing
v_CricketShot_g17_c05,CricketShot
v_Lunges_g12_c04,Lunges
v_SkateBoarding_g18_c04,SkateBoarding
v_PizzaTossing_g24_c05,PizzaTossing
v_PoleVault_g20_c06,PoleVault
v_ParallelBars_g21_c04,ParallelBars
v_FrisbeeCatch_g09_c01,FrisbeeCatch
v_Fencing_g12_c04,Fencing
v_TableTennisShot_g17_c02,TableTennisShot
v_SalsaSpin_g22_c03,SalsaSpin
v_YoYo_g21_c01,YoYo
v_Bowling_g20_c04,Bowling
v_Punch_g13_c04,Punch
v_FrontCrawl_g11_c05,FrontCrawl
v_FrisbeeCatch_g10_c05,FrisbeeCatch
v_BoxingSpeedBag_g25_c07,BoxingSpeedBag
v_Diving_g11_c05,Diving
v_Rowing_g12_c03,Rowing
v_Skiing_g08_c06,Skiing
v_JumpRope_g19_c04,JumpRope
v_Surfing_g08_c06,Surfing
v_PommelHorse_g18_c02,PommelHorse
v_SoccerPenalty_g24_c06,SoccerPenalty
v_Typing_g10_c01,Typing
v_PoleVault_g23_c07,PoleVault
v_Lunges_g12_c05,Lunges
v_IceDancing_g15_c04,IceDancing
v_IceDancing_g13_c04,IceDancing
v_ApplyLipstick_g11_c01,ApplyLipstick
v_LongJump_g16_c01,LongJump
v_RockClimbingIndoor_g23_c05,RockClimbingIndoor
v_HighJump_g22_c02,HighJump
v_WalkingWithDog_g10_c04,WalkingWithDog
v_Fencing_g13_c01,Fencing
v_BenchPress_g15_c01,BenchPress
v_PlayingGuitar_g15_c05,PlayingGuitar
v_CliffDiving_g25_c03,CliffDiving
v_PushUps_g09_c03,PushUps
v_CliffDiving_g18_c06,CliffDiving
v_Rowing_g23_c01,Rowing
v_Drumming_g08_c04,Drumming
v_StillRings_g08_c02,StillRings
v_TableTennisShot_g08_c04,TableTennisShot
v_HulaHoop_g13_c01,HulaHoop
v_Kayaking_g23_c01,Kayaking
v_Skiing_g24_c06,Skiing
v_Rowing_g19_c02,Rowing
v_Drumming_g10_c06,Drumming
v_SalsaSpin_g21_c05,SalsaSpin
v_Skiing_g12_c01,Skiing
v_Rowing_g09_c06,Rowing
v_JumpRope_g21_c06,JumpRope
v_HulaHoop_g25_c05,HulaHoop
v_SalsaSpin_g25_c04,SalsaSpin
v_Punch_g08_c02,Punch
v_CricketShot_g12_c01,CricketShot
v_BrushingTeeth_g15_c02,BrushingTeeth
v_PushUps_g18_c01,PushUps
v_HandStandPushups_g19_c01,HandStandPushups
v_Surfing_g16_c04,Surfing
v_PlayingViolin_g12_c02,PlayingViolin
v_BandMarching_g14_c04,BandMarching
v_Bowling_g10_c04,Bowling
v_PlayingSitar_g18_c05,PlayingSitar
v_Knitting_g12_c04,Knitting
v_CricketBowling_g13_c02,CricketBowling
v_RockClimbingIndoor_g11_c03,RockClimbingIndoor
v_Kayaking_g09_c05,Kayaking
v_MoppingFloor_g25_c04,MoppingFloor
v_PlayingDaf_g18_c03,PlayingDaf
v_ThrowDiscus_g22_c04,ThrowDiscus
v_TaiChi_g11_c01,TaiChi
v_SoccerJuggling_g21_c02,SoccerJuggling
v_Surfing_g23_c01,Surfing
v_BoxingSpeedBag_g09_c05,BoxingSpeedBag
v_HandStandPushups_g22_c04,HandStandPushups
v_Rafting_g09_c02,Rafting
v_HorseRace_g17_c01,HorseRace
v_PlayingFlute_g17_c01,PlayingFlute
v_BreastStroke_g16_c02,BreastStroke
v_Shotput_g25_c04,Shotput
v_Bowling_g12_c03,Bowling
v_BoxingSpeedBag_g11_c04,BoxingSpeedBag
v_ApplyLipstick_g13_c03,ApplyLipstick
v_BoxingSpeedBag_g08_c05,BoxingSpeedBag
v_CricketBowling_g08_c03,CricketBowling
v_Nunchucks_g18_c01,Nunchucks
v_JumpingJack_g09_c01,JumpingJack
v_Rowing_g17_c07,Rowing
v_Shotput_g19_c04,Shotput
v_BoxingPunchingBag_g12_c05,BoxingPunchingBag
v_Bowling_g18_c02,Bowling
v_HandStandPushups_g10_c03,HandStandPushups
v_BasketballDunk_g14_c02,BasketballDunk
v_Bowling_g10_c05,Bowling
v_Mixing_g13_c03,Mixing
v_SkyDiving_g10_c03,SkyDiving
v_Nunchucks_g18_c06,Nunchucks
v_BrushingTeeth_g17_c04,BrushingTeeth
v_RockClimbingIndoor_g09_c02,RockClimbingIndoor
v_BlowDryHair_g12_c01,BlowDryHair
v_FieldHockeyPenalty_g13_c04,FieldHockeyPenalty
v_LongJump_g12_c06,LongJump
v_FieldHockeyPenalty_g25_c01,FieldHockeyPenalty
v_HeadMassage_g10_c01,HeadMassage
v_PlayingCello_g22_c04,PlayingCello
v_ApplyLipstick_g18_c04,ApplyLipstick
v_BenchPress_g25_c06,BenchPress
v_ShavingBeard_g10_c03,ShavingBeard
v_FrontCrawl_g18_c05,FrontCrawl
v_Bowling_g21_c02,Bowling
v_HorseRiding_g24_c04,HorseRiding
v_WallPushups_g12_c03,WallPushups
v_PlayingPiano_g24_c03,PlayingPiano
v_TrampolineJumping_g25_c02,TrampolineJumping
v_WritingOnBoard_g11_c01,WritingOnBoard
v_BabyCrawling_g25_c06,BabyCrawling
v_TableTennisShot_g24_c03,TableTennisShot
v_Surfing_g18_c02,Surfing
v_Biking_g18_c02,Biking
v_PommelHorse_g22_c01,PommelHorse
v_PommelHorse_g09_c02,PommelHorse
v_TennisSwing_g22_c04,TennisSwing
v_Punch_g18_c03,Punch
v_HammerThrow_g14_c02,HammerThrow
v_HeadMassage_g14_c04,HeadMassage
v_HorseRiding_g08_c06,HorseRiding
v_ApplyLipstick_g10_c01,ApplyLipstick
v_Shotput_g22_c01,Shotput
v_Punch_g12_c02,Punch
v_SkyDiving_g18_c02,SkyDiving
v_Skiing_g15_c04,Skiing
v_Bowling_g22_c02,Bowling
v_HorseRiding_g10_c02,HorseRiding
v_Punch_g18_c06,Punch
v_Knitting_g10_c05,Knitting
v_PlayingPiano_g23_c01,PlayingPiano
v_Diving_g16_c05,Diving
v_WritingOnBoard_g22_c05,WritingOnBoard
v_Fencing_g22_c01,Fencing
v_Knitting_g15_c06,Knitting
v_BrushingTeeth_g23_c02,BrushingTeeth
v_BodyWeightSquats_g23_c03,BodyWeightSquats
v_Mixing_g10_c05,Mixing
v_BenchPress_g14_c05,BenchPress
v_PlayingGuitar_g08_c05,PlayingGuitar
v_BreastStroke_g17_c03,BreastStroke
v_HammerThrow_g13_c06,HammerThrow
v_Basketball_g08_c01,Basketball
v_SoccerPenalty_g13_c05,SoccerPenalty
v_Rafting_g16_c07,Rafting
v_HorseRiding_g18_c02,HorseRiding
v_TableTennisShot_g12_c04,TableTennisShot
v_Biking_g08_c04,Biking
v_BoxingPunchingBag_g10_c01,BoxingPunchingBag
v_UnevenBars_g14_c04,UnevenBars
v_LongJump_g13_c02,LongJump
v_WalkingWithDog_g20_c03,WalkingWithDog
v_Mixing_g11_c04,Mixing
v_Typing_g09_c07,Typing
v_ThrowDiscus_g20_c02,ThrowDiscus
v_SkateBoarding_g18_c06,SkateBoarding
v_Shotput_g15_c02,Shotput
v_PushUps_g12_c03,PushUps
v_PlayingViolin_g08_c04,PlayingViolin
v_JugglingBalls_g12_c04,JugglingBalls
v_PlayingCello_g25_c02,PlayingCello
v_MoppingFloor_g17_c06,MoppingFloor
v_ApplyEyeMakeup_g23_c05,ApplyEyeMakeup
v_GolfSwing_g11_c07,GolfSwing
v_PlayingFlute_g10_c06,PlayingFlute
v_FrontCrawl_g23_c06,FrontCrawl
v_Punch_g19_c06,Punch
v_ShavingBeard_g20_c06,ShavingBeard
v_HighJump_g23_c03,HighJump
v_TennisSwing_g25_c06,TennisSwing
v_Diving_g17_c01,Diving
v_SoccerPenalty_g11_c02,SoccerPenalty
v_SoccerJuggling_g16_c01,SoccerJuggling
v_Swing_g13_c04,Swing
v_WalkingWithDog_g25_c01,WalkingWithDog
v_FrontCrawl_g13_c04,FrontCrawl
v_SalsaSpin_g25_c02,SalsaSpin
v_WalkingWithDog_g20_c02,WalkingWithDog
v_HeadMassage_g18_c07,HeadMassage
v_TrampolineJumping_g10_c03,TrampolineJumping
v_PizzaTossing_g15_c03,PizzaTossing
v_RopeClimbing_g12_c04,RopeClimbing
v_SoccerJuggling_g20_c01,SoccerJuggling
v_PlayingFlute_g12_c04,PlayingFlute
v_BoxingSpeedBag_g25_c03,BoxingSpeedBag
v_HandStandPushups_g16_c03,HandStandPushups
v_Haircut_g08_c02,Haircut
v_CuttingInKitchen_g23_c01,CuttingInKitchen
v_Haircut_g10_c05,Haircut
v_SumoWrestling_g16_c01,SumoWrestling
v_BasketballDunk_g15_c02,BasketballDunk
v_Billiards_g13_c07,Billiards
v_PizzaTossing_g10_c02,PizzaTossing
v_Kayaking_g16_c02,Kayaking
v_Drumming_g16_c05,Drumming
v_ApplyLipstick_g11_c04,ApplyLipstick
v_Swing_g22_c04,Swing
v_CleanAndJerk_g21_c03,CleanAndJerk
v_PlayingCello_g15_c03,PlayingCello
v_BaseballPitch_g15_c04,BaseballPitch
v_YoYo_g19_c04,YoYo
v_SkyDiving_g10_c01,SkyDiving
v_WallPushups_g24_c03,WallPushups
v_BaseballPitch_g23_c03,BaseballPitch
v_Punch_g23_c05,Punch
v_PlayingGuitar_g14_c05,PlayingGuitar
v_Swing_g18_c02,Swing
v_BrushingTeeth_g24_c05,BrushingTeeth
v_ParallelBars_g08_c01,ParallelBars
v_Swing_g10_c01,Swing
v_PullUps_g17_c01,PullUps
v_Surfing_g10_c05,Surfing
v_JavelinThrow_g21_c04,JavelinThrow
v_BreastStroke_g25_c02,BreastStroke
v_CuttingInKitchen_g23_c04,CuttingInKitchen
v_HighJump_g20_c04,HighJump
v_Diving_g18_c01,Diving
v_VolleyballSpiking_g13_c04,VolleyballSpiking
v_Swing_g10_c04,Swing
v_PlayingDaf_g20_c04,PlayingDaf
v_TennisSwing_g17_c02,TennisSwing
v_Punch_g10_c06,Punch
v_SoccerJuggling_g25_c03,SoccerJuggling
v_BandMarching_g09_c06,BandMarching
v_PommelHorse_g08_c02,PommelHorse
v_Archery_g11_c04,Archery
v_YoYo_g16_c04,YoYo
v_FrisbeeCatch_g10_c04,FrisbeeCatch
v_MoppingFloor_g21_c02,MoppingFloor
v_MilitaryParade_g08_c04,MilitaryParade
v_PlayingCello_g12_c02,PlayingCello
v_HammerThrow_g12_c01,HammerThrow
v_HandStandPushups_g25_c01,HandStandPushups
v_SumoWrestling_g18_c02,SumoWrestling
v_Skiing_g09_c01,Skiing
v_BoxingPunchingBag_g25_c07,BoxingPunchingBag
v_BandMarching_g21_c03,BandMarching
v_ThrowDiscus_g09_c05,ThrowDiscus
v_Archery_g24_c01,Archery
v_Drumming_g19_c03,Drumming
v_TableTennisShot_g22_c01,TableTennisShot
v_BrushingTeeth_g09_c02,BrushingTeeth
v_Skijet_g10_c03,Skijet
v_SalsaSpin_g17_c01,SalsaSpin
v_BandMarching_g15_c06,BandMarching
v_HighJump_g24_c01,HighJump
v_Archery_g09_c04,Archery
v_PlayingGuitar_g19_c07,PlayingGuitar
v_Knitting_g16_c01,Knitting
v_Punch_g14_c02,Punch
v_VolleyballSpiking_g22_c04,VolleyballSpiking
v_ApplyEyeMakeup_g11_c03,ApplyEyeMakeup
v_Nunchucks_g12_c01,Nunchucks
v_Archery_g08_c02,Archery
v_PommelHorse_g20_c04,PommelHorse
v_PizzaTossing_g09_c02,PizzaTossing
v_TennisSwing_g17_c04,TennisSwing
v_BlowDryHair_g17_c02,BlowDryHair
v_Biking_g10_c05,Biking
v_ShavingBeard_g19_c03,ShavingBeard
v_Archery_g20_c07,Archery
v_PlayingDaf_g15_c04,PlayingDaf
v_SkateBoarding_g20_c03,SkateBoarding
v_SoccerJuggling_g08_c01,SoccerJuggling
v_ShavingBeard_g08_c05,ShavingBeard
v_SalsaSpin_g10_c02,SalsaSpin
v_HeadMassage_g22_c01,HeadMassage
v_SoccerJuggling_g24_c04,SoccerJuggling
v_Surfing_g08_c03,Surfing
v_BodyWeightSquats_g08_c01,BodyWeightSquats
v_Skijet_g24_c03,Skijet
v_VolleyballSpiking_g12_c02,VolleyballSpiking
v_BoxingPunchingBag_g16_c05,BoxingPunchingBag
v_Knitting_g14_c02,Knitting
v_Nunchucks_g13_c04,Nunchucks
v_RockClimbingIndoor_g25_c04,RockClimbingIndoor
v_WallPushups_g21_c05,WallPushups
v_Archery_g13_c02,Archery
v_TrampolineJumping_g08_c02,TrampolineJumping
v_PlayingGuitar_g25_c02,PlayingGuitar
v_FieldHockeyPenalty_g22_c01,FieldHockeyPenalty
v_FrisbeeCatch_g23_c02,FrisbeeCatch
v_ParallelBars_g18_c03,ParallelBars
v_PlayingFlute_g25_c01,PlayingFlute
v_Diving_g12_c01,Diving
v_PlayingDaf_g08_c06,PlayingDaf
v_VolleyballSpiking_g11_c02,VolleyballSpiking
v_PlayingTabla_g15_c01,PlayingTabla
v_Haircut_g15_c01,Haircut
v_BasketballDunk_g24_c01,BasketballDunk
v_PlayingDaf_g18_c06,PlayingDaf
v_UnevenBars_g11_c02,UnevenBars
v_Basketball_g22_c06,Basketball
v_Diving_g16_c01,Diving
v_VolleyballSpiking_g24_c03,VolleyballSpiking
v_HammerThrow_g22_c05,HammerThrow
v_BalanceBeam_g14_c03,BalanceBeam
v_BaseballPitch_g10_c01,BaseballPitch
v_BabyCrawling_g11_c03,BabyCrawling
v_HandstandWalking_g18_c03,HandstandWalking
v_CleanAndJerk_g20_c05,CleanAndJerk
v_WalkingWithDog_g11_c03,WalkingWithDog
v_PlayingSitar_g12_c01,PlayingSitar
v_MoppingFloor_g19_c02,MoppingFloor
v_PoleVault_g09_c04,PoleVault
v_PlayingDhol_g13_c03,PlayingDhol
v_PlayingViolin_g18_c04,PlayingViolin
v_BasketballDunk_g13_c03,BasketballDunk
v_MilitaryParade_g09_c03,MilitaryParade
v_ParallelBars_g21_c03,ParallelBars
v_Nunchucks_g25_c02,Nunchucks
v_PlayingGuitar_g14_c01,PlayingGuitar
v_BlowDryHair_g23_c06,BlowDryHair
v_TableTennisShot_g22_c05,TableTennisShot
v_WalkingWithDog_g20_c07,WalkingWithDog
v_JumpRope_g18_c03,JumpRope
v_PlayingPiano_g10_c01,PlayingPiano
v_MoppingFloor_g10_c04,MoppingFloor
v_VolleyballSpiking_g19_c02,VolleyballSpiking
v_GolfSwing_g20_c02,GolfSwing
v_HulaHoop_g12_c05,HulaHoop
v_RopeClimbing_g19_c01,RopeClimbing
v_Kayaking_g08_c01,Kayaking
v_WallPushups_g11_c03,WallPushups
v_Shotput_g09_c05,Shotput
v_Basketball_g10_c03,Basketball
v_Typing_g21_c02,Typing
v_PlayingViolin_g16_c01,PlayingViolin
v_PlayingDaf_g18_c01,PlayingDaf
v_StillRings_g16_c03,StillRings
v_PlayingDhol_g08_c06,PlayingDhol
v_Drumming_g14_c03,Drumming
v_SoccerJuggling_g14_c02,SoccerJuggling
v_PizzaTossing_g21_c02,PizzaTossing
v_HeadMassage_g18_c03,HeadMassage
v_JugglingBalls_g10_c02,JugglingBalls
v_Rowing_g15_c07,Rowing
v_LongJump_g15_c04,LongJump
v_PoleVault_g20_c04,PoleVault
v_PlayingDhol_g19_c03,PlayingDhol
v_BlowDryHair_g11_c04,BlowDryHair
v_FloorGymnastics_g18_c06,FloorGymnastics
v_PlayingFlute_g16_c02,PlayingFlute
v_PlayingDaf_g22_c06,PlayingDaf
v_SumoWrestling_g08_c04,SumoWrestling
v_BandMarching_g18_c04,BandMarching
v_BrushingTeeth_g25_c07,BrushingTeeth
v_PommelHorse_g20_c07,PommelHorse
v_Hammering_g20_c02,Hammering
v_BaseballPitch_g25_c01,BaseballPitch
v_TaiChi_g12_c02,TaiChi
v_WalkingWithDog_g14_c01,WalkingWithDog
v_SkyDiving_g24_c01,SkyDiving
v_FrontCrawl_g21_c01,FrontCrawl
v_UnevenBars_g22_c03,UnevenBars
v_FloorGymnastics_g21_c02,FloorGymnastics
v_PullUps_g18_c04,PullUps
v_Rafting_g25_c02,Rafting
v_TaiChi_g08_c01,TaiChi
v_ThrowDiscus_g21_c04,ThrowDiscus
v_PlayingTabla_g20_c01,PlayingTabla
v_Skijet_g25_c02,Skijet
v_SkateBoarding_g09_c02,SkateBoarding
v_Skijet_g15_c02,Skijet
v_MoppingFloor_g17_c03,MoppingFloor
v_Hammering_g22_c07,Hammering
v_JumpingJack_g22_c03,JumpingJack
v_CleanAndJerk_g13_c02,CleanAndJerk
v_MilitaryParade_g08_c01,MilitaryParade
v_HandStandPushups_g18_c02,HandStandPushups
v_Lunges_g17_c03,Lunges
v_BodyWeightSquats_g13_c02,BodyWeightSquats
v_HandstandWalking_g18_c06,HandstandWalking
v_TaiChi_g24_c04,TaiChi
v_CuttingInKitchen_g17_c03,CuttingInKitchen
v_SoccerPenalty_g19_c02,SoccerPenalty
v_PommelHorse_g25_c01,PommelHorse
v_Drumming_g15_c03,Drumming
v_SumoWrestling_g09_c01,SumoWrestling
v_PlayingViolin_g23_c02,PlayingViolin
v_PlayingSitar_g08_c07,PlayingSitar
v_Mixing_g14_c04,Mixing
v_Archery_g22_c01,Archery
v_WalkingWithDog_g10_c02,WalkingWithDog
v_ApplyEyeMakeup_g18_c02,ApplyEyeMakeup
v_IceDancing_g22_c01,IceDancing
v_PlayingSitar_g09_c05,PlayingSitar
v_Typing_g15_c04,Typing
v_BoxingPunchingBag_g18_c06,BoxingPunchingBag
v_Basketball_g25_c02,Basketball
v_Mixing_g14_c07,Mixing
v_FieldHockeyPenalty_g13_c02,FieldHockeyPenalty
v_SalsaSpin_g21_c03,SalsaSpin
v_BodyWeightSquats_g21_c04,BodyWeightSquats
v_Fencing_g19_c02,Fencing
v_PlayingCello_g11_c04,PlayingCello
v_PlayingSitar_g15_c01,PlayingSitar
v_BoxingPunchingBag_g16_c02,BoxingPunchingBag
v_BoxingSpeedBag_g12_c01,BoxingSpeedBag
v_ShavingBeard_g12_c04,ShavingBeard
v_WalkingWithDog_g12_c05,WalkingWithDog
v_BasketballDunk_g11_c03,BasketballDunk
v_Haircut_g22_c02,Haircut
v_FieldHockeyPenalty_g20_c04,FieldHockeyPenalty
v_ShavingBeard_g08_c03,ShavingBeard
v_PoleVault_g11_c03,PoleVault
v_YoYo_g08_c04,YoYo
v_Punch_g15_c06,Punch
v_HammerThrow_g22_c02,HammerThrow
v_UnevenBars_g15_c07,UnevenBars
v_ApplyEyeMakeup_g21_c03,ApplyEyeMakeup
v_Shotput_g13_c02,Shotput
v_SalsaSpin_g12_c03,SalsaSpin
v_FieldHockeyPenalty_g18_c03,FieldHockeyPenalty
v_BaseballPitch_g20_c01,BaseballPitch
v_MoppingFloor_g16_c03,MoppingFloor
v_SoccerPenalty_g16_c02,SoccerPenalty
v_TableTennisShot_g16_c05,TableTennisShot
v_BenchPress_g09_c02,BenchPress
v_CuttingInKitchen_g08_c01,CuttingInKitchen
v_HandStandPushups_g13_c07,HandStandPushups
v_Haircut_g14_c03,Haircut
v_BandMarching_g19_c06,BandMarching
v_Shotput_g13_c04,Shotput
v_Fencing_g12_c03,Fencing
v_TableTennisShot_g14_c05,TableTennisShot
v_TennisSwing_g22_c02,TennisSwing
v_BalanceBeam_g15_c01,BalanceBeam
v_HandstandWalking_g22_c03,HandstandWalking
v_PlayingCello_g15_c02,PlayingCello
v_ParallelBars_g21_c02,ParallelBars
v_CuttingInKitchen_g24_c03,CuttingInKitchen
v_Rafting_g08_c04,Rafting
v_IceDancing_g13_c03,IceDancing
v_BabyCrawling_g13_c01,BabyCrawling
v_JumpingJack_g13_c05,JumpingJack
v_BasketballDunk_g08_c05,BasketballDunk
v_Knitting_g24_c01,Knitting
v_Drumming_g21_c05,Drumming
v_UnevenBars_g08_c03,UnevenBars
v_SoccerJuggling_g14_c05,SoccerJuggling
v_Swing_g16_c01,Swing
v_PlayingGuitar_g11_c06,PlayingGuitar
v_HandstandWalking_g13_c01,HandstandWalking
v_JumpRope_g15_c01,JumpRope
v_Mixing_g16_c01,Mixing
v_Kayaking_g25_c03,Kayaking
v_PlayingSitar_g11_c03,PlayingSitar
v_BandMarching_g16_c01,BandMarching
v_Mixing_g14_c02,Mixing
v_Haircut_g11_c03,Haircut
v_Swing_g25_c04,Swing
v_Hammering_g16_c01,Hammering
v_SoccerPenalty_g21_c01,SoccerPenalty
v_SalsaSpin_g13_c02,SalsaSpin
v_StillRings_g24_c01,StillRings
v_TrampolineJumping_g12_c04,TrampolineJumping
v_HammerThrow_g12_c02,HammerThrow
v_BodyWeightSquats_g12_c01,BodyWeightSquats
v_Punch_g14_c03,Punch
v_PlayingGuitar_g23_c06,PlayingGuitar
v_BandMarching_g25_c05,BandMarching
v_Bowling_g14_c03,Bowling
v_Fencing_g11_c04,Fencing
v_HulaHoop_g15_c01,HulaHoop
v_Punch_g10_c03,Punch
v_Lunges_g22_c01,Lunges
v_TaiChi_g09_c03,TaiChi
v_Bowling_g11_c01,Bowling
v_Rafting_g15_c02,Rafting
v_ThrowDiscus_g11_c05,ThrowDiscus
v_FrontCrawl_g24_c06,FrontCrawl
v_LongJump_g08_c06,LongJump
v_Rowing_g11_c04,Rowing
v_MoppingFloor_g14_c04,MoppingFloor
v_BasketballDunk_g14_c01,BasketballDunk
v_BrushingTeeth_g24_c04,BrushingTeeth
v_CliffDiving_g10_c01,CliffDiving
v_ApplyLipstick_g24_c01,ApplyLipstick
v_MilitaryParade_g22_c03,MilitaryParade
v_SalsaSpin_g19_c02,SalsaSpin
v_HighJump_g17_c02,HighJump
v_Hammering_g19_c04,Hammering
v_Mixing_g20_c02,Mixing
v_LongJump_g19_c06,LongJump
v_PlayingDaf_g08_c02,PlayingDaf
v_Basketball_g21_c04,Basketball
v_JavelinThrow_g17_c05,JavelinThrow
v_RopeClimbing_g14_c04,RopeClimbing
v_Haircut_g22_c06,Haircut
v_BrushingTeeth_g18_c06,BrushingTeeth
v_FieldHockeyPenalty_g14_c02,FieldHockeyPenalty
v_PlayingSitar_g25_c02,PlayingSitar
v_ParallelBars_g20_c03,ParallelBars
v_Diving_g14_c01,Diving
v_UnevenBars_g19_c03,UnevenBars
v_BlowDryHair_g20_c02,BlowDryHair
v_Swing_g09_c02,Swing
v_StillRings_g14_c02,StillRings
v_HammerThrow_g11_c06,HammerThrow
v_Knitting_g23_c01,Knitting
v_CricketBowling_g12_c04,CricketBowling
v_PlayingDhol_g08_c02,PlayingDhol
v_PoleVault_g10_c07,PoleVault
v_CleanAndJerk_g21_c04,CleanAndJerk
v_Billiards_g17_c03,Billiards
v_VolleyballSpiking_g09_c04,VolleyballSpiking
v_Typing_g25_c01,Typing
v_Biking_g13_c05,Biking
v_FrontCrawl_g18_c04,FrontCrawl
v_HorseRiding_g11_c03,HorseRiding
v_PoleVault_g13_c03,PoleVault
v_Haircut_g20_c07,Haircut
v_BodyWeightSquats_g15_c03,BodyWeightSquats
v_Punch_g13_c01,Punch
v_PizzaTossing_g19_c05,PizzaTossing
v_GolfSwing_g09_c02,GolfSwing
v_HulaHoop_g15_c05,HulaHoop
v_Biking_g20_c07,Biking
v_LongJump_g22_c02,LongJump
v_StillRings_g25_c07,StillRings
v_PommelHorse_g10_c03,PommelHorse
v_ThrowDiscus_g24_c02,ThrowDiscus
v_CuttingInKitchen_g22_c03,CuttingInKitchen
v_PlayingFlute_g12_c01,PlayingFlute
v_SalsaSpin_g11_c05,SalsaSpin
v_PoleVault_g18_c07,PoleVault
v_Skiing_g16_c01,Skiing
v_PlayingDaf_g19_c01,PlayingDaf
v_HorseRiding_g15_c01,HorseRiding
v_HighJump_g22_c04,HighJump
v_BoxingSpeedBag_g13_c02,BoxingSpeedBag
v_YoYo_g09_c06,YoYo
v_SoccerJuggling_g22_c05,SoccerJuggling
v_PlayingCello_g14_c01,PlayingCello
v_JumpingJack_g19_c06,JumpingJack
v_PoleVault_g14_c05,PoleVault
v_SoccerJuggling_g12_c02,SoccerJuggling
v_IceDancing_g23_c05,IceDancing
v_Rafting_g12_c03,Rafting
v_HammerThrow_g19_c03,HammerThrow
v_JumpRope_g09_c02,JumpRope
v_Rafting_g13_c04,Rafting
v_Billiards_g21_c06,Billiards
v_Skiing_g17_c04,Skiing
v_PlayingDhol_g23_c04,PlayingDhol
v_Shotput_g21_c02,Shotput
v_JumpingJack_g14_c02,JumpingJack
v_CuttingInKitchen_g24_c04,CuttingInKitchen
v_PoleVault_g25_c05,PoleVault
v_BlowingCandles_g08_c04,BlowingCandles
v_BandMarching_g25_c03,BandMarching
v_RockClimbingIndoor_g08_c05,RockClimbingIndoor
v_Haircut_g14_c02,Haircut
v_PlayingTabla_g13_c02,PlayingTabla
v_HorseRace_g11_c01,HorseRace
v_Hammering_g12_c03,Hammering
v_Knitting_g09_c04,Knitting
v_JavelinThrow_g10_c04,JavelinThrow
v_TrampolineJumping_g15_c01,TrampolineJumping
v_Skiing_g16_c04,Skiing
v_Archery_g10_c03,Archery
v_PlayingDhol_g09_c01,PlayingDhol
v_FloorGymnastics_g10_c02,FloorGymnastics
v_Skijet_g22_c02,Skijet
v_WritingOnBoard_g18_c07,WritingOnBoard
v_JumpingJack_g16_c04,JumpingJack
v_Swing_g22_c05,Swing
v_WallPushups_g17_c03,WallPushups
v_ApplyLipstick_g12_c05,ApplyLipstick
v_Typing_g08_c05,Typing
v_Kayaking_g17_c04,Kayaking
v_CliffDiving_g15_c04,CliffDiving
v_Diving_g21_c04,Diving
v_PommelHorse_g24_c04,PommelHorse
v_TrampolineJumping_g19_c04,TrampolineJumping
v_BenchPress_g09_c04,BenchPress
v_PommelHorse_g13_c05,PommelHorse
v_PlayingDaf_g23_c01,PlayingDaf
v_Rafting_g11_c02,Rafting
v_TableTennisShot_g20_c01,TableTennisShot
v_Kayaking_g22_c06,Kayaking
v_MilitaryParade_g25_c04,MilitaryParade
v_Archery_g22_c05,Archery
v_CleanAndJerk_g17_c04,CleanAndJerk
v_Archery_g20_c06,Archery
v_CricketBowling_g10_c04,CricketBowling
v_RopeClimbing_g20_c02,RopeClimbing
v_Diving_g23_c03,Diving
v_PushUps_g25_c04,PushUps
v_PlayingGuitar_g16_c05,PlayingGuitar
v_YoYo_g21_c05,YoYo
v_Skiing_g20_c03,Skiing
v_HandstandWalking_g17_c01,HandstandWalking
v_Rowing_g20_c02,Rowing
v_Basketball_g12_c02,Basketball
v_PushUps_g20_c01,PushUps
v_HandStandPushups_g17_c03,HandStandPushups
v_JugglingBalls_g10_c01,JugglingBalls
v_PlayingCello_g21_c05,PlayingCello
v_PlayingSitar_g24_c07,PlayingSitar
v_Knitting_g13_c05,Knitting
v_Basketball_g15_c01,Basketball
v_BoxingSpeedBag_g14_c03,BoxingSpeedBag
v_YoYo_g12_c03,YoYo
v_Archery_g23_c02,Archery
v_Hammering_g14_c01,Hammering
v_Swing_g22_c02,Swing
v_BenchPress_g19_c02,BenchPress
v_StillRings_g14_c01,StillRings
v_Punch_g24_c03,Punch
v_WallPushups_g21_c02,WallPushups
v_PlayingViolin_g24_c03,PlayingViolin
v_ShavingBeard_g21_c01,ShavingBeard
v_SumoWrestling_g15_c01,SumoWrestling
v_BoxingPunchingBag_g22_c03,BoxingPunchingBag
v_Knitting_g20_c01,Knitting
v_HammerThrow_g11_c03,HammerThrow
v_HighJump_g11_c07,HighJump
v_HighJump_g19_c05,HighJump
v_BoxingSpeedBag_g15_c05,BoxingSpeedBag
v_Archery_g12_c01,Archery
v_JumpRope_g12_c04,JumpRope
v_PlayingTabla_g21_c01,PlayingTabla
v_CleanAndJerk_g15_c01,CleanAndJerk
v_StillRings_g19_c02,StillRings
v_HandStandPushups_g25_c04,HandStandPushups
v_BaseballPitch_g08_c04,BaseballPitch
v_Biking_g22_c01,Biking
v_UnevenBars_g15_c04,UnevenBars
v_FieldHockeyPenalty_g16_c04,FieldHockeyPenalty
v_Rafting_g22_c03,Rafting
v_Basketball_g16_c01,Basketball
v_Knitting_g19_c02,Knitting
v_RockClimbingIndoor_g18_c02,RockClimbingIndoor
v_Archery_g10_c02,Archery
v_WritingOnBoard_g12_c03,WritingOnBoard
v_Surfing_g10_c03,Surfing
v_RopeClimbing_g21_c02,RopeClimbing
v_PommelHorse_g16_c03,PommelHorse
v_FieldHockeyPenalty_g11_c04,FieldHockeyPenalty
v_HandstandWalking_g22_c04,HandstandWalking
v_JumpingJack_g10_c06,JumpingJack
v_BlowingCandles_g20_c04,BlowingCandles
v_Archery_g09_c06,Archery
v_PlayingCello_g15_c07,PlayingCello
v_Skiing_g21_c03,Skiing
v_ShavingBeard_g19_c02,ShavingBeard
v_Skiing_g21_c05,Skiing
v_Haircut_g20_c02,Haircut
v_Fencing_g11_c05,Fencing
v_IceDancing_g20_c07,IceDancing
v_PlayingDaf_g22_c05,PlayingDaf
v_SoccerPenalty_g15_c03,SoccerPenalty
v_LongJump_g15_c02,LongJump
v_StillRings_g21_c04,StillRings
v_TennisSwing_g08_c02,TennisSwing
v_ParallelBars_g11_c03,ParallelBars
v_Rafting_g14_c01,Rafting
v_IceDancing_g20_c04,IceDancing
v_BabyCrawling_g17_c01,BabyCrawling
v_Bowling_g17_c02,Bowling
v_JumpRope_g17_c01,JumpRope
v_PlayingDhol_g09_c04,PlayingDhol
v_SoccerPenalty_g20_c05,SoccerPenalty
v_Skijet_g19_c01,Skijet
v_JumpRope_g10_c02,JumpRope
v_Swing_g21_c05,Swing
v_Typing_g13_c01,Typing
v_PlayingDhol_g19_c05,PlayingDhol
v_Kayaking_g18_c07,Kayaking
v_BoxingPunchingBag_g25_c06,BoxingPunchingBag
v_HulaHoop_g22_c03,HulaHoop
v_PlayingDaf_g09_c04,PlayingDaf
v_CuttingInKitchen_g23_c02,CuttingInKitchen
v_BrushingTeeth_g25_c01,BrushingTeeth
v_Nunchucks_g23_c01,Nunchucks
v_Surfing_g20_c02,Surfing
v_TrampolineJumping_g23_c03,TrampolineJumping
v_PizzaTossing_g18_c01,PizzaTossing
v_PlayingFlute_g17_c03,PlayingFlute
v_IceDancing_g10_c03,IceDancing
v_Rowing_g15_c02,Rowing
v_ParallelBars_g08_c05,ParallelBars
v_PlayingDhol_g24_c04,PlayingDhol
v_PlayingPiano_g15_c01,PlayingPiano
v_Swing_g23_c05,Swing
v_PullUps_g20_c01,PullUps
v_PlayingPiano_g17_c04,PlayingPiano
v_BandMarching_g14_c02,BandMarching
v_Punch_g10_c02,Punch
v_Biking_g12_c01,Biking
v_PlayingDaf_g10_c07,PlayingDaf
v_IceDancing_g25_c03,IceDancing
v_FloorGymnastics_g20_c05,FloorGymnastics
v_CricketShot_g10_c04,CricketShot
v_PlayingCello_g21_c03,PlayingCello
v_JavelinThrow_g20_c04,JavelinThrow
v_FrisbeeCatch_g16_c01,FrisbeeCatch
v_Swing_g15_c03,Swing
v_PoleVault_g25_c03,PoleVault
v_MoppingFloor_g24_c02,MoppingFloor
v_BabyCrawling_g13_c04,BabyCrawling
v_PizzaTossing_g14_c04,PizzaTossing
v_JavelinThrow_g16_c06,JavelinThrow
v_Rowing_g24_c03,Rowing
v_Knitting_g14_c01,Knitting
v_Rowing_g17_c05,Rowing
v_Biking_g13_c01,Biking
v_Bowling_g23_c03,Bowling
v_RopeClimbing_g18_c05,RopeClimbing
v_Skiing_g11_c03,Skiing
v_JugglingBalls_g09_c02,JugglingBalls
v_BoxingSpeedBag_g17_c06,BoxingSpeedBag
v_Billiards_g16_c01,Billiards
v_FieldHockeyPenalty_g25_c02,FieldHockeyPenalty
v_PommelHorse_g17_c06,PommelHorse
v_Diving_g18_c02,Diving
v_BalanceBeam_g13_c05,BalanceBeam
v_SoccerPenalty_g23_c06,SoccerPenalty
v_HulaHoop_g22_c02,HulaHoop
v_ShavingBeard_g25_c05,ShavingBeard
v_SkyDiving_g11_c01,SkyDiving
v_Hammering_g14_c04,Hammering
v_CricketShot_g10_c02,CricketShot
v_SumoWrestling_g20_c02,SumoWrestling
v_RockClimbingIndoor_g21_c03,RockClimbingIndoor
v_MilitaryParade_g23_c03,MilitaryParade
v_PlayingPiano_g16_c07,PlayingPiano
v_ApplyLipstick_g25_c03,ApplyLipstick
v_Skiing_g17_c02,Skiing
v_BlowDryHair_g11_c01,BlowDryHair
v_TennisSwing_g14_c03,TennisSwing
v_CricketShot_g08_c06,CricketShot
v_VolleyballSpiking_g24_c02,VolleyballSpiking
v_SalsaSpin_g15_c05,SalsaSpin
v_PizzaTossing_g15_c02,PizzaTossing
v_CricketBowling_g24_c04,CricketBowling
v_BabyCrawling_g09_c04,BabyCrawling
v_ApplyLipstick_g24_c03,ApplyLipstick
v_TaiChi_g11_c04,TaiChi
v_BlowDryHair_g10_c01,BlowDryHair
v_HorseRiding_g22_c01,HorseRiding
v_SoccerJuggling_g24_c02,SoccerJuggling
v_BasketballDunk_g24_c05,BasketballDunk
v_BabyCrawling_g17_c02,BabyCrawling
v_BaseballPitch_g10_c05,BaseballPitch
v_BenchPress_g13_c04,BenchPress
v_SoccerJuggling_g10_c03,SoccerJuggling
v_BoxingPunchingBag_g09_c03,BoxingPunchingBag
v_SoccerJuggling_g22_c04,SoccerJuggling
v_FloorGymnastics_g08_c03,FloorGymnastics
v_Skiing_g08_c02,Skiing
v_Surfing_g15_c05,Surfing
v_HighJump_g25_c02,HighJump
v_Kayaking_g15_c03,Kayaking
v_PlayingDhol_g17_c04,PlayingDhol
v_Nunchucks_g17_c04,Nunchucks
v_Rafting_g22_c01,Rafting
v_HammerThrow_g15_c01,HammerThrow
v_CliffDiving_g17_c05,CliffDiving
v_UnevenBars_g25_c04,UnevenBars
v_BenchPress_g08_c03,BenchPress
v_Bowling_g16_c01,Bowling
v_FrontCrawl_g18_c01,FrontCrawl
v_TennisSwing_g23_c05,TennisSwing
v_PlayingTabla_g25_c04,PlayingTabla
v_ApplyLipstick_g11_c02,ApplyLipstick
v_WallPushups_g10_c01,WallPushups
v_Skiing_g13_c01,Skiing
v_PlayingDhol_g16_c05,PlayingDhol
v_BaseballPitch_g21_c03,BaseballPitch
v_CricketShot_g19_c01,CricketShot
v_TrampolineJumping_g15_c05,TrampolineJumping
v_Skiing_g24_c05,Skiing
v_Hammering_g25_c03,Hammering
v_SoccerPenalty_g08_c05,SoccerPenalty
v_ParallelBars_g17_c01,ParallelBars
v_LongJump_g13_c01,LongJump
v_BenchPress_g14_c03,BenchPress
v_CricketShot_g22_c02,CricketShot
v_JumpingJack_g18_c04,JumpingJack
v_Diving_g10_c01,Diving
v_CricketBowling_g19_c01,CricketBowling
v_PlayingViolin_g22_c04,PlayingViolin
v_LongJump_g18_c03,LongJump
v_MilitaryParade_g20_c03,MilitaryParade
v_BlowDryHair_g08_c04,BlowDryHair
v_PoleVault_g12_c01,PoleVault
v_WallPushups_g25_c01,WallPushups
v_MilitaryParade_g19_c07,MilitaryParade
v_Punch_g14_c05,Punch
v_Bowling_g24_c05,Bowling
v_ShavingBeard_g20_c02,ShavingBeard
v_Punch_g11_c07,Punch
v_BenchPress_g14_c04,BenchPress
v_TrampolineJumping_g16_c05,TrampolineJumping
v_BlowDryHair_g21_c06,BlowDryHair
v_FrontCrawl_g23_c02,FrontCrawl
v_StillRings_g13_c02,StillRings
v_HandStandPushups_g09_c03,HandStandPushups
v_Bowling_g19_c01,Bowling
v_Billiards_g15_c02,Billiards
v_PlayingPiano_g09_c04,PlayingPiano
v_TableTennisShot_g22_c06,TableTennisShot
v_CricketShot_g24_c02,CricketShot
v_BenchPress_g25_c03,BenchPress
v_HighJump_g13_c02,HighJump
v_PoleVault_g11_c05,PoleVault
v_PoleVault_g21_c05,PoleVault
v_BenchPress_g13_c03,BenchPress
v_Billiards_g19_c07,Billiards
v_PushUps_g16_c01,PushUps
v_SalsaSpin_g23_c02,SalsaSpin
v_BoxingSpeedBag_g21_c01,BoxingSpeedBag
v_TableTennisShot_g18_c03,TableTennisShot
v_Haircut_g11_c04,Haircut
v_TrampolineJumping_g20_c01,TrampolineJumping
v_Bowling_g08_c03,Bowling
v_HammerThrow_g20_c02,HammerThrow
v_BaseballPitch_g25_c06,BaseballPitch
v_HandStandPushups_g21_c03,HandStandPushups
v_PlayingPiano_g23_c02,PlayingPiano
v_PlayingFlute_g25_c07,PlayingFlute
v_Hammering_g17_c04,Hammering
v_PlayingGuitar_g19_c01,PlayingGuitar
v_PizzaTossing_g18_c02,PizzaTossing
v_RopeClimbing_g19_c03,RopeClimbing
v_HorseRiding_g22_c04,HorseRiding
v_FrisbeeCatch_g23_c04,FrisbeeCatch
v_YoYo_g16_c01,YoYo
v_Hammering_g23_c01,Hammering
v_Shotput_g10_c03,Shotput
v_Kayaking_g15_c05,Kayaking
v_JumpRope_g19_c03,JumpRope
v_GolfSwing_g23_c05,GolfSwing
v_BenchPress_g15_c02,BenchPress
v_Skiing_g19_c06,Skiing
v_Skijet_g23_c02,Skijet
v_Basketball_g13_c01,Basketball
v_HandStandPushups_g19_c02,HandStandPushups
v_Lunges_g11_c05,Lunges
v_ApplyEyeMakeup_g21_c01,ApplyEyeMakeup
v_Drumming_g21_c04,Drumming
v_RockClimbingIndoor_g25_c03,RockClimbingIndoor
v_SalsaSpin_g15_c01,SalsaSpin
v_BabyCrawling_g24_c06,BabyCrawling
v_JumpingJack_g25_c06,JumpingJack
v_BandMarching_g19_c04,BandMarching
v_UnevenBars_g18_c03,UnevenBars
v_TennisSwing_g16_c04,TennisSwing
v_Hammering_g24_c01,Hammering
v_BaseballPitch_g21_c01,BaseballPitch
v_ApplyEyeMakeup_g23_c04,ApplyEyeMakeup
v_TaiChi_g24_c02,TaiChi
v_PizzaTossing_g12_c04,PizzaTossing
v_PlayingCello_g23_c05,PlayingCello
v_MilitaryParade_g25_c07,MilitaryParade
v_BodyWeightSquats_g09_c01,BodyWeightSquats
v_Mixing_g09_c02,Mixing
v_Bowling_g09_c02,Bowling
v_Fencing_g21_c02,Fencing
v_HandStandPushups_g11_c04,HandStandPushups
v_BaseballPitch_g09_c05,BaseballPitch
v_TaiChi_g10_c01,TaiChi
v_Bowling_g10_c02,Bowling
v_Kayaking_g21_c06,Kayaking
v_CliffDiving_g10_c05,CliffDiving
v_HighJump_g08_c01,HighJump
v_LongJump_g19_c03,LongJump
v_FloorGymnastics_g16_c03,FloorGymnastics
v_CliffDiving_g19_c07,CliffDiving
v_MoppingFloor_g17_c01,MoppingFloor
v_Typing_g24_c04,Typing
v_TrampolineJumping_g21_c04,TrampolineJumping
v_Skijet_g25_c04,Skijet
v_HorseRiding_g23_c04,HorseRiding
v_BandMarching_g08_c04,BandMarching
v_FrontCrawl_g24_c01,FrontCrawl
v_JumpingJack_g23_c03,JumpingJack
v_RockClimbingIndoor_g25_c06,RockClimbingIndoor
v_PlayingDaf_g21_c04,PlayingDaf
v_Billiards_g20_c04,Billiards
v_JumpRope_g16_c03,JumpRope
v_BoxingPunchingBag_g14_c03,BoxingPunchingBag
v_Surfing_g13_c03,Surfing
v_Rowing_g17_c02,Rowing
v_JumpRope_g14_c03,JumpRope
v_Mixing_g16_c03,Mixing
v_BodyWeightSquats_g08_c04,BodyWeightSquats
v_CleanAndJerk_g08_c02,CleanAndJerk
v_VolleyballSpiking_g20_c03,VolleyballSpiking
v_Knitting_g11_c05,Knitting
v_SkateBoarding_g08_c03,SkateBoarding
v_SoccerJuggling_g12_c05,SoccerJuggling
v_JavelinThrow_g08_c03,JavelinThrow
v_Billiards_g25_c02,Billiards
v_VolleyballSpiking_g15_c03,VolleyballSpiking
v_BoxingPunchingBag_g24_c06,BoxingPunchingBag
v_SkateBoarding_g16_c03,SkateBoarding
v_HeadMassage_g15_c04,HeadMassage
v_Rowing_g12_c04,Rowing
v_ApplyEyeMakeup_g15_c07,ApplyEyeMakeup
v_PoleVault_g13_c04,PoleVault
v_VolleyballSpiking_g23_c02,VolleyballSpiking
v_GolfSwing_g16_c01,GolfSwing
v_CricketBowling_g19_c06,CricketBowling
v_TennisSwing_g15_c06,TennisSwing
v_BoxingPunchingBag_g20_c03,BoxingPunchingBag
v_Skiing_g10_c04,Skiing
v_BasketballDunk_g23_c02,BasketballDunk
v_Typing_g18_c03,Typing
v_BenchPress_g23_c05,BenchPress
v_ThrowDiscus_g14_c02,ThrowDiscus
v_Billiards_g12_c03,Billiards
v_Skijet_g11_c02,Skijet
v_HeadMassage_g18_c05,HeadMassage
v_Punch_g21_c02,Punch
v_WalkingWithDog_g15_c04,WalkingWithDog
v_CricketBowling_g11_c04,CricketBowling
v_Haircut_g23_c05,Haircut
v_YoYo_g21_c06,YoYo
v_BabyCrawling_g12_c03,BabyCrawling
v_HulaHoop_g10_c04,HulaHoop
v_Punch_g13_c07,Punch
v_Diving_g13_c02,Diving
v_FrontCrawl_g14_c01,FrontCrawl
v_UnevenBars_g19_c01,UnevenBars
v_HeadMassage_g19_c02,HeadMassage
v_FloorGymnastics_g17_c02,FloorGymnastics
v_FloorGymnastics_g22_c02,FloorGymnastics
v_JumpingJack_g22_c02,JumpingJack
v_GolfSwing_g19_c03,GolfSwing
v_JumpRope_g08_c06,JumpRope
v_Mixing_g09_c06,Mixing
v_PizzaTossing_g10_c04,PizzaTossing
v_Rafting_g14_c04,Rafting
v_BalanceBeam_g08_c02,BalanceBeam
v_SkyDiving_g22_c04,SkyDiving
v_Lunges_g21_c01,Lunges
v_PullUps_g24_c01,PullUps
v_FrisbeeCatch_g12_c04,FrisbeeCatch
v_LongJump_g21_c04,LongJump
v_LongJump_g13_c04,LongJump
v_YoYo_g23_c02,YoYo
v_CliffDiving_g24_c05,CliffDiving
v_HammerThrow_g09_c06,HammerThrow
v_Rafting_g15_c01,Rafting
v_Mixing_g20_c01,Mixing
v_PlayingSitar_g22_c05,PlayingSitar
v_SumoWrestling_g25_c02,SumoWrestling
v_TableTennisShot_g25_c07,TableTennisShot
v_JumpRope_g08_c07,JumpRope
v_GolfSwing_g12_c04,GolfSwing
v_BoxingSpeedBag_g17_c03,BoxingSpeedBag
v_PushUps_g08_c02,PushUps
v_HorseRace_g20_c02,HorseRace
v_SkyDiving_g20_c02,SkyDiving
v_UnevenBars_g21_c04,UnevenBars
v_Skiing_g16_c03,Skiing
v_BasketballDunk_g24_c03,BasketballDunk
v_Drumming_g15_c02,Drumming
v_WritingOnBoard_g08_c01,WritingOnBoard
v_BandMarching_g21_c05,BandMarching
v_SkyDiving_g17_c04,SkyDiving
v_WalkingWithDog_g11_c02,WalkingWithDog
v_BandMarching_g08_c01,BandMarching
v_Diving_g13_c05,Diving
v_RopeClimbing_g12_c03,RopeClimbing
v_Kayaking_g13_c03,Kayaking
v_HammerThrow_g21_c01,HammerThrow
v_Nunchucks_g14_c03,Nunchucks
v_WallPushups_g08_c01,WallPushups
v_Bowling_g23_c06,Bowling
v_SkateBoarding_g15_c03,SkateBoarding
v_BenchPress_g25_c02,BenchPress
v_Haircut_g19_c02,Haircut
v_CricketBowling_g16_c07,CricketBowling
v_PlayingFlute_g24_c02,PlayingFlute
v_YoYo_g23_c04,YoYo
v_PoleVault_g23_c04,PoleVault
v_UnevenBars_g24_c01,UnevenBars
v_PlayingDhol_g14_c03,PlayingDhol
v_YoYo_g19_c02,YoYo
v_Bowling_g09_c04,Bowling
v_Drumming_g21_c01,Drumming
v_CricketShot_g21_c04,CricketShot
v_Hammering_g13_c03,Hammering
v_CricketShot_g20_c02,CricketShot
v_StillRings_g23_c03,StillRings
v_Skijet_g22_c03,Skijet
v_YoYo_g16_c02,YoYo
v_PizzaTossing_g14_c01,PizzaTossing
v_CleanAndJerk_g12_c07,CleanAndJerk
v_BrushingTeeth_g19_c01,BrushingTeeth
v_FrisbeeCatch_g14_c03,FrisbeeCatch
v_HorseRiding_g25_c03,HorseRiding
v_PlayingTabla_g15_c04,PlayingTabla
v_Rafting_g21_c03,Rafting
v_ApplyLipstick_g09_c01,ApplyLipstick
v_Nunchucks_g09_c05,Nunchucks
v_ShavingBeard_g20_c07,ShavingBeard
v_HorseRace_g13_c01,HorseRace
v_HulaHoop_g15_c03,HulaHoop
v_CliffDiving_g11_c06,CliffDiving
v_SalsaSpin_g13_c03,SalsaSpin
v_Typing_g08_c02,Typing
v_CleanAndJerk_g10_c02,CleanAndJerk
v_StillRings_g19_c03,StillRings
v_BoxingPunchingBag_g18_c01,BoxingPunchingBag
v_TrampolineJumping_g23_c02,TrampolineJumping
v_BreastStroke_g09_c04,BreastStroke
v_WritingOnBoard_g23_c03,WritingOnBoard
v_Diving_g24_c03,Diving
v_GolfSwing_g24_c06,GolfSwing
v_FieldHockeyPenalty_g14_c04,FieldHockeyPenalty
v_PlayingViolin_g21_c04,PlayingViolin
v_Punch_g19_c03,Punch
v_TrampolineJumping_g22_c06,TrampolineJumping
v_FieldHockeyPenalty_g14_c07,FieldHockeyPenalty
v_Haircut_g25_c04,Haircut
v_VolleyballSpiking_g25_c01,VolleyballSpiking
v_FloorGymnastics_g17_c06,FloorGymnastics
v_SkateBoarding_g25_c01,SkateBoarding
v_IceDancing_g16_c06,IceDancing
v_CricketShot_g15_c07,CricketShot
v_PizzaTossing_g16_c02,PizzaTossing
v_SalsaSpin_g10_c06,SalsaSpin
v_PommelHorse_g20_c03,PommelHorse
v_HulaHoop_g14_c01,HulaHoop
v_PlayingCello_g22_c05,PlayingCello
v_HandstandWalking_g11_c03,HandstandWalking
v_Basketball_g22_c04,Basketball
v_PlayingGuitar_g23_c07,PlayingGuitar
v_BabyCrawling_g25_c01,BabyCrawling
v_FieldHockeyPenalty_g22_c03,FieldHockeyPenalty
v_Hammering_g17_c03,Hammering
v_TennisSwing_g12_c07,TennisSwing
v_BoxingPunchingBag_g12_c04,BoxingPunchingBag
v_Punch_g24_c04,Punch
v_BreastStroke_g18_c01,BreastStroke
v_ApplyEyeMakeup_g16_c04,ApplyEyeMakeup
v_PommelHorse_g20_c01,PommelHorse
v_HighJump_g23_c06,HighJump
v_Billiards_g21_c07,Billiards
v_BenchPress_g18_c06,BenchPress
v_VolleyballSpiking_g18_c03,VolleyballSpiking
v_PizzaTossing_g24_c04,PizzaTossing
v_BaseballPitch_g16_c06,BaseballPitch
v_SumoWrestling_g18_c05,SumoWrestling
v_PlayingCello_g24_c03,PlayingCello
v_CuttingInKitchen_g10_c06,CuttingInKitchen
v_ShavingBeard_g21_c04,ShavingBeard
v_Fencing_g09_c04,Fencing
v_SoccerPenalty_g10_c04,SoccerPenalty
v_PlayingTabla_g25_c02,PlayingTabla
v_HammerThrow_g24_c02,HammerThrow
v_Drumming_g21_c03,Drumming
v_FieldHockeyPenalty_g12_c03,FieldHockeyPenalty
v_WalkingWithDog_g17_c04,WalkingWithDog
v_PlayingCello_g24_c07,PlayingCello
v_PlayingSitar_g08_c04,PlayingSitar
v_Kayaking_g17_c01,Kayaking
v_SkateBoarding_g08_c05,SkateBoarding
v_TennisSwing_g14_c02,TennisSwing
v_ApplyLipstick_g23_c01,ApplyLipstick
v_BandMarching_g12_c04,BandMarching
v_Mixing_g14_c03,Mixing
v_FrisbeeCatch_g11_c01,FrisbeeCatch
v_PlayingViolin_g11_c01,PlayingViolin
v_PlayingDaf_g22_c01,PlayingDaf
v_CleanAndJerk_g14_c04,CleanAndJerk
v_StillRings_g18_c03,StillRings
v_Haircut_g18_c02,Haircut
v_Shotput_g21_c04,Shotput
v_PlayingTabla_g16_c03,PlayingTabla
v_HorseRiding_g23_c02,HorseRiding
v_BasketballDunk_g25_c03,BasketballDunk
v_ApplyEyeMakeup_g20_c04,ApplyEyeMakeup
v_Hammering_g10_c01,Hammering
v_Rowing_g16_c01,Rowing
v_Bowling_g17_c07,Bowling
v_HighJump_g24_c02,HighJump
v_ApplyEyeMakeup_g23_c02,ApplyEyeMakeup
v_HeadMassage_g09_c04,HeadMassage
v_BasketballDunk_g22_c01,BasketballDunk
v_StillRings_g10_c03,StillRings
v_ThrowDiscus_g11_c01,ThrowDiscus
v_TennisSwing_g24_c01,TennisSwing
v_PommelHorse_g11_c03,PommelHorse
v_PlayingTabla_g25_c03,PlayingTabla
v_CliffDiving_g12_c05,CliffDiving
v_YoYo_g11_c01,YoYo
v_WalkingWithDog_g09_c05,WalkingWithDog
v_BandMarching_g15_c02,BandMarching
v_PlayingCello_g19_c05,PlayingCello
v_JumpingJack_g08_c04,JumpingJack
v_IceDancing_g08_c05,IceDancing
v_HorseRace_g24_c07,HorseRace
v_PoleVault_g08_c01,PoleVault
v_JumpingJack_g22_c04,JumpingJack
v_PullUps_g22_c01,PullUps
v_BoxingSpeedBag_g15_c07,BoxingSpeedBag
v_CricketShot_g22_c04,CricketShot
v_HorseRace_g13_c04,HorseRace
v_BalanceBeam_g21_c05,BalanceBeam
v_PlayingFlute_g13_c03,PlayingFlute
v_PizzaTossing_g13_c04,PizzaTossing
v_Mixing_g11_c01,Mixing
v_WallPushups_g19_c05,WallPushups
v_ApplyLipstick_g24_c04,ApplyLipstick
v_IceDancing_g08_c03,IceDancing
v_Rafting_g11_c01,Rafting
v_Hammering_g23_c03,Hammering
v_Billiards_g24_c06,Billiards
v_JumpingJack_g12_c04,JumpingJack
v_BlowDryHair_g19_c03,BlowDryHair
v_BlowingCandles_g13_c01,BlowingCandles
v_LongJump_g18_c05,LongJump
v_HeadMassage_g09_c01,HeadMassage
v_TennisSwing_g08_c06,TennisSwing
v_Haircut_g25_c01,Haircut
v_GolfSwing_g12_c02,GolfSwing
v_PlayingDhol_g16_c04,PlayingDhol
v_PushUps_g24_c03,PushUps
v_Swing_g11_c06,Swing
v_JavelinThrow_g23_c04,JavelinThrow
v_TableTennisShot_g22_c04,TableTennisShot
v_MoppingFloor_g17_c05,MoppingFloor
v_Fencing_g15_c04,Fencing
v_BoxingSpeedBag_g21_c04,BoxingSpeedBag
v_Archery_g15_c04,Archery
v_CleanAndJerk_g10_c04,CleanAndJerk
v_BaseballPitch_g08_c02,BaseballPitch
v_ApplyLipstick_g13_c01,ApplyLipstick
v_TaiChi_g21_c01,TaiChi
v_MoppingFloor_g12_c02,MoppingFloor
v_PlayingDaf_g20_c06,PlayingDaf
v_Archery_g21_c03,Archery
v_HighJump_g15_c02,HighJump
v_Hammering_g19_c05,Hammering
v_IceDancing_g08_c06,IceDancing
v_SoccerPenalty_g18_c03,SoccerPenalty
v_Fencing_g16_c01,Fencing
v_PlayingPiano_g24_c04,PlayingPiano
v_HandstandWalking_g24_c01,HandstandWalking
v_BenchPress_g18_c03,BenchPress
v_Archery_g24_c06,Archery
v_HammerThrow_g20_c05,HammerThrow
v_ShavingBeard_g23_c07,ShavingBeard
v_BabyCrawling_g22_c04,BabyCrawling
v_HighJump_g12_c03,HighJump
v_FrontCrawl_g16_c03,FrontCrawl
v_MoppingFloor_g11_c04,MoppingFloor
v_BabyCrawling_g09_c06,BabyCrawling
v_Skijet_g17_c02,Skijet
v_SalsaSpin_g12_c05,SalsaSpin
v_GolfSwing_g20_c04,GolfSwing
v_ThrowDiscus_g11_c02,ThrowDiscus
v_LongJump_g19_c05,LongJump
v_FieldHockeyPenalty_g14_c03,FieldHockeyPenalty
v_TennisSwing_g14_c01,TennisSwing
v_LongJump_g25_c04,LongJump
v_SkateBoarding_g13_c03,SkateBoarding
v_HeadMassage_g18_c02,HeadMassage
v_BasketballDunk_g19_c04,BasketballDunk
v_Bowling_g19_c03,Bowling
v_PlayingGuitar_g21_c05,PlayingGuitar
v_HandStandPushups_g16_c06,HandStandPushups
v_Fencing_g09_c02,Fencing
v_ParallelBars_g24_c01,ParallelBars
v_PlayingViolin_g21_c03,PlayingViolin
v_Haircut_g15_c04,Haircut
v_BandMarching_g09_c04,BandMarching
v_FrontCrawl_g08_c01,FrontCrawl
v_HandStandPushups_g11_c02,HandStandPushups
v_SumoWrestling_g24_c04,SumoWrestling
v_GolfSwing_g10_c01,GolfSwing
v_Swing_g21_c04,Swing
v_StillRings_g12_c01,StillRings
v_CliffDiving_g20_c02,CliffDiving
v_ThrowDiscus_g21_c06,ThrowDiscus
v_SoccerJuggling_g09_c04,SoccerJuggling
v_ThrowDiscus_g21_c02,ThrowDiscus
v_FloorGymnastics_g11_c04,FloorGymnastics
v_Mixing_g08_c04,Mixing
v_Drumming_g24_c07,Drumming
v_Punch_g22_c01,Punch
v_PlayingViolin_g19_c04,PlayingViolin
v_WallPushups_g22_c03,WallPushups
v_ApplyEyeMakeup_g18_c04,ApplyEyeMakeup
v_PlayingSitar_g09_c04,PlayingSitar
v_Diving_g14_c02,Diving
v_JavelinThrow_g24_c01,JavelinThrow
v_PullUps_g12_c01,PullUps
v_HeadMassage_g08_c05,HeadMassage
v_Bowling_g20_c02,Bowling
v_HandStandPushups_g16_c07,HandStandPushups
v_PlayingCello_g09_c03,PlayingCello
v_Haircut_g13_c03,Haircut
v_Bowling_g25_c05,Bowling
v_HeadMassage_g20_c03,HeadMassage
v_BoxingPunchingBag_g23_c02,BoxingPunchingBag
v_PoleVault_g19_c03,PoleVault
v_PlayingDhol_g21_c01,PlayingDhol
v_MoppingFloor_g25_c03,MoppingFloor
v_Haircut_g19_c06,Haircut
v_BalanceBeam_g18_c03,BalanceBeam
v_Rowing_g21_c01,Rowing
v_Typing_g23_c03,Typing
v_JavelinThrow_g12_c03,JavelinThrow
v_ApplyLipstick_g10_c02,ApplyLipstick
v_HeadMassage_g08_c04,HeadMassage
v_CricketBowling_g22_c01,CricketBowling
v_CricketShot_g20_c05,CricketShot
v_BabyCrawling_g22_c01,BabyCrawling
v_TableTennisShot_g09_c07,TableTennisShot
v_HorseRiding_g09_c05,HorseRiding
v_Haircut_g12_c04,Haircut
v_BoxingSpeedBag_g18_c02,BoxingSpeedBag
v_PommelHorse_g19_c04,PommelHorse
v_HandstandWalking_g11_c01,HandstandWalking
v_HorseRace_g15_c04,HorseRace
v_SoccerJuggling_g16_c03,SoccerJuggling
v_PlayingGuitar_g16_c03,PlayingGuitar
v_ApplyLipstick_g09_c04,ApplyLipstick
v_Surfing_g15_c04,Surfing
v_PlayingDhol_g21_c04,PlayingDhol
v_CliffDiving_g24_c03,CliffDiving
v_BlowDryHair_g25_c03,BlowDryHair
v_RopeClimbing_g25_c04,RopeClimbing
v_PullUps_g17_c04,PullUps
v_SoccerJuggling_g25_c01,SoccerJuggling
v_PlayingDhol_g13_c04,PlayingDhol
v_Kayaking_g10_c04,Kayaking
v_Skijet_g15_c03,Skijet
v_TennisSwing_g09_c02,TennisSwing
v_ThrowDiscus_g12_c04,ThrowDiscus
v_MilitaryParade_g13_c03,MilitaryParade
v_SkyDiving_g23_c02,SkyDiving
v_MoppingFloor_g09_c01,MoppingFloor
v_Punch_g18_c05,Punch
v_BalanceBeam_g10_c02,BalanceBeam
v_BandMarching_g11_c01,BandMarching
v_Billiards_g17_c04,Billiards
v_PushUps_g12_c01,PushUps
v_PlayingPiano_g22_c01,PlayingPiano
v_Skiing_g20_c06,Skiing
v_Surfing_g09_c02,Surfing
v_WritingOnBoard_g15_c03,WritingOnBoard
v_Rowing_g11_c03,Rowing
v_YoYo_g23_c01,YoYo
v_StillRings_g10_c05,StillRings
v_Shotput_g24_c04,Shotput
v_Haircut_g21_c01,Haircut
v_PullUps_g09_c03,PullUps
v_Nunchucks_g14_c01,Nunchucks
v_PlayingDaf_g11_c06,PlayingDaf
v_PommelHorse_g19_c06,PommelHorse
v_Skiing_g21_c04,Skiing
v_PlayingDhol_g21_c03,PlayingDhol
v_SoccerPenalty_g13_c01,SoccerPenalty
v_BandMarching_g12_c01,BandMarching
v_BasketballDunk_g19_c03,BasketballDunk
v_RopeClimbing_g13_c07,RopeClimbing
v_Shotput_g08_c01,Shotput
v_FloorGymnastics_g17_c01,FloorGymnastics
v_SoccerJuggling_g10_c02,SoccerJuggling
v_CuttingInKitchen_g08_c02,CuttingInKitchen
v_SoccerPenalty_g10_c01,SoccerPenalty
v_HammerThrow_g14_c01,HammerThrow
v_BodyWeightSquats_g20_c06,BodyWeightSquats
v_PlayingSitar_g18_c02,PlayingSitar
v_RopeClimbing_g10_c03,RopeClimbing
v_Fencing_g08_c03,Fencing
v_BoxingPunchingBag_g23_c07,BoxingPunchingBag
v_Skijet_g12_c01,Skijet
v_TableTennisShot_g11_c04,TableTennisShot
v_Knitting_g22_c02,Knitting
v_SumoWrestling_g11_c01,SumoWrestling
v_PlayingCello_g23_c02,PlayingCello
v_FieldHockeyPenalty_g10_c07,FieldHockeyPenalty
v_Bowling_g08_c06,Bowling
v_ApplyLipstick_g25_c04,ApplyLipstick
v_CuttingInKitchen_g25_c05,CuttingInKitchen
v_BabyCrawling_g22_c07,BabyCrawling
v_FieldHockeyPenalty_g22_c02,FieldHockeyPenalty
v_JumpingJack_g10_c04,JumpingJack
v_Mixing_g25_c02,Mixing
v_Biking_g10_c03,Biking
v_PlayingPiano_g15_c03,PlayingPiano
v_ApplyEyeMakeup_g13_c05,ApplyEyeMakeup
v_Punch_g25_c02,Punch
v_PoleVault_g08_c02,PoleVault
v_MoppingFloor_g13_c04,MoppingFloor
v_LongJump_g22_c03,LongJump
v_PlayingGuitar_g11_c07,PlayingGuitar
v_PizzaTossing_g10_c03,PizzaTossing
v_HorseRiding_g24_c05,HorseRiding
v_Archery_g11_c03,Archery
v_PushUps_g22_c03,PushUps
v_ApplyEyeMakeup_g23_c03,ApplyEyeMakeup
v_BlowDryHair_g08_c01,BlowDryHair
v_VolleyballSpiking_g11_c01,VolleyballSpiking
v_CricketShot_g21_c06,CricketShot
v_CricketBowling_g18_c02,CricketBowling
v_SalsaSpin_g09_c04,SalsaSpin
v_HandStandPushups_g11_c01,HandStandPushups
v_PlayingDaf_g16_c06,PlayingDaf
v_SumoWrestling_g10_c04,SumoWrestling
v_Rowing_g14_c04,Rowing
v_StillRings_g10_c04,StillRings
v_HulaHoop_g11_c02,HulaHoop
v_PlayingDhol_g19_c04,PlayingDhol
v_PlayingFlute_g18_c03,PlayingFlute
v_CricketShot_g14_c04,CricketShot
v_Diving_g15_c01,Diving
v_SoccerJuggling_g20_c05,SoccerJuggling
v_PlayingDaf_g10_c04,PlayingDaf
v_MoppingFloor_g15_c04,MoppingFloor
v_CliffDiving_g10_c04,CliffDiving
v_FrontCrawl_g10_c05,FrontCrawl
v_Skiing_g08_c03,Skiing
v_VolleyballSpiking_g17_c03,VolleyballSpiking
v_SoccerPenalty_g18_c05,SoccerPenalty
v_TennisSwing_g23_c03,TennisSwing
v_BaseballPitch_g22_c07,BaseballPitch
v_Archery_g25_c02,Archery
v_PlayingSitar_g08_c03,PlayingSitar
v_Billiards_g24_c02,Billiards
v_Rafting_g14_c05,Rafting
v_Archery_g19_c01,Archery
v_FieldHockeyPenalty_g25_c03,FieldHockeyPenalty
v_PlayingFlute_g15_c05,PlayingFlute
v_CliffDiving_g15_c02,CliffDiving
v_Hammering_g22_c03,Hammering
v_Punch_g18_c01,Punch
v_PlayingDaf_g10_c03,PlayingDaf
v_PlayingFlute_g13_c04,PlayingFlute
v_HulaHoop_g18_c04,HulaHoop
v_Rowing_g10_c06,Rowing
v_TrampolineJumping_g10_c01,TrampolineJumping
v_PlayingDaf_g23_c03,PlayingDaf
v_BalanceBeam_g23_c04,BalanceBeam
v_CliffDiving_g16_c03,CliffDiving
v_PlayingViolin_g20_c04,PlayingViolin
v_BlowDryHair_g12_c03,BlowDryHair
v_Hammering_g18_c03,Hammering
v_Archery_g16_c03,Archery
v_CuttingInKitchen_g15_c01,CuttingInKitchen
v_CleanAndJerk_g24_c02,CleanAndJerk
v_YoYo_g19_c05,YoYo
v_PlayingDaf_g14_c02,PlayingDaf
v_SkyDiving_g19_c02,SkyDiving
v_BoxingSpeedBag_g15_c03,BoxingSpeedBag
v_GolfSwing_g19_c05,GolfSwing
v_TennisSwing_g09_c05,TennisSwing
v_SumoWrestling_g25_c03,SumoWrestling
v_Archery_g10_c05,Archery
v_ThrowDiscus_g18_c03,ThrowDiscus
v_TennisSwing_g13_c05,TennisSwing
v_Skiing_g13_c07,Skiing
v_SalsaSpin_g18_c01,SalsaSpin
v_LongJump_g21_c03,LongJump
v_BlowingCandles_g10_c04,BlowingCandles
v_Diving_g21_c03,Diving
v_PommelHorse_g19_c02,PommelHorse
v_PlayingFlute_g19_c05,PlayingFlute
v_BlowingCandles_g18_c03,BlowingCandles
v_Skiing_g25_c02,Skiing
v_BandMarching_g13_c03,BandMarching
v_PlayingViolin_g22_c03,PlayingViolin
v_BlowDryHair_g22_c02,BlowDryHair
v_ThrowDiscus_g13_c01,ThrowDiscus
v_YoYo_g09_c02,YoYo
v_LongJump_g08_c01,LongJump
v_HorseRace_g19_c04,HorseRace
v_Mixing_g12_c03,Mixing
v_Biking_g11_c01,Biking
v_Skiing_g21_c07,Skiing
v_JumpRope_g15_c04,JumpRope
v_RockClimbingIndoor_g19_c02,RockClimbingIndoor
v_ApplyLipstick_g18_c03,ApplyLipstick
v_PlayingViolin_g18_c01,PlayingViolin
v_BandMarching_g10_c03,BandMarching
v_PlayingFlute_g08_c01,PlayingFlute
v_Bowling_g20_c03,Bowling
v_WritingOnBoard_g21_c02,WritingOnBoard
v_Punch_g22_c07,Punch
v_HeadMassage_g09_c02,HeadMassage
v_UnevenBars_g15_c03,UnevenBars
v_ThrowDiscus_g23_c01,ThrowDiscus
v_HandStandPushups_g25_c03,HandStandPushups
v_BrushingTeeth_g16_c02,BrushingTeeth
v_GolfSwing_g09_c03,GolfSwing
v_SumoWrestling_g14_c04,SumoWrestling
v_PlayingDaf_g09_c01,PlayingDaf
v_ApplyLipstick_g24_c02,ApplyLipstick
v_BodyWeightSquats_g12_c04,BodyWeightSquats
v_PizzaTossing_g25_c05,PizzaTossing
v_Haircut_g12_c02,Haircut
v_ApplyLipstick_g19_c03,ApplyLipstick
v_ApplyEyeMakeup_g20_c03,ApplyEyeMakeup
v_GolfSwing_g14_c04,GolfSwing
v_HorseRace_g19_c01,HorseRace
v_Fencing_g10_c02,Fencing
v_SalsaSpin_g12_c02,SalsaSpin
v_TableTennisShot_g15_c05,TableTennisShot
v_SalsaSpin_g11_c06,SalsaSpin
v_BenchPress_g24_c06,BenchPress
v_PlayingSitar_g13_c02,PlayingSitar
v_PlayingDaf_g17_c04,PlayingDaf
v_LongJump_g24_c01,LongJump
v_BaseballPitch_g08_c01,BaseballPitch
v_LongJump_g14_c04,LongJump
v_BreastStroke_g15_c01,BreastStroke
v_BabyCrawling_g19_c03,BabyCrawling
v_HulaHoop_g16_c05,HulaHoop
v_Haircut_g16_c03,Haircut
v_FrisbeeCatch_g18_c01,FrisbeeCatch
v_YoYo_g18_c04,YoYo
v_SoccerJuggling_g10_c04,SoccerJuggling
v_RockClimbingIndoor_g20_c02,RockClimbingIndoor
v_FrontCrawl_g14_c07,FrontCrawl
v_HammerThrow_g22_c06,HammerThrow
v_HorseRace_g19_c03,HorseRace
v_BasketballDunk_g17_c04,BasketballDunk
v_Billiards_g25_c04,Billiards
v_IceDancing_g12_c05,IceDancing
v_ShavingBeard_g09_c03,ShavingBeard
v_MilitaryParade_g14_c04,MilitaryParade
v_Shotput_g25_c03,Shotput
v_WalkingWithDog_g17_c02,WalkingWithDog
v_Archery_g15_c03,Archery
v_JugglingBalls_g17_c01,JugglingBalls
v_PlayingFlute_g16_c05,PlayingFlute
v_FrisbeeCatch_g09_c05,FrisbeeCatch
v_Bowling_g12_c01,Bowling
v_HorseRace_g10_c02,HorseRace
v_PlayingViolin_g09_c04,PlayingViolin
v_BoxingPunchingBag_g11_c03,BoxingPunchingBag
v_ApplyEyeMakeup_g10_c02,ApplyEyeMakeup
v_Knitting_g22_c01,Knitting
v_BabyCrawling_g08_c01,BabyCrawling
v_MoppingFloor_g20_c04,MoppingFloor
v_Swing_g20_c02,Swing
v_TrampolineJumping_g11_c04,TrampolineJumping
v_CleanAndJerk_g25_c02,CleanAndJerk
v_ApplyEyeMakeup_g10_c04,ApplyEyeMakeup
v_RopeClimbing_g24_c04,RopeClimbing
v_Lunges_g11_c04,Lunges
v_BaseballPitch_g16_c02,BaseballPitch
v_PoleVault_g25_c06,PoleVault
v_BoxingPunchingBag_g15_c05,BoxingPunchingBag
v_SoccerPenalty_g12_c02,SoccerPenalty
v_WallPushups_g11_c05,WallPushups
v_TennisSwing_g22_c03,TennisSwing
v_PlayingSitar_g17_c02,PlayingSitar
v_PizzaTossing_g20_c03,PizzaTossing
v_Drumming_g24_c01,Drumming
v_HammerThrow_g22_c07,HammerThrow
v_Punch_g25_c07,Punch
v_BabyCrawling_g10_c02,BabyCrawling
v_ApplyLipstick_g17_c03,ApplyLipstick
v_ThrowDiscus_g09_c01,ThrowDiscus
v_RockClimbingIndoor_g17_c04,RockClimbingIndoor
v_PullUps_g13_c02,PullUps
v_BalanceBeam_g20_c01,BalanceBeam
v_Rowing_g11_c05,Rowing
v_SalsaSpin_g12_c01,SalsaSpin
v_RopeClimbing_g16_c03,RopeClimbing
v_PlayingSitar_g15_c03,PlayingSitar
v_HandstandWalking_g18_c01,HandstandWalking
v_HandStandPushups_g20_c05,HandStandPushups
v_Shotput_g22_c02,Shotput
v_WritingOnBoard_g25_c03,WritingOnBoard
v_PlayingPiano_g11_c04,PlayingPiano
v_PlayingPiano_g08_c04,PlayingPiano
v_VolleyballSpiking_g11_c05,VolleyballSpiking
v_Basketball_g17_c03,Basketball
v_YoYo_g09_c04,YoYo
v_SkateBoarding_g08_c04,SkateBoarding
v_PullUps_g16_c02,PullUps
v_MilitaryParade_g24_c02,MilitaryParade
v_SoccerJuggling_g25_c05,SoccerJuggling
v_CuttingInKitchen_g12_c02,CuttingInKitchen
v_Typing_g10_c05,Typing
v_Billiards_g16_c02,Billiards
v_BabyCrawling_g11_c02,BabyCrawling
v_PlayingPiano_g16_c06,PlayingPiano
v_ShavingBeard_g11_c04,ShavingBeard
v_Typing_g19_c02,Typing
v_PlayingFlute_g24_c03,PlayingFlute
v_Billiards_g15_c06,Billiards
v_BrushingTeeth_g12_c01,BrushingTeeth
v_Kayaking_g23_c02,Kayaking
v_Drumming_g12_c01,Drumming
v_CricketShot_g16_c03,CricketShot
v_HandStandPushups_g18_c01,HandStandPushups
v_StillRings_g09_c01,StillRings
v_PlayingDhol_g10_c07,PlayingDhol
v_HandstandWalking_g14_c04,HandstandWalking
v_YoYo_g09_c01,YoYo
v_Typing_g11_c03,Typing
v_JavelinThrow_g11_c05,JavelinThrow
v_PlayingViolin_g16_c04,PlayingViolin
v_BandMarching_g13_c04,BandMarching
v_FieldHockeyPenalty_g19_c02,FieldHockeyPenalty
v_Skijet_g21_c01,Skijet
v_Swing_g12_c04,Swing
v_ThrowDiscus_g23_c04,ThrowDiscus
v_ApplyLipstick_g16_c05,ApplyLipstick
v_Rafting_g20_c03,Rafting
v_Biking_g17_c01,Biking
v_HandstandWalking_g21_c03,HandstandWalking
v_BenchPress_g12_c03,BenchPress
v_PlayingDaf_g11_c05,PlayingDaf
v_Drumming_g19_c07,Drumming
v_HeadMassage_g25_c07,HeadMassage
v_TaiChi_g17_c02,TaiChi
v_UnevenBars_g23_c04,UnevenBars
v_Skijet_g08_c03,Skijet
v_YoYo_g22_c02,YoYo
v_Archery_g24_c05,Archery
v_FrontCrawl_g22_c01,FrontCrawl
v_ThrowDiscus_g20_c01,ThrowDiscus
v_BlowDryHair_g25_c04,BlowDryHair
v_ParallelBars_g24_c02,ParallelBars
v_Knitting_g13_c04,Knitting
v_Swing_g24_c01,Swing
v_Kayaking_g24_c02,Kayaking
v_Biking_g08_c06,Biking
v_Diving_g11_c03,Diving
v_BoxingPunchingBag_g16_c01,BoxingPunchingBag
v_Biking_g19_c03,Biking
v_Fencing_g18_c04,Fencing
v_JugglingBalls_g23_c01,JugglingBalls
v_Billiards_g12_c02,Billiards
v_JugglingBalls_g12_c05,JugglingBalls
v_PlayingDaf_g16_c02,PlayingDaf
v_Fencing_g19_c01,Fencing
v_YoYo_g11_c06,YoYo
v_TaiChi_g18_c03,TaiChi
v_JumpingJack_g15_c01,JumpingJack
v_HorseRiding_g21_c05,HorseRiding
v_CricketBowling_g18_c04,CricketBowling
v_HorseRace_g17_c04,HorseRace
v_BoxingPunchingBag_g09_c04,BoxingPunchingBag
v_BrushingTeeth_g08_c01,BrushingTeeth
v_FieldHockeyPenalty_g23_c04,FieldHockeyPenalty
v_IceDancing_g13_c05,IceDancing
v_PlayingViolin_g10_c01,PlayingViolin
v_SoccerPenalty_g24_c04,SoccerPenalty
v_CricketShot_g10_c06,CricketShot
v_GolfSwing_g23_c07,GolfSwing
v_PlayingDaf_g25_c04,PlayingDaf
v_Rafting_g10_c03,Rafting
v_PlayingSitar_g12_c04,PlayingSitar
v_BenchPress_g21_c03,BenchPress
v_CricketBowling_g20_c01,CricketBowling
v_CricketShot_g08_c03,CricketShot
v_Shotput_g14_c04,Shotput
v_PullUps_g16_c03,PullUps
v_TrampolineJumping_g09_c01,TrampolineJumping
v_BrushingTeeth_g20_c04,BrushingTeeth
v_CricketShot_g16_c01,CricketShot
v_PoleVault_g15_c04,PoleVault
v_Lunges_g21_c05,Lunges
v_WritingOnBoard_g24_c06,WritingOnBoard
v_Archery_g14_c03,Archery
v_PlayingSitar_g13_c04,PlayingSitar
v_WritingOnBoard_g25_c07,WritingOnBoard
v_HandStandPushups_g15_c04,HandStandPushups
v_BreastStroke_g17_c02,BreastStroke
v_FieldHockeyPenalty_g19_c03,FieldHockeyPenalty
v_BoxingPunchingBag_g10_c02,BoxingPunchingBag
v_FrisbeeCatch_g10_c02,FrisbeeCatch
v_CliffDiving_g11_c03,CliffDiving
v_RockClimbingIndoor_g11_c01,RockClimbingIndoor
v_ThrowDiscus_g09_c04,ThrowDiscus
v_ShavingBeard_g09_c04,ShavingBeard
v_BodyWeightSquats_g18_c01,BodyWeightSquats
v_PullUps_g15_c01,PullUps
v_CricketBowling_g16_c05,CricketBowling
v_FieldHockeyPenalty_g23_c02,FieldHockeyPenalty
v_Rowing_g10_c07,Rowing
v_Diving_g08_c05,Diving
v_Knitting_g22_c04,Knitting
v_PlayingCello_g11_c05,PlayingCello
v_PommelHorse_g18_c04,PommelHorse
v_JugglingBalls_g11_c02,JugglingBalls
v_BaseballPitch_g16_c01,BaseballPitch
v_HorseRiding_g13_c01,HorseRiding
v_BalanceBeam_g24_c04,BalanceBeam
v_JavelinThrow_g11_c01,JavelinThrow
v_UnevenBars_g10_c02,UnevenBars
v_HammerThrow_g19_c06,HammerThrow
v_Kayaking_g22_c02,Kayaking
v_BandMarching_g20_c06,BandMarching
v_Biking_g17_c02,Biking
v_JavelinThrow_g16_c04,JavelinThrow
v_BabyCrawling_g13_c03,BabyCrawling
v_SalsaSpin_g21_c02,SalsaSpin
v_BandMarching_g16_c07,BandMarching
v_Shotput_g16_c05,Shotput
v_GolfSwing_g13_c02,GolfSwing
v_ShavingBeard_g13_c03,ShavingBeard
v_ApplyLipstick_g10_c03,ApplyLipstick
v_PoleVault_g10_c05,PoleVault
v_Archery_g12_c03,Archery
v_Basketball_g10_c04,Basketball
v_HighJump_g09_c04,HighJump
v_Lunges_g19_c04,Lunges
v_Biking_g23_c01,Biking
v_Typing_g10_c02,Typing
v_ApplyLipstick_g17_c05,ApplyLipstick
v_TrampolineJumping_g23_c01,TrampolineJumping
v_Billiards_g25_c01,Billiards
v_BlowDryHair_g10_c05,BlowDryHair
v_Bowling_g08_c04,Bowling
v_BoxingSpeedBag_g17_c05,BoxingSpeedBag
v_BlowingCandles_g25_c04,BlowingCandles
v_HeadMassage_g13_c03,HeadMassage
v_CliffDiving_g23_c03,CliffDiving
v_LongJump_g20_c02,LongJump
v_Shotput_g15_c05,Shotput
v_IceDancing_g18_c02,IceDancing
v_HandstandWalking_g16_c03,HandstandWalking
v_HighJump_g18_c04,HighJump
v_Archery_g13_c04,Archery
v_Diving_g20_c02,Diving
v_HeadMassage_g19_c05,HeadMassage
v_Hammering_g15_c07,Hammering
v_RockClimbingIndoor_g22_c02,RockClimbingIndoor
v_Skiing_g08_c01,Skiing
v_PlayingTabla_g18_c05,PlayingTabla
v_GolfSwing_g08_c06,GolfSwing
v_TaiChi_g16_c02,TaiChi
v_PlayingSitar_g08_c06,PlayingSitar
v_FrisbeeCatch_g13_c01,FrisbeeCatch
v_Billiards_g18_c01,Billiards
v_SoccerJuggling_g23_c05,SoccerJuggling
v_PlayingFlute_g08_c07,PlayingFlute
v_TableTennisShot_g08_c02,TableTennisShot
v_Shotput_g25_c01,Shotput
v_FloorGymnastics_g15_c03,FloorGymnastics
v_HighJump_g12_c01,HighJump
v_CleanAndJerk_g18_c02,CleanAndJerk
v_SalsaSpin_g11_c03,SalsaSpin
v_HandStandPushups_g21_c05,HandStandPushups
v_HandStandPushups_g08_c05,HandStandPushups
v_CricketShot_g11_c03,CricketShot
v_PoleVault_g16_c03,PoleVault
v_SoccerJuggling_g25_c06,SoccerJuggling
v_GolfSwing_g23_c04,GolfSwing
v_JavelinThrow_g14_c04,JavelinThrow
v_CliffDiving_g12_c06,CliffDiving
v_ApplyEyeMakeup_g13_c03,ApplyEyeMakeup
v_BoxingSpeedBag_g20_c04,BoxingSpeedBag
v_Swing_g16_c05,Swing
v_Rafting_g08_c01,Rafting
v_Skiing_g13_c03,Skiing
v_WallPushups_g09_c02,WallPushups
v_Rowing_g24_c04,Rowing
v_CricketShot_g14_c06,CricketShot
v_BoxingSpeedBag_g20_c02,BoxingSpeedBag
v_CliffDiving_g20_c07,CliffDiving
v_BrushingTeeth_g12_c05,BrushingTeeth
v_Fencing_g16_c02,Fencing
v_WritingOnBoard_g20_c01,WritingOnBoard
v_Mixing_g23_c03,Mixing
v_JumpRope_g24_c04,JumpRope
v_FrontCrawl_g11_c02,FrontCrawl
v_Skiing_g22_c05,Skiing
v_WritingOnBoard_g23_c04,WritingOnBoard
v_BreastStroke_g13_c04,BreastStroke
v_JumpRope_g21_c01,JumpRope
v_BaseballPitch_g10_c03,BaseballPitch
v_ApplyEyeMakeup_g19_c04,ApplyEyeMakeup
v_PlayingGuitar_g12_c03,PlayingGuitar
v_ApplyEyeMakeup_g16_c02,ApplyEyeMakeup
v_Nunchucks_g08_c02,Nunchucks
v_WalkingWithDog_g20_c04,WalkingWithDog
v_PommelHorse_g13_c03,PommelHorse
v_PlayingPiano_g21_c01,PlayingPiano
v_BoxingSpeedBag_g15_c01,BoxingSpeedBag
v_JugglingBalls_g17_c02,JugglingBalls
v_TableTennisShot_g24_c04,TableTennisShot
v_CricketShot_g16_c06,CricketShot
v_HandstandWalking_g20_c04,HandstandWalking
v_Kayaking_g23_c03,Kayaking
v_Nunchucks_g20_c03,Nunchucks
v_PlayingFlute_g15_c06,PlayingFlute
v_PlayingGuitar_g16_c01,PlayingGuitar
v_CricketShot_g10_c05,CricketShot
v_BreastStroke_g12_c02,BreastStroke
v_Haircut_g16_c02,Haircut
v_SumoWrestling_g15_c03,SumoWrestling
v_Kayaking_g19_c01,Kayaking
v_BlowingCandles_g12_c04,BlowingCandles
v_YoYo_g13_c04,YoYo
v_Swing_g17_c02,Swing
v_BenchPress_g22_c05,BenchPress
v_FloorGymnastics_g10_c03,FloorGymnastics
v_MilitaryParade_g23_c04,MilitaryParade
v_BalanceBeam_g23_c02,BalanceBeam
v_FrisbeeCatch_g14_c05,FrisbeeCatch
v_CricketShot_g20_c01,CricketShot
v_ApplyEyeMakeup_g08_c04,ApplyEyeMakeup
v_Surfing_g25_c01,Surfing
v_Surfing_g08_c02,Surfing
v_WalkingWithDog_g17_c03,WalkingWithDog
v_TaiChi_g13_c02,TaiChi
v_Swing_g16_c04,Swing
v_MilitaryParade_g20_c04,MilitaryParade
v_WritingOnBoard_g12_c04,WritingOnBoard
v_SoccerJuggling_g12_c04,SoccerJuggling
v_HandstandWalking_g14_c01,HandstandWalking
v_Swing_g16_c02,Swing
v_MoppingFloor_g11_c01,MoppingFloor
v_Kayaking_g14_c01,Kayaking
v_TrampolineJumping_g12_c03,TrampolineJumping
v_TennisSwing_g13_c07,TennisSwing
v_TennisSwing_g16_c07,TennisSwing
v_HeadMassage_g25_c02,HeadMassage
v_PlayingTabla_g22_c01,PlayingTabla
v_BasketballDunk_g12_c03,BasketballDunk
v_BreastStroke_g24_c02,BreastStroke
v_FieldHockeyPenalty_g13_c03,FieldHockeyPenalty
v_BoxingPunchingBag_g15_c03,BoxingPunchingBag
v_HighJump_g17_c03,HighJump
v_CricketBowling_g19_c03,CricketBowling
v_SoccerPenalty_g19_c04,SoccerPenalty
v_Drumming_g08_c05,Drumming
v_JumpingJack_g20_c03,JumpingJack
v_HulaHoop_g22_c05,HulaHoop
v_SkateBoarding_g21_c04,SkateBoarding
v_BandMarching_g25_c04,BandMarching
v_SkyDiving_g13_c01,SkyDiving
v_RockClimbingIndoor_g23_c03,RockClimbingIndoor
v_TennisSwing_g08_c05,TennisSwing
v_TableTennisShot_g19_c06,TableTennisShot
v_Typing_g15_c02,Typing
v_JugglingBalls_g23_c02,JugglingBalls
v_JugglingBalls_g25_c03,JugglingBalls
v_Skiing_g18_c01,Skiing
v_BoxingPunchingBag_g25_c02,BoxingPunchingBag
v_FieldHockeyPenalty_g24_c03,FieldHockeyPenalty
v_Surfing_g11_c01,Surfing
v_BreastStroke_g22_c02,BreastStroke
v_BalanceBeam_g11_c04,BalanceBeam
v_IceDancing_g15_c02,IceDancing
v_SalsaSpin_g18_c04,SalsaSpin
v_TaiChi_g13_c01,TaiChi
v_MilitaryParade_g11_c03,MilitaryParade
v_MoppingFloor_g08_c01,MoppingFloor
v_Lunges_g08_c02,Lunges
v_SkyDiving_g14_c01,SkyDiving
v_Haircut_g18_c05,Haircut
v_MoppingFloor_g24_c01,MoppingFloor
v_CricketShot_g10_c03,CricketShot
v_BodyWeightSquats_g17_c02,BodyWeightSquats
v_PlayingGuitar_g14_c02,PlayingGuitar
v_BreastStroke_g12_c03,BreastStroke
v_BreastStroke_g08_c01,BreastStroke
v_Shotput_g18_c01,Shotput
v_ThrowDiscus_g21_c01,ThrowDiscus
v_PlayingFlute_g08_c04,PlayingFlute
v_PullUps_g08_c01,PullUps
v_HorseRiding_g19_c02,HorseRiding
v_WallPushups_g11_c01,WallPushups
v_Mixing_g15_c01,Mixing
v_Rowing_g16_c02,Rowing
v_Rafting_g24_c03,Rafting
v_Haircut_g18_c03,Haircut
v_Punch_g09_c07,Punch
v_BoxingPunchingBag_g22_c02,BoxingPunchingBag
v_BrushingTeeth_g18_c04,BrushingTeeth
v_CricketBowling_g20_c02,CricketBowling
v_PullUps_g17_c03,PullUps
v_Hammering_g24_c04,Hammering
v_CricketShot_g17_c01,CricketShot
v_SkyDiving_g25_c01,SkyDiving
v_PushUps_g13_c03,PushUps
v_BoxingPunchingBag_g25_c01,BoxingPunchingBag
v_PullUps_g24_c02,PullUps
v_CliffDiving_g20_c01,CliffDiving
v_BandMarching_g17_c02,BandMarching
v_HorseRiding_g17_c06,HorseRiding
v_ParallelBars_g25_c01,ParallelBars
v_Billiards_g19_c06,Billiards
v_FloorGymnastics_g08_c02,FloorGymnastics
v_FloorGymnastics_g18_c01,FloorGymnastics
v_PlayingFlute_g10_c01,PlayingFlute
v_PlayingTabla_g23_c04,PlayingTabla
v_WritingOnBoard_g23_c01,WritingOnBoard
v_Typing_g16_c01,Typing
v_PlayingPiano_g18_c02,PlayingPiano
v_ApplyLipstick_g13_c02,ApplyLipstick
v_UnevenBars_g13_c02,UnevenBars
v_BrushingTeeth_g11_c04,BrushingTeeth
v_FrisbeeCatch_g08_c01,FrisbeeCatch
v_Knitting_g15_c03,Knitting
v_SoccerJuggling_g19_c02,SoccerJuggling
v_Diving_g21_c01,Diving
v_Bowling_g15_c04,Bowling
v_Skiing_g11_c01,Skiing
v_TaiChi_g23_c03,TaiChi
v_YoYo_g16_c05,YoYo
v_PlayingFlute_g15_c02,PlayingFlute
v_BrushingTeeth_g25_c02,BrushingTeeth
v_PizzaTossing_g24_c01,PizzaTossing
v_HammerThrow_g08_c02,HammerThrow
v_BrushingTeeth_g13_c04,BrushingTeeth
v_TaiChi_g12_c04,TaiChi
v_JugglingBalls_g18_c02,JugglingBalls
v_WalkingWithDog_g08_c04,WalkingWithDog
v_ShavingBeard_g14_c03,ShavingBeard
v_Mixing_g13_c01,Mixing
v_Rowing_g10_c01,Rowing
v_Haircut_g16_c01,Haircut
v_CricketBowling_g20_c05,CricketBowling
v_PlayingFlute_g15_c01,PlayingFlute
v_BodyWeightSquats_g08_c02,BodyWeightSquats
v_HandstandWalking_g20_c03,HandstandWalking
v_TennisSwing_g11_c02,TennisSwing
v_SoccerPenalty_g08_c06,SoccerPenalty
v_Diving_g10_c06,Diving
v_Kayaking_g12_c01,Kayaking
v_Basketball_g18_c04,Basketball
v_BoxingPunchingBag_g16_c04,BoxingPunchingBag
v_FrontCrawl_g08_c05,FrontCrawl
v_BabyCrawling_g20_c03,BabyCrawling
v_YoYo_g10_c05,YoYo
v_BoxingPunchingBag_g10_c04,BoxingPunchingBag
v_BalanceBeam_g19_c03,BalanceBeam
v_PushUps_g24_c04,PushUps
v_Hammering_g22_c05,Hammering
v_ApplyLipstick_g12_c02,ApplyLipstick
v_BandMarching_g19_c03,BandMarching
v_Kayaking_g09_c06,Kayaking
v_VolleyballSpiking_g08_c03,VolleyballSpiking
v_HeadMassage_g21_c01,HeadMassage
v_BodyWeightSquats_g13_c04,BodyWeightSquats
v_Surfing_g08_c01,Surfing
v_BabyCrawling_g09_c01,BabyCrawling
v_SkyDiving_g18_c06,SkyDiving
v_FieldHockeyPenalty_g16_c03,FieldHockeyPenalty
v_SumoWrestling_g23_c02,SumoWrestling
v_PlayingGuitar_g15_c07,PlayingGuitar
v_BaseballPitch_g08_c07,BaseballPitch
v_SoccerPenalty_g17_c01,SoccerPenalty
v_TaiChi_g25_c03,TaiChi
v_SoccerPenalty_g13_c06,SoccerPenalty
v_PushUps_g11_c04,PushUps
v_PlayingDaf_g23_c06,PlayingDaf
v_FrisbeeCatch_g25_c02,FrisbeeCatch
v_ShavingBeard_g15_c01,ShavingBeard
v_CliffDiving_g24_c04,CliffDiving
v_PlayingCello_g13_c06,PlayingCello
v_ApplyEyeMakeup_g19_c02,ApplyEyeMakeup
v_BandMarching_g09_c01,BandMarching
v_Billiards_g14_c01,Billiards
v_HorseRace_g24_c06,HorseRace
v_WallPushups_g20_c06,WallPushups
v_Billiards_g13_c04,Billiards
v_FieldHockeyPenalty_g23_c01,FieldHockeyPenalty
v_PlayingPiano_g18_c04,PlayingPiano
v_Haircut_g10_c06,Haircut
v_CricketBowling_g19_c07,CricketBowling
v_LongJump_g10_c05,LongJump
v_HighJump_g23_c01,HighJump
v_LongJump_g21_c01,LongJump
v_IceDancing_g12_c02,IceDancing
v_BlowingCandles_g15_c01,BlowingCandles
v_SumoWrestling_g13_c01,SumoWrestling
v_WallPushups_g16_c03,WallPushups
v_RockClimbingIndoor_g16_c02,RockClimbingIndoor
v_PlayingDhol_g14_c06,PlayingDhol
v_Hammering_g08_c04,Hammering
v_Typing_g10_c06,Typing
v_Punch_g20_c04,Punch
v_WritingOnBoard_g22_c02,WritingOnBoard
v_BrushingTeeth_g22_c07,BrushingTeeth
v_PlayingCello_g08_c05,PlayingCello
v_ThrowDiscus_g24_c01,ThrowDiscus
v_TennisSwing_g12_c06,TennisSwing
v_ApplyLipstick_g25_c02,ApplyLipstick
v_PlayingDaf_g08_c04,PlayingDaf
v_ApplyEyeMakeup_g10_c05,ApplyEyeMakeup
v_PlayingDhol_g17_c06,PlayingDhol
v_PlayingCello_g12_c07,PlayingCello
v_FrisbeeCatch_g12_c03,FrisbeeCatch
v_Rafting_g09_c04,Rafting
v_SoccerPenalty_g22_c01,SoccerPenalty
v_ParallelBars_g10_c03,ParallelBars
v_BandMarching_g21_c01,BandMarching
v_PlayingTabla_g08_c02,PlayingTabla
v_BalanceBeam_g12_c03,BalanceBeam
v_BaseballPitch_g09_c07,BaseballPitch
v_BlowingCandles_g21_c03,BlowingCandles
v_BlowDryHair_g23_c03,BlowDryHair
v_PlayingCello_g25_c07,PlayingCello
v_TableTennisShot_g09_c06,TableTennisShot
v_Nunchucks_g25_c06,Nunchucks
v_PlayingFlute_g24_c05,PlayingFlute
v_PlayingPiano_g20_c04,PlayingPiano
v_SoccerJuggling_g23_c02,SoccerJuggling
v_SkateBoarding_g24_c05,SkateBoarding
v_PushUps_g10_c01,PushUps
v_HammerThrow_g16_c02,HammerThrow
v_BreastStroke_g20_c04,BreastStroke
v_BabyCrawling_g25_c02,BabyCrawling
v_PlayingSitar_g14_c03,PlayingSitar
v_HorseRace_g17_c03,HorseRace
v_PlayingPiano_g25_c02,PlayingPiano
v_Rowing_g21_c04,Rowing
v_JumpingJack_g20_c04,JumpingJack
v_FrontCrawl_g14_c03,FrontCrawl
v_CricketBowling_g15_c01,CricketBowling
v_PlayingTabla_g24_c04,PlayingTabla
v_BlowDryHair_g16_c04,BlowDryHair
v_BrushingTeeth_g10_c04,BrushingTeeth
v_SkateBoarding_g15_c02,SkateBoarding
v_ShavingBeard_g12_c01,ShavingBeard
v_CliffDiving_g12_c01,CliffDiving
v_IceDancing_g20_c06,IceDancing
v_ThrowDiscus_g11_c06,ThrowDiscus
v_Billiards_g12_c07,Billiards
v_HandstandWalking_g09_c04,HandstandWalking
v_PlayingDhol_g22_c03,PlayingDhol
v_PlayingViolin_g08_c01,PlayingViolin
v_BandMarching_g10_c04,BandMarching
v_JumpRope_g23_c02,JumpRope
v_Basketball_g23_c06,Basketball
v_HulaHoop_g25_c01,HulaHoop
v_UnevenBars_g15_c06,UnevenBars
v_SalsaSpin_g10_c04,SalsaSpin
v_BaseballPitch_g25_c07,BaseballPitch
v_CricketBowling_g21_c03,CricketBowling
v_Lunges_g23_c05,Lunges
v_IceDancing_g11_c03,IceDancing
v_PoleVault_g12_c02,PoleVault
v_ApplyLipstick_g14_c02,ApplyLipstick
v_Billiards_g18_c05,Billiards
v_TrampolineJumping_g14_c01,TrampolineJumping
v_Archery_g23_c05,Archery
v_HulaHoop_g08_c01,HulaHoop
v_JugglingBalls_g08_c05,JugglingBalls
v_CuttingInKitchen_g15_c03,CuttingInKitchen
v_HandStandPushups_g20_c04,HandStandPushups
v_RopeClimbing_g19_c06,RopeClimbing
v_YoYo_g15_c04,YoYo
v_HorseRace_g21_c04,HorseRace
v_FrontCrawl_g18_c07,FrontCrawl
v_CricketShot_g23_c02,CricketShot
v_BlowDryHair_g14_c01,BlowDryHair
v_HandStandPushups_g20_c06,HandStandPushups
v_StillRings_g09_c04,StillRings
v_SoccerJuggling_g24_c06,SoccerJuggling
v_VolleyballSpiking_g17_c02,VolleyballSpiking
v_FloorGymnastics_g08_c01,FloorGymnastics
v_PlayingGuitar_g14_c04,PlayingGuitar
v_WritingOnBoard_g25_c01,WritingOnBoard
v_SalsaSpin_g11_c01,SalsaSpin
v_RopeClimbing_g13_c03,RopeClimbing
v_PlayingDhol_g25_c07,PlayingDhol
v_PullUps_g18_c01,PullUps
v_Knitting_g11_c01,Knitting
v_CleanAndJerk_g10_c03,CleanAndJerk
v_CleanAndJerk_g14_c03,CleanAndJerk
v_Lunges_g09_c04,Lunges
v_BlowingCandles_g24_c04,BlowingCandles
v_Nunchucks_g17_c02,Nunchucks
v_SkateBoarding_g24_c02,SkateBoarding
v_ApplyLipstick_g12_c03,ApplyLipstick
v_Hammering_g16_c04,Hammering
v_WallPushups_g16_c04,WallPushups
v_TableTennisShot_g14_c01,TableTennisShot
v_Swing_g09_c06,Swing
v_Skiing_g24_c01,Skiing
v_BandMarching_g08_c06,BandMarching
v_ApplyEyeMakeup_g12_c04,ApplyEyeMakeup
v_Shotput_g24_c01,Shotput
v_Hammering_g14_c05,Hammering
v_Skijet_g19_c02,Skijet
v_Typing_g14_c04,Typing
v_BlowDryHair_g21_c02,BlowDryHair
v_FieldHockeyPenalty_g08_c03,FieldHockeyPenalty
v_Biking_g18_c06,Biking
v_Billiards_g19_c03,Billiards
v_BasketballDunk_g16_c03,BasketballDunk
v_HighJump_g21_c04,HighJump
v_ThrowDiscus_g18_c05,ThrowDiscus
v_JumpingJack_g15_c03,JumpingJack
v_Typing_g21_c04,Typing
v_JugglingBalls_g12_c01,JugglingBalls
v_Skiing_g18_c03,Skiing
v_Surfing_g20_c01,Surfing
v_Rafting_g12_c01,Rafting
v_JavelinThrow_g25_c02,JavelinThrow
v_Rowing_g18_c03,Rowing
v_UnevenBars_g16_c01,UnevenBars
v_Knitting_g25_c01,Knitting
v_BandMarching_g11_c02,BandMarching
v_TennisSwing_g25_c04,TennisSwing
v_HeadMassage_g21_c05,HeadMassage
v_PlayingFlute_g08_c05,PlayingFlute
v_PlayingTabla_g22_c02,PlayingTabla
v_VolleyballSpiking_g10_c03,VolleyballSpiking
v_Nunchucks_g10_c06,Nunchucks
v_Billiards_g25_c06,Billiards
v_HandStandPushups_g08_c01,HandStandPushups
v_JumpingJack_g10_c01,JumpingJack
v_PlayingDhol_g21_c06,PlayingDhol
v_HorseRiding_g20_c04,HorseRiding
v_FieldHockeyPenalty_g21_c01,FieldHockeyPenalty
v_ThrowDiscus_g19_c04,ThrowDiscus
v_CricketBowling_g11_c02,CricketBowling
v_Kayaking_g16_c04,Kayaking
v_ShavingBeard_g18_c05,ShavingBeard
v_Drumming_g08_c03,Drumming
v_Nunchucks_g10_c02,Nunchucks
v_Bowling_g09_c01,Bowling
v_TableTennisShot_g10_c01,TableTennisShot
v_CuttingInKitchen_g13_c01,CuttingInKitchen
v_PlayingPiano_g11_c03,PlayingPiano
v_IceDancing_g14_c03,IceDancing
v_BlowingCandles_g11_c01,BlowingCandles
v_Diving_g22_c03,Diving
v_Hammering_g15_c03,Hammering
v_LongJump_g16_c04,LongJump
v_Diving_g20_c01,Diving
v_Nunchucks_g17_c06,Nunchucks
v_FieldHockeyPenalty_g12_c05,FieldHockeyPenalty
v_HandStandPushups_g24_c02,HandStandPushups
v_SkateBoarding_g13_c04,SkateBoarding
v_GolfSwing_g21_c04,GolfSwing
v_FloorGymnastics_g21_c05,FloorGymnastics
v_Hammering_g21_c07,Hammering
v_HandStandPushups_g23_c01,HandStandPushups
v_JavelinThrow_g18_c03,JavelinThrow
v_LongJump_g20_c01,LongJump
v_CricketBowling_g14_c04,CricketBowling
v_JumpingJack_g14_c01,JumpingJack
v_CricketBowling_g16_c03,CricketBowling
v_WallPushups_g12_c04,WallPushups
v_PlayingCello_g11_c02,PlayingCello
v_IceDancing_g10_c01,IceDancing
v_HammerThrow_g23_c01,HammerThrow
v_BrushingTeeth_g25_c03,BrushingTeeth
v_PoleVault_g12_c06,PoleVault
v_ParallelBars_g21_c01,ParallelBars
v_FloorGymnastics_g09_c01,FloorGymnastics
v_BoxingSpeedBag_g23_c02,BoxingSpeedBag
v_FrisbeeCatch_g21_c02,FrisbeeCatch
v_RockClimbingIndoor_g20_c04,RockClimbingIndoor
v_Bowling_g19_c02,Bowling
v_BlowingCandles_g17_c01,BlowingCandles
v_MoppingFloor_g24_c03,MoppingFloor
v_Typing_g15_c01,Typing
v_Lunges_g16_c03,Lunges
v_FrontCrawl_g20_c07,FrontCrawl
v_RopeClimbing_g18_c01,RopeClimbing
v_HeadMassage_g25_c01,HeadMassage
v_ParallelBars_g16_c03,ParallelBars
v_Swing_g18_c04,Swing
v_TaiChi_g16_c01,TaiChi
v_Nunchucks_g20_c04,Nunchucks
v_JumpRope_g18_c01,JumpRope
v_UnevenBars_g10_c04,UnevenBars
v_PizzaTossing_g19_c01,PizzaTossing
v_ThrowDiscus_g10_c05,ThrowDiscus
v_Basketball_g18_c01,Basketball
v_BoxingSpeedBag_g14_c06,BoxingSpeedBag
v_Nunchucks_g18_c05,Nunchucks
v_FieldHockeyPenalty_g15_c02,FieldHockeyPenalty
v_FrontCrawl_g11_c01,FrontCrawl
v_SoccerJuggling_g13_c02,SoccerJuggling
v_Punch_g25_c06,Punch
v_SkateBoarding_g14_c01,SkateBoarding
v_Rowing_g19_c01,Rowing
v_FieldHockeyPenalty_g12_c06,FieldHockeyPenalty
v_FrisbeeCatch_g10_c06,FrisbeeCatch
v_BaseballPitch_g11_c04,BaseballPitch
v_ApplyLipstick_g19_c02,ApplyLipstick
v_TableTennisShot_g19_c02,TableTennisShot
v_Fencing_g18_c01,Fencing
v_Archery_g15_c02,Archery
v_RopeClimbing_g25_c01,RopeClimbing
v_Punch_g21_c04,Punch
v_ThrowDiscus_g24_c04,ThrowDiscus
v_BasketballDunk_g20_c06,BasketballDunk
v_HorseRace_g11_c05,HorseRace
v_PlayingSitar_g16_c04,PlayingSitar
v_HammerThrow_g15_c02,HammerThrow
v_YoYo_g16_c03,YoYo
v_Typing_g10_c04,Typing
v_Biking_g11_c02,Biking
v_Typing_g23_c02,Typing
v_Diving_g15_c06,Diving
v_Diving_g16_c03,Diving
v_PlayingCello_g22_c06,PlayingCello
v_PlayingGuitar_g13_c01,PlayingGuitar
v_YoYo_g24_c03,YoYo
v_HandStandPushups_g13_c01,HandStandPushups
v_CleanAndJerk_g11_c04,CleanAndJerk
v_HandStandPushups_g20_c01,HandStandPushups
v_Diving_g08_c03,Diving
v_TennisSwing_g20_c02,TennisSwing
v_BenchPress_g24_c04,BenchPress
v_HighJump_g09_c05,HighJump
v_PlayingViolin_g25_c04,PlayingViolin
v_ApplyEyeMakeup_g12_c02,ApplyEyeMakeup
v_WalkingWithDog_g19_c02,WalkingWithDog
v_HorseRiding_g08_c03,HorseRiding
v_Lunges_g16_c01,Lunges
v_SumoWrestling_g11_c03,SumoWrestling
v_ApplyEyeMakeup_g16_c05,ApplyEyeMakeup
v_Biking_g17_c06,Biking
v_HandstandWalking_g18_c02,HandstandWalking
v_PushUps_g14_c02,PushUps
v_PushUps_g10_c04,PushUps
v_JumpingJack_g16_c01,JumpingJack
v_Surfing_g17_c04,Surfing
v_WritingOnBoard_g13_c03,WritingOnBoard
v_JugglingBalls_g19_c01,JugglingBalls
v_Punch_g24_c02,Punch
v_WritingOnBoard_g21_c04,WritingOnBoard
v_HeadMassage_g24_c03,HeadMassage
v_Lunges_g21_c03,Lunges
v_BoxingSpeedBag_g16_c04,BoxingSpeedBag
v_VolleyballSpiking_g17_c04,VolleyballSpiking
v_WallPushups_g17_c04,WallPushups
v_StillRings_g25_c04,StillRings
v_BaseballPitch_g23_c06,BaseballPitch
v_LongJump_g13_c06,LongJump
v_Fencing_g24_c03,Fencing
v_JumpRope_g09_c03,JumpRope
v_BodyWeightSquats_g10_c02,BodyWeightSquats
v_Basketball_g12_c01,Basketball
v_HandStandPushups_g23_c05,HandStandPushups
v_FloorGymnastics_g24_c03,FloorGymnastics
v_PushUps_g13_c01,PushUps
v_Bowling_g25_c03,Bowling
v_BaseballPitch_g22_c03,BaseballPitch
v_ShavingBeard_g09_c07,ShavingBeard
v_Lunges_g08_c03,Lunges
v_BoxingPunchingBag_g11_c02,BoxingPunchingBag
v_FrisbeeCatch_g22_c05,FrisbeeCatch
v_MoppingFloor_g21_c04,MoppingFloor
v_Bowling_g15_c02,Bowling
v_Rowing_g17_c06,Rowing
v_Rowing_g21_c03,Rowing
v_BandMarching_g08_c07,BandMarching
v_BabyCrawling_g24_c02,BabyCrawling
v_StillRings_g25_c01,StillRings
v_JugglingBalls_g15_c01,JugglingBalls
v_HandstandWalking_g22_c02,HandstandWalking
v_SoccerJuggling_g24_c03,SoccerJuggling
v_YoYo_g24_c02,YoYo
v_Nunchucks_g12_c02,Nunchucks
v_Swing_g21_c01,Swing
v_UnevenBars_g08_c02,UnevenBars
v_Hammering_g25_c04,Hammering
v_TennisSwing_g16_c06,TennisSwing
v_PommelHorse_g23_c03,PommelHorse
v_ApplyLipstick_g08_c02,ApplyLipstick
v_YoYo_g19_c06,YoYo
v_Hammering_g12_c02,Hammering
v_JavelinThrow_g23_c03,JavelinThrow
v_BoxingPunchingBag_g17_c02,BoxingPunchingBag
v_SkyDiving_g18_c03,SkyDiving
v_Rafting_g16_c02,Rafting
v_PlayingGuitar_g23_c03,PlayingGuitar
v_HorseRace_g24_c02,HorseRace
v_UnevenBars_g08_c04,UnevenBars
v_PlayingGuitar_g17_c04,PlayingGuitar
v_ShavingBeard_g15_c03,ShavingBeard
v_PommelHorse_g22_c05,PommelHorse
v_WritingOnBoard_g18_c06,WritingOnBoard
v_ThrowDiscus_g13_c04,ThrowDiscus
v_BaseballPitch_g09_c03,BaseballPitch
v_MilitaryParade_g15_c03,MilitaryParade
v_JavelinThrow_g17_c03,JavelinThrow
v_GolfSwing_g13_c01,GolfSwing
v_PlayingSitar_g20_c01,PlayingSitar
v_BlowDryHair_g10_c04,BlowDryHair
v_Lunges_g10_c04,Lunges
v_Basketball_g08_c02,Basketball
v_VolleyballSpiking_g20_c01,VolleyballSpiking
v_Billiards_g22_c03,Billiards
v_BlowDryHair_g18_c03,BlowDryHair
v_ShavingBeard_g10_c01,ShavingBeard
v_BreastStroke_g16_c04,BreastStroke
v_BlowDryHair_g08_c02,BlowDryHair
v_PushUps_g08_c01,PushUps
v_LongJump_g08_c02,LongJump
v_SkateBoarding_g13_c02,SkateBoarding
v_CricketBowling_g08_c04,CricketBowling
v_BoxingPunchingBag_g13_c03,BoxingPunchingBag
v_CricketShot_g18_c02,CricketShot
v_ApplyLipstick_g21_c03,ApplyLipstick
v_BoxingPunchingBag_g19_c02,BoxingPunchingBag
v_WritingOnBoard_g14_c02,WritingOnBoard
v_CricketBowling_g10_c02,CricketBowling
v_Biking_g11_c06,Biking
v_PlayingGuitar_g19_c06,PlayingGuitar
v_Typing_g08_c07,Typing
v_BrushingTeeth_g10_c02,BrushingTeeth
v_PlayingGuitar_g16_c07,PlayingGuitar
v_TrampolineJumping_g22_c05,TrampolineJumping
v_ApplyLipstick_g20_c05,ApplyLipstick
v_Drumming_g25_c05,Drumming
v_CricketBowling_g15_c02,CricketBowling
v_IceDancing_g19_c06,IceDancing
v_GolfSwing_g17_c06,GolfSwing
v_PlayingDaf_g12_c05,PlayingDaf
v_PoleVault_g16_c04,PoleVault
v_RockClimbingIndoor_g16_c03,RockClimbingIndoor
v_BlowDryHair_g25_c02,BlowDryHair
v_BoxingPunchingBag_g08_c05,BoxingPunchingBag
v_Diving_g21_c07,Diving
v_ApplyLipstick_g23_c02,ApplyLipstick
v_BoxingPunchingBag_g24_c05,BoxingPunchingBag
v_BoxingSpeedBag_g23_c03,BoxingSpeedBag
v_Biking_g12_c04,Biking
v_Swing_g14_c02,Swing
v_WritingOnBoard_g24_c07,WritingOnBoard
v_Skiing_g15_c01,Skiing
v_JavelinThrow_g08_c01,JavelinThrow
v_FrisbeeCatch_g17_c01,FrisbeeCatch
v_BreastStroke_g16_c03,BreastStroke
v_PullUps_g10_c04,PullUps
v_Mixing_g15_c06,Mixing
v_PoleVault_g17_c04,PoleVault
v_HorseRiding_g22_c06,HorseRiding
v_PlayingDhol_g16_c06,PlayingDhol
v_BenchPress_g14_c02,BenchPress
v_HighJump_g16_c01,HighJump
v_UnevenBars_g14_c03,UnevenBars
v_HandStandPushups_g15_c05,HandStandPushups
v_BoxingSpeedBag_g09_c01,BoxingSpeedBag
v_PushUps_g15_c03,PushUps
v_TaiChi_g19_c03,TaiChi
v_Hammering_g18_c06,Hammering
v_RockClimbingIndoor_g13_c06,RockClimbingIndoor
v_IceDancing_g24_c02,IceDancing
v_PushUps_g15_c01,PushUps
v_Knitting_g15_c07,Knitting
v_HammerThrow_g13_c04,HammerThrow
v_SumoWrestling_g10_c03,SumoWrestling
v_ParallelBars_g11_c05,ParallelBars
v_Fencing_g14_c02,Fencing
v_BrushingTeeth_g24_c02,BrushingTeeth
v_Diving_g19_c04,Diving
v_JavelinThrow_g22_c03,JavelinThrow
v_BandMarching_g22_c01,BandMarching
v_CleanAndJerk_g12_c04,CleanAndJerk
v_ThrowDiscus_g15_c04,ThrowDiscus
v_BabyCrawling_g15_c04,BabyCrawling
v_Bowling_g12_c02,Bowling
v_JumpRope_g22_c03,JumpRope
v_RopeClimbing_g13_c04,RopeClimbing
v_FrisbeeCatch_g16_c02,FrisbeeCatch
v_BenchPress_g20_c04,BenchPress
v_UnevenBars_g10_c03,UnevenBars
v_PlayingGuitar_g13_c04,PlayingGuitar
v_StillRings_g23_c02,StillRings
v_JavelinThrow_g08_c04,JavelinThrow
v_ShavingBeard_g17_c05,ShavingBeard
v_PlayingDaf_g12_c04,PlayingDaf
v_ShavingBeard_g20_c04,ShavingBeard
v_TrampolineJumping_g24_c04,TrampolineJumping
v_HighJump_g09_c01,HighJump
v_Basketball_g22_c02,Basketball
v_SkateBoarding_g14_c04,SkateBoarding
v_BalanceBeam_g20_c03,BalanceBeam
v_RockClimbingIndoor_g10_c03,RockClimbingIndoor
v_PoleVault_g25_c04,PoleVault
v_TaiChi_g23_c02,TaiChi
v_HulaHoop_g17_c02,HulaHoop
v_Hammering_g13_c04,Hammering
v_BlowDryHair_g17_c03,BlowDryHair
v_TrampolineJumping_g08_c01,TrampolineJumping
v_Rafting_g11_c03,Rafting
v_JumpRope_g14_c04,JumpRope
v_Punch_g10_c01,Punch
v_Punch_g19_c04,Punch
v_LongJump_g11_c05,LongJump
v_Basketball_g21_c06,Basketball
v_RopeClimbing_g22_c03,RopeClimbing
v_HulaHoop_g23_c06,HulaHoop
v_Rowing_g10_c05,Rowing
v_CricketShot_g17_c06,CricketShot
v_PullUps_g20_c03,PullUps
v_StillRings_g20_c02,StillRings
v_PlayingViolin_g17_c01,PlayingViolin
v_IceDancing_g10_c06,IceDancing
v_RockClimbingIndoor_g10_c05,RockClimbingIndoor
v_JumpingJack_g16_c02,JumpingJack
v_JugglingBalls_g16_c03,JugglingBalls
v_Haircut_g25_c02,Haircut
v_CricketBowling_g14_c01,CricketBowling
v_Skiing_g22_c01,Skiing
v_Swing_g11_c02,Swing
v_BlowDryHair_g22_c01,BlowDryHair
v_WritingOnBoard_g14_c01,WritingOnBoard
v_SoccerPenalty_g18_c02,SoccerPenalty
v_FloorGymnastics_g09_c05,FloorGymnastics
v_PlayingSitar_g08_c01,PlayingSitar
v_UnevenBars_g09_c01,UnevenBars
v_BandMarching_g25_c02,BandMarching
v_PlayingDaf_g10_c02,PlayingDaf
v_Kayaking_g22_c03,Kayaking
v_StillRings_g16_c02,StillRings
v_TennisSwing_g10_c05,TennisSwing
v_PlayingDaf_g25_c01,PlayingDaf
v_Shotput_g24_c02,Shotput
v_HighJump_g16_c05,HighJump
v_BlowDryHair_g24_c04,BlowDryHair
v_TaiChi_g08_c04,TaiChi
v_BaseballPitch_g17_c01,BaseballPitch
v_IceDancing_g08_c04,IceDancing
v_BenchPress_g25_c07,BenchPress
v_BoxingSpeedBag_g15_c02,BoxingSpeedBag
v_WallPushups_g12_c05,WallPushups
v_HorseRiding_g13_c03,HorseRiding
v_Drumming_g15_c06,Drumming
v_Typing_g17_c01,Typing
v_ShavingBeard_g10_c06,ShavingBeard
v_Surfing_g13_c02,Surfing
v_Skijet_g18_c02,Skijet
v_Rafting_g22_c02,Rafting
v_HulaHoop_g21_c03,HulaHoop
v_PlayingCello_g25_c05,PlayingCello
v_Skijet_g15_c01,Skijet
v_PlayingTabla_g18_c01,PlayingTabla
v_BaseballPitch_g16_c03,BaseballPitch
v_PlayingFlute_g09_c05,PlayingFlute
v_Rowing_g12_c05,Rowing
v_PlayingPiano_g20_c03,PlayingPiano
v_ApplyLipstick_g12_c04,ApplyLipstick
v_YoYo_g13_c03,YoYo
v_SkyDiving_g17_c02,SkyDiving
v_Punch_g12_c01,Punch
v_Nunchucks_g24_c01,Nunchucks
v_PlayingSitar_g18_c03,PlayingSitar
v_WritingOnBoard_g15_c05,WritingOnBoard
v_PlayingDhol_g13_c02,PlayingDhol
v_PlayingDhol_g18_c05,PlayingDhol
v_PlayingSitar_g21_c06,PlayingSitar
v_VolleyballSpiking_g14_c01,VolleyballSpiking
v_BodyWeightSquats_g25_c07,BodyWeightSquats
v_FloorGymnastics_g09_c06,FloorGymnastics
v_BodyWeightSquats_g21_c03,BodyWeightSquats
v_PoleVault_g21_c02,PoleVault
v_BaseballPitch_g19_c05,BaseballPitch
v_BoxingPunchingBag_g17_c03,BoxingPunchingBag
v_PullUps_g19_c01,PullUps
v_Mixing_g12_c07,Mixing
v_SalsaSpin_g13_c01,SalsaSpin
v_Shotput_g15_c03,Shotput
v_YoYo_g10_c03,YoYo
v_ApplyLipstick_g21_c05,ApplyLipstick
v_PlayingGuitar_g15_c02,PlayingGuitar
v_FrisbeeCatch_g15_c03,FrisbeeCatch
v_HeadMassage_g09_c03,HeadMassage
v_PullUps_g25_c02,PullUps
v_CliffDiving_g14_c05,CliffDiving
v_TrampolineJumping_g18_c02,TrampolineJumping
v_SoccerJuggling_g21_c03,SoccerJuggling
v_PlayingDhol_g08_c07,PlayingDhol
v_HulaHoop_g19_c01,HulaHoop
v_HeadMassage_g11_c04,HeadMassage
v_PlayingViolin_g16_c02,PlayingViolin
v_HorseRiding_g12_c02,HorseRiding
v_BalanceBeam_g13_c04,BalanceBeam
v_PizzaTossing_g21_c04,PizzaTossing
v_CliffDiving_g20_c03,CliffDiving
v_BoxingPunchingBag_g08_c06,BoxingPunchingBag
v_Hammering_g19_c03,Hammering
v_BoxingPunchingBag_g12_c07,BoxingPunchingBag
v_Fencing_g14_c01,Fencing
v_SumoWrestling_g12_c03,SumoWrestling
v_PlayingDaf_g17_c01,PlayingDaf
v_Typing_g20_c02,Typing
v_MilitaryParade_g09_c01,MilitaryParade
v_Fencing_g25_c01,Fencing
v_MoppingFloor_g08_c04,MoppingFloor
v_YoYo_g22_c03,YoYo
v_VolleyballSpiking_g10_c04,VolleyballSpiking
v_JumpingJack_g09_c04,JumpingJack
v_Archery_g23_c06,Archery
v_SkateBoarding_g11_c02,SkateBoarding
v_PlayingDaf_g21_c03,PlayingDaf
v_IceDancing_g19_c02,IceDancing
v_Archery_g13_c05,Archery
v_Mixing_g14_c06,Mixing
v_Knitting_g13_c01,Knitting
v_FloorGymnastics_g19_c02,FloorGymnastics
v_UnevenBars_g18_c04,UnevenBars
v_PlayingSitar_g14_c02,PlayingSitar
v_Archery_g18_c07,Archery
v_PlayingDhol_g09_c05,PlayingDhol
v_SoccerPenalty_g24_c05,SoccerPenalty
v_PoleVault_g22_c01,PoleVault
v_ShavingBeard_g19_c05,ShavingBeard
v_HeadMassage_g22_c03,HeadMassage
v_PoleVault_g13_c02,PoleVault
v_PizzaTossing_g18_c03,PizzaTossing
v_RopeClimbing_g17_c04,RopeClimbing
v_FieldHockeyPenalty_g14_c01,FieldHockeyPenalty
v_JumpRope_g13_c03,JumpRope
v_ThrowDiscus_g17_c01,ThrowDiscus
v_BaseballPitch_g08_c06,BaseballPitch
v_PizzaTossing_g11_c02,PizzaTossing
v_Drumming_g14_c01,Drumming
v_CleanAndJerk_g18_c01,CleanAndJerk
v_CricketShot_g12_c06,CricketShot
v_Biking_g21_c06,Biking
v_Lunges_g08_c04,Lunges
v_PoleVault_g12_c04,PoleVault
v_Swing_g10_c03,Swing
v_Surfing_g17_c03,Surfing
v_TaiChi_g23_c04,TaiChi
v_CricketBowling_g24_c01,CricketBowling
v_FrontCrawl_g19_c01,FrontCrawl
v_PlayingTabla_g11_c02,PlayingTabla
v_Punch_g11_c03,Punch
v_SkyDiving_g12_c04,SkyDiving
v_TaiChi_g15_c03,TaiChi
v_BrushingTeeth_g08_c06,BrushingTeeth
v_BlowDryHair_g18_c05,BlowDryHair
v_RockClimbingIndoor_g08_c03,RockClimbingIndoor
v_PlayingDhol_g16_c01,PlayingDhol
v_BodyWeightSquats_g18_c03,BodyWeightSquats
v_ApplyEyeMakeup_g18_c01,ApplyEyeMakeup
v_Punch_g17_c02,Punch
v_SkateBoarding_g12_c02,SkateBoarding
v_Drumming_g12_c07,Drumming
v_HandStandPushups_g14_c01,HandStandPushups
v_Archery_g14_c04,Archery
v_FrontCrawl_g18_c06,FrontCrawl
v_MilitaryParade_g08_c02,MilitaryParade
v_BabyCrawling_g20_c02,BabyCrawling
v_FrontCrawl_g10_c02,FrontCrawl
v_HorseRiding_g21_c06,HorseRiding
v_JavelinThrow_g15_c01,JavelinThrow
v_IceDancing_g24_c04,IceDancing
v_ParallelBars_g11_c06,ParallelBars
v_BenchPress_g21_c02,BenchPress
v_JavelinThrow_g12_c01,JavelinThrow
v_BreastStroke_g17_c04,BreastStroke
v_Shotput_g09_c01,Shotput
v_Drumming_g14_c02,Drumming
v_BreastStroke_g19_c02,BreastStroke
v_Rafting_g23_c03,Rafting
v_BodyWeightSquats_g24_c03,BodyWeightSquats
v_SkyDiving_g17_c03,SkyDiving
v_Haircut_g11_c02,Haircut
v_ApplyEyeMakeup_g25_c06,ApplyEyeMakeup
v_Fencing_g20_c02,Fencing
v_Diving_g11_c04,Diving
v_BodyWeightSquats_g19_c04,BodyWeightSquats
v_HammerThrow_g14_c03,HammerThrow
v_Knitting_g18_c02,Knitting
v_TrampolineJumping_g21_c02,TrampolineJumping
v_ThrowDiscus_g08_c04,ThrowDiscus
v_JumpingJack_g09_c05,JumpingJack
v_Shotput_g15_c04,Shotput
v_FieldHockeyPenalty_g16_c02,FieldHockeyPenalty
v_Mixing_g19_c03,Mixing
v_VolleyballSpiking_g08_c06,VolleyballSpiking
v_CuttingInKitchen_g14_c01,CuttingInKitchen
v_HighJump_g23_c05,HighJump
v_Hammering_g11_c02,Hammering
v_SumoWrestling_g21_c03,SumoWrestling
v_PlayingFlute_g19_c02,PlayingFlute
v_Swing_g12_c03,Swing
v_TableTennisShot_g10_c04,TableTennisShot
v_Lunges_g09_c03,Lunges
v_PoleVault_g19_c01,PoleVault
v_SoccerPenalty_g08_c04,SoccerPenalty
v_Drumming_g10_c01,Drumming
v_TennisSwing_g18_c06,TennisSwing
v_TennisSwing_g11_c04,TennisSwing
v_RockClimbingIndoor_g15_c01,RockClimbingIndoor
v_MoppingFloor_g18_c02,MoppingFloor
v_HighJump_g21_c02,HighJump
v_HandStandPushups_g08_c02,HandStandPushups
v_SoccerJuggling_g15_c04,SoccerJuggling
v_TableTennisShot_g16_c04,TableTennisShot
v_PommelHorse_g12_c02,PommelHorse
v_BandMarching_g22_c04,BandMarching
v_GolfSwing_g18_c03,GolfSwing
v_Lunges_g14_c01,Lunges
v_Swing_g21_c02,Swing
v_PlayingFlute_g15_c07,PlayingFlute
v_CliffDiving_g15_c03,CliffDiving
v_BoxingPunchingBag_g20_c07,BoxingPunchingBag
v_RockClimbingIndoor_g16_c01,RockClimbingIndoor
v_JumpingJack_g21_c03,JumpingJack
v_PlayingCello_g12_c05,PlayingCello
v_HeadMassage_g10_c04,HeadMassage
v_PlayingFlute_g16_c04,PlayingFlute
v_LongJump_g09_c04,LongJump
v_ParallelBars_g10_c04,ParallelBars
v_PommelHorse_g14_c03,PommelHorse
v_BabyCrawling_g17_c05,BabyCrawling
v_Typing_g22_c04,Typing
v_SalsaSpin_g15_c06,SalsaSpin
v_SkateBoarding_g25_c03,SkateBoarding
v_BoxingPunchingBag_g18_c03,BoxingPunchingBag
v_JumpRope_g21_c07,JumpRope
v_BreastStroke_g09_c01,BreastStroke
v_PizzaTossing_g14_c02,PizzaTossing
v_BabyCrawling_g23_c01,BabyCrawling
v_UnevenBars_g15_c02,UnevenBars
v_ShavingBeard_g25_c03,ShavingBeard
v_Diving_g12_c03,Diving
v_Punch_g25_c04,Punch
v_PullUps_g10_c02,PullUps
v_ParallelBars_g19_c02,ParallelBars
v_PlayingGuitar_g24_c03,PlayingGuitar
v_HulaHoop_g09_c06,HulaHoop
v_Archery_g11_c05,Archery
v_BaseballPitch_g17_c03,BaseballPitch
v_Hammering_g24_c07,Hammering
v_Swing_g23_c04,Swing
v_CliffDiving_g16_c01,CliffDiving
v_BlowingCandles_g21_c01,BlowingCandles
v_PlayingDaf_g12_c03,PlayingDaf
v_CricketShot_g23_c01,CricketShot
v_RockClimbingIndoor_g14_c02,RockClimbingIndoor
v_SoccerPenalty_g22_c05,SoccerPenalty
v_ApplyLipstick_g22_c06,ApplyLipstick
v_PlayingDhol_g23_c07,PlayingDhol
v_PlayingSitar_g17_c05,PlayingSitar
v_HorseRiding_g15_c04,HorseRiding
v_BoxingPunchingBag_g09_c06,BoxingPunchingBag
v_Knitting_g11_c04,Knitting
v_Haircut_g10_c01,Haircut
v_Drumming_g20_c06,Drumming
v_JumpRope_g18_c02,JumpRope
v_JumpRope_g18_c07,JumpRope
v_PommelHorse_g24_c03,PommelHorse
v_LongJump_g14_c05,LongJump
v_SalsaSpin_g15_c02,SalsaSpin
v_PoleVault_g14_c02,PoleVault
v_PlayingPiano_g23_c03,PlayingPiano
v_BoxingSpeedBag_g14_c05,BoxingSpeedBag
v_HandStandPushups_g16_c01,HandStandPushups
v_BodyWeightSquats_g22_c04,BodyWeightSquats
v_MoppingFloor_g22_c04,MoppingFloor
v_PlayingSitar_g23_c05,PlayingSitar
v_HandstandWalking_g08_c02,HandstandWalking
v_Haircut_g11_c05,Haircut
v_HighJump_g23_c04,HighJump
v_HandStandPushups_g24_c01,HandStandPushups
v_ShavingBeard_g19_c07,ShavingBeard
v_PlayingDhol_g25_c05,PlayingDhol
v_TaiChi_g14_c03,TaiChi
v_JumpingJack_g13_c07,JumpingJack
v_Fencing_g08_c01,Fencing
v_PlayingPiano_g12_c02,PlayingPiano
v_BalanceBeam_g09_c03,BalanceBeam
v_TableTennisShot_g22_c02,TableTennisShot
v_Surfing_g10_c01,Surfing
v_SkyDiving_g13_c03,SkyDiving
v_CleanAndJerk_g22_c04,CleanAndJerk
v_Surfing_g15_c06,Surfing
v_TrampolineJumping_g12_c01,TrampolineJumping
v_Hammering_g12_c05,Hammering
v_RockClimbingIndoor_g13_c01,RockClimbingIndoor
v_BabyCrawling_g13_c05,BabyCrawling
v_Hammering_g21_c02,Hammering
v_BenchPress_g10_c04,BenchPress
v_HulaHoop_g21_c01,HulaHoop
v_SkateBoarding_g25_c04,SkateBoarding
v_CuttingInKitchen_g09_c01,CuttingInKitchen
v_Knitting_g21_c02,Knitting
v_PlayingViolin_g18_c02,PlayingViolin
v_WritingOnBoard_g11_c04,WritingOnBoard
v_BenchPress_g20_c07,BenchPress
v_Typing_g13_c03,Typing
v_CuttingInKitchen_g20_c02,CuttingInKitchen
v_YoYo_g13_c02,YoYo
v_PizzaTossing_g12_c01,PizzaTossing
v_Punch_g15_c01,Punch
v_RockClimbingIndoor_g12_c06,RockClimbingIndoor
v_Lunges_g10_c02,Lunges
v_BrushingTeeth_g18_c01,BrushingTeeth
v_ApplyLipstick_g20_c02,ApplyLipstick
v_BalanceBeam_g08_c03,BalanceBeam
v_BaseballPitch_g18_c02,BaseballPitch
v_SalsaSpin_g22_c01,SalsaSpin
v_CuttingInKitchen_g09_c02,CuttingInKitchen
v_PlayingTabla_g14_c04,PlayingTabla
v_CliffDiving_g22_c04,CliffDiving
v_UnevenBars_g11_c04,UnevenBars
v_PlayingSitar_g19_c03,PlayingSitar
v_PlayingTabla_g12_c01,PlayingTabla
v_GolfSwing_g24_c04,GolfSwing
v_ApplyEyeMakeup_g24_c02,ApplyEyeMakeup
v_IceDancing_g23_c01,IceDancing
v_RopeClimbing_g16_c05,RopeClimbing
v_TennisSwing_g09_c04,TennisSwing
v_JavelinThrow_g15_c02,JavelinThrow
v_ApplyEyeMakeup_g12_c05,ApplyEyeMakeup
v_BlowDryHair_g16_c01,BlowDryHair
v_Swing_g17_c04,Swing
v_Rafting_g08_c03,Rafting
v_PlayingFlute_g22_c04,PlayingFlute
v_Diving_g12_c06,Diving
v_Punch_g12_c06,Punch
v_ApplyLipstick_g17_c02,ApplyLipstick
v_FrontCrawl_g08_c04,FrontCrawl
v_ParallelBars_g09_c05,ParallelBars
v_HighJump_g08_c04,HighJump
v_WalkingWithDog_g14_c02,WalkingWithDog
v_RockClimbingIndoor_g20_c06,RockClimbingIndoor
v_JavelinThrow_g09_c04,JavelinThrow
v_WritingOnBoard_g23_c02,WritingOnBoard
v_WallPushups_g18_c03,WallPushups
v_PlayingDhol_g22_c02,PlayingDhol
v_RockClimbingIndoor_g17_c02,RockClimbingIndoor
v_WalkingWithDog_g24_c03,WalkingWithDog
v_Kayaking_g21_c07,Kayaking
v_SoccerJuggling_g20_c02,SoccerJuggling
v_PlayingSitar_g08_c05,PlayingSitar
v_MoppingFloor_g23_c03,MoppingFloor
v_PlayingPiano_g21_c02,PlayingPiano
v_BlowingCandles_g17_c03,BlowingCandles
v_TennisSwing_g24_c06,TennisSwing
v_SumoWrestling_g25_c01,SumoWrestling
v_Drumming_g20_c03,Drumming
v_ThrowDiscus_g17_c05,ThrowDiscus
v_HeadMassage_g15_c05,HeadMassage
v_Bowling_g21_c01,Bowling
v_Swing_g14_c01,Swing
v_CricketShot_g13_c05,CricketShot
v_PlayingDaf_g11_c02,PlayingDaf
v_SumoWrestling_g22_c04,SumoWrestling
v_PoleVault_g10_c02,PoleVault
v_WallPushups_g22_c02,WallPushups
v_HeadMassage_g17_c05,HeadMassage
v_PlayingDhol_g20_c03,PlayingDhol
v_Fencing_g22_c03,Fencing
v_BodyWeightSquats_g12_c03,BodyWeightSquats
v_ThrowDiscus_g10_c03,ThrowDiscus
v_Mixing_g16_c02,Mixing
v_PlayingCello_g13_c07,PlayingCello
v_HulaHoop_g21_c02,HulaHoop
v_Haircut_g22_c03,Haircut
v_TrampolineJumping_g12_c02,TrampolineJumping
v_JumpRope_g08_c05,JumpRope
v_BoxingSpeedBag_g23_c01,BoxingSpeedBag
v_PlayingViolin_g21_c01,PlayingViolin
v_ParallelBars_g11_c04,ParallelBars
v_BrushingTeeth_g16_c03,BrushingTeeth
v_FieldHockeyPenalty_g19_c01,FieldHockeyPenalty
v_PlayingDaf_g25_c06,PlayingDaf
v_TennisSwing_g08_c04,TennisSwing
v_Nunchucks_g23_c05,Nunchucks
v_PlayingFlute_g20_c04,PlayingFlute
v_BalanceBeam_g19_c02,BalanceBeam
v_RopeClimbing_g15_c03,RopeClimbing
v_WalkingWithDog_g19_c01,WalkingWithDog
v_Knitting_g17_c01,Knitting
v_FrontCrawl_g25_c02,FrontCrawl
v_HammerThrow_g25_c04,HammerThrow
v_RopeClimbing_g22_c01,RopeClimbing
v_Nunchucks_g12_c05,Nunchucks
v_PlayingFlute_g12_c03,PlayingFlute
v_HandStandPushups_g12_c02,HandStandPushups
v_SoccerPenalty_g25_c01,SoccerPenalty
v_JumpingJack_g24_c04,JumpingJack
v_BasketballDunk_g10_c03,BasketballDunk
v_Basketball_g25_c05,Basketball
v_ParallelBars_g16_c02,ParallelBars
v_CricketBowling_g19_c04,CricketBowling
v_Skijet_g24_c02,Skijet
v_TableTennisShot_g15_c07,TableTennisShot
v_Mixing_g15_c04,Mixing
v_Kayaking_g18_c05,Kayaking
v_CricketBowling_g11_c01,CricketBowling
v_BenchPress_g09_c05,BenchPress
v_IceDancing_g22_c02,IceDancing
v_BlowDryHair_g17_c05,BlowDryHair
v_BabyCrawling_g08_c02,BabyCrawling
v_FrontCrawl_g14_c06,FrontCrawl
v_Swing_g18_c01,Swing
v_IceDancing_g24_c06,IceDancing
v_Billiards_g09_c02,Billiards
v_SoccerPenalty_g23_c01,SoccerPenalty
v_Archery_g17_c03,Archery
v_FrisbeeCatch_g11_c04,FrisbeeCatch
v_PlayingGuitar_g14_c07,PlayingGuitar
v_ThrowDiscus_g19_c03,ThrowDiscus
v_BoxingSpeedBag_g14_c02,BoxingSpeedBag
v_FrontCrawl_g21_c04,FrontCrawl
v_Rowing_g20_c01,Rowing
v_Rowing_g09_c01,Rowing
v_Shotput_g13_c03,Shotput
v_ParallelBars_g17_c02,ParallelBars
v_Hammering_g10_c02,Hammering
v_JavelinThrow_g23_c05,JavelinThrow
v_HighJump_g11_c03,HighJump
v_CliffDiving_g08_c01,CliffDiving
v_PlayingCello_g23_c03,PlayingCello
v_BasketballDunk_g21_c04,BasketballDunk
v_WritingOnBoard_g20_c06,WritingOnBoard
v_BabyCrawling_g08_c04,BabyCrawling
v_FrisbeeCatch_g19_c05,FrisbeeCatch
v_Diving_g20_c05,Diving
v_PlayingSitar_g19_c04,PlayingSitar
v_Bowling_g17_c05,Bowling
v_PlayingTabla_g11_c04,PlayingTabla
v_PlayingTabla_g18_c06,PlayingTabla
v_Rowing_g17_c01,Rowing
v_HandStandPushups_g09_c02,HandStandPushups
v_Surfing_g17_c05,Surfing
v_HorseRiding_g15_c03,HorseRiding
v_TaiChi_g12_c01,TaiChi
v_Fencing_g22_c04,Fencing
v_JumpingJack_g08_c01,JumpingJack
v_Mixing_g22_c03,Mixing
v_WalkingWithDog_g22_c01,WalkingWithDog
v_ApplyLipstick_g15_c01,ApplyLipstick
v_BalanceBeam_g13_c01,BalanceBeam
v_BasketballDunk_g09_c01,BasketballDunk
v_PoleVault_g12_c05,PoleVault
v_Nunchucks_g22_c04,Nunchucks
v_LongJump_g21_c02,LongJump
v_PommelHorse_g13_c06,PommelHorse
v_HulaHoop_g08_c04,HulaHoop
v_SkateBoarding_g22_c03,SkateBoarding
v_Lunges_g10_c03,Lunges
v_PlayingPiano_g12_c04,PlayingPiano
v_Fencing_g23_c04,Fencing
v_Swing_g20_c04,Swing
v_HorseRace_g13_c02,HorseRace
v_HandstandWalking_g19_c02,HandstandWalking
v_JavelinThrow_g21_c01,JavelinThrow
v_Drumming_g25_c03,Drumming
v_BoxingSpeedBag_g09_c06,BoxingSpeedBag
v_BlowingCandles_g16_c04,BlowingCandles
v_Billiards_g20_c02,Billiards
v_SkateBoarding_g24_c03,SkateBoarding
v_PlayingDhol_g11_c06,PlayingDhol
v_Rafting_g08_c05,Rafting
v_Skiing_g16_c02,Skiing
v_ThrowDiscus_g11_c03,ThrowDiscus
v_HorseRiding_g24_c07,HorseRiding
v_VolleyballSpiking_g09_c02,VolleyballSpiking
v_HammerThrow_g21_c02,HammerThrow
v_BoxingPunchingBag_g13_c04,BoxingPunchingBag
v_Mixing_g10_c01,Mixing
v_Mixing_g22_c02,Mixing
v_Fencing_g23_c02,Fencing
v_PommelHorse_g21_c02,PommelHorse
v_FrisbeeCatch_g22_c01,FrisbeeCatch
v_SalsaSpin_g17_c02,SalsaSpin
v_WalkingWithDog_g23_c04,WalkingWithDog
v_PlayingDhol_g18_c03,PlayingDhol
v_Kayaking_g16_c05,Kayaking
v_TennisSwing_g23_c01,TennisSwing
v_PlayingDhol_g20_c04,PlayingDhol
v_Lunges_g13_c01,Lunges
v_Basketball_g22_c05,Basketball
v_PlayingPiano_g15_c02,PlayingPiano
v_Bowling_g25_c04,Bowling
v_CliffDiving_g18_c07,CliffDiving
v_Drumming_g23_c05,Drumming
v_HorseRiding_g13_c02,HorseRiding
v_HulaHoop_g23_c04,HulaHoop
v_BrushingTeeth_g12_c03,BrushingTeeth
v_Surfing_g18_c01,Surfing
v_CricketShot_g08_c05,CricketShot
v_HulaHoop_g11_c01,HulaHoop
v_MilitaryParade_g22_c02,MilitaryParade
v_PlayingFlute_g09_c02,PlayingFlute
v_BrushingTeeth_g08_c03,BrushingTeeth
v_PlayingGuitar_g11_c03,PlayingGuitar
v_SalsaSpin_g16_c03,SalsaSpin
v_TrampolineJumping_g16_c02,TrampolineJumping
v_BaseballPitch_g22_c05,BaseballPitch
v_RopeClimbing_g18_c04,RopeClimbing
v_Diving_g14_c04,Diving
v_HammerThrow_g12_c05,HammerThrow
v_TableTennisShot_g21_c02,TableTennisShot
v_PlayingFlute_g25_c05,PlayingFlute
v_FrontCrawl_g13_c02,FrontCrawl
v_ShavingBeard_g09_c06,ShavingBeard
v_WritingOnBoard_g20_c05,WritingOnBoard
v_PlayingDhol_g24_c03,PlayingDhol
v_PlayingGuitar_g10_c02,PlayingGuitar
v_CricketShot_g24_c04,CricketShot
v_Basketball_g25_c06,Basketball
v_CleanAndJerk_g24_c04,CleanAndJerk
v_TableTennisShot_g19_c01,TableTennisShot
v_Typing_g19_c01,Typing
v_SkateBoarding_g09_c03,SkateBoarding
v_CricketShot_g19_c02,CricketShot
v_PullUps_g12_c02,PullUps
v_FrisbeeCatch_g10_c03,FrisbeeCatch
v_PlayingDaf_g19_c06,PlayingDaf
v_PushUps_g22_c02,PushUps
v_SkateBoarding_g12_c01,SkateBoarding
v_JugglingBalls_g24_c03,JugglingBalls
v_IceDancing_g16_c05,IceDancing
v_Punch_g23_c01,Punch
v_Bowling_g24_c06,Bowling
v_HorseRiding_g12_c01,HorseRiding
v_Skijet_g25_c01,Skijet
v_BasketballDunk_g10_c02,BasketballDunk
v_TaiChi_g20_c04,TaiChi
v_WritingOnBoard_g23_c06,WritingOnBoard
v_Hammering_g13_c05,Hammering
v_HeadMassage_g17_c03,HeadMassage
v_WritingOnBoard_g09_c05,WritingOnBoard
v_HandStandPushups_g09_c04,HandStandPushups
v_Haircut_g19_c04,Haircut
v_WritingOnBoard_g25_c06,WritingOnBoard
v_HorseRiding_g24_c06,HorseRiding
v_JavelinThrow_g16_c03,JavelinThrow
v_PlayingSitar_g22_c06,PlayingSitar
v_BandMarching_g16_c03,BandMarching
v_VolleyballSpiking_g24_c01,VolleyballSpiking
v_TableTennisShot_g25_c04,TableTennisShot
v_CricketBowling_g22_c05,CricketBowling
v_HulaHoop_g13_c03,HulaHoop
v_PoleVault_g23_c06,PoleVault
v_Shotput_g09_c07,Shotput
v_MoppingFloor_g15_c03,MoppingFloor
v_Archery_g18_c05,Archery
v_HorseRace_g14_c04,HorseRace
v_Shotput_g09_c02,Shotput
v_Punch_g09_c02,Punch
v_PullUps_g23_c01,PullUps
v_Knitting_g15_c04,Knitting
v_VolleyballSpiking_g19_c04,VolleyballSpiking
v_Lunges_g13_c06,Lunges
v_CliffDiving_g14_c02,CliffDiving
v_Knitting_g13_c02,Knitting
v_Biking_g14_c02,Biking
v_Surfing_g21_c04,Surfing
v_HandStandPushups_g21_c01,HandStandPushups
v_PlayingViolin_g11_c02,PlayingViolin
v_VolleyballSpiking_g25_c03,VolleyballSpiking
v_Lunges_g13_c05,Lunges
v_FloorGymnastics_g13_c01,FloorGymnastics
v_TrampolineJumping_g13_c03,TrampolineJumping
v_Shotput_g08_c03,Shotput
v_PlayingFlute_g10_c05,PlayingFlute
v_Kayaking_g13_c02,Kayaking
v_PlayingSitar_g20_c04,PlayingSitar
v_PlayingSitar_g19_c01,PlayingSitar
v_Biking_g10_c01,Biking
v_ThrowDiscus_g11_c04,ThrowDiscus
v_BoxingPunchingBag_g19_c03,BoxingPunchingBag
v_PlayingTabla_g23_c02,PlayingTabla
v_CuttingInKitchen_g22_c04,CuttingInKitchen
v_Billiards_g15_c04,Billiards
v_PlayingCello_g13_c01,PlayingCello
v_Skiing_g22_c03,Skiing
v_ApplyEyeMakeup_g19_c01,ApplyEyeMakeup
v_SoccerPenalty_g14_c06,SoccerPenalty
v_BreastStroke_g11_c02,BreastStroke
v_StillRings_g23_c01,StillRings
v_BenchPress_g23_c01,BenchPress
v_PushUps_g18_c04,PushUps
v_PlayingDaf_g08_c05,PlayingDaf
v_StillRings_g12_c02,StillRings
v_PlayingCello_g08_c01,PlayingCello
v_SoccerPenalty_g21_c03,SoccerPenalty
v_BasketballDunk_g14_c06,BasketballDunk
v_BlowDryHair_g13_c02,BlowDryHair
v_Shotput_g08_c06,Shotput
v_PushUps_g24_c01,PushUps
v_Biking_g18_c01,Biking
v_BandMarching_g14_c01,BandMarching
v_HighJump_g14_c02,HighJump
v_RopeClimbing_g22_c02,RopeClimbing
v_FrontCrawl_g22_c03,FrontCrawl
v_ApplyLipstick_g23_c03,ApplyLipstick
v_FrontCrawl_g10_c01,FrontCrawl
v_PlayingPiano_g25_c01,PlayingPiano
v_SoccerJuggling_g11_c05,SoccerJuggling
v_Swing_g16_c03,Swing
v_BlowDryHair_g24_c03,BlowDryHair
v_PizzaTossing_g13_c03,PizzaTossing
v_PushUps_g15_c04,PushUps
v_CleanAndJerk_g08_c04,CleanAndJerk
v_Typing_g14_c05,Typing
v_TaiChi_g18_c01,TaiChi
v_JugglingBalls_g12_c02,JugglingBalls
v_PlayingPiano_g22_c03,PlayingPiano
v_HighJump_g08_c05,HighJump
v_RockClimbingIndoor_g23_c02,RockClimbingIndoor
v_SumoWrestling_g24_c03,SumoWrestling
v_PlayingGuitar_g12_c05,PlayingGuitar
v_PullUps_g12_c03,PullUps
v_TennisSwing_g15_c02,TennisSwing
v_UnevenBars_g12_c04,UnevenBars
v_PlayingCello_g25_c03,PlayingCello
v_GolfSwing_g24_c02,GolfSwing
v_BoxingPunchingBag_g11_c05,BoxingPunchingBag
v_Skijet_g15_c04,Skijet
v_WritingOnBoard_g20_c03,WritingOnBoard
v_ShavingBeard_g23_c04,ShavingBeard
v_Nunchucks_g09_c03,Nunchucks
v_ApplyEyeMakeup_g17_c01,ApplyEyeMakeup
v_HammerThrow_g10_c05,HammerThrow
v_TaiChi_g21_c02,TaiChi
v_SoccerJuggling_g19_c06,SoccerJuggling
v_Biking_g15_c04,Biking
v_WallPushups_g09_c04,WallPushups
v_BasketballDunk_g09_c04,BasketballDunk
v_Basketball_g20_c02,Basketball
v_Knitting_g13_c03,Knitting
v_CricketShot_g09_c04,CricketShot
v_HorseRace_g11_c04,HorseRace
v_Punch_g09_c05,Punch
v_Haircut_g09_c01,Haircut
v_Billiards_g09_c05,Billiards
v_Archery_g15_c06,Archery
v_ShavingBeard_g17_c01,ShavingBeard
v_Typing_g17_c03,Typing
v_HammerThrow_g21_c04,HammerThrow
v_BabyCrawling_g16_c01,BabyCrawling
v_BlowingCandles_g24_c03,BlowingCandles
v_ApplyLipstick_g14_c04,ApplyLipstick
v_PlayingViolin_g23_c01,PlayingViolin
v_Swing_g21_c06,Swing
v_HighJump_g22_c05,HighJump
v_PlayingSitar_g09_c03,PlayingSitar
v_PlayingCello_g10_c04,PlayingCello
v_Hammering_g09_c03,Hammering
v_RopeClimbing_g16_c01,RopeClimbing
v_BlowDryHair_g24_c01,BlowDryHair
v_BoxingSpeedBag_g17_c02,BoxingSpeedBag
v_Swing_g12_c01,Swing
v_TennisSwing_g20_c04,TennisSwing
v_CliffDiving_g09_c06,CliffDiving
v_SumoWrestling_g14_c02,SumoWrestling
v_RopeClimbing_g15_c05,RopeClimbing
v_BabyCrawling_g23_c02,BabyCrawling
v_BenchPress_g20_c06,BenchPress
v_Lunges_g16_c02,Lunges
v_FrontCrawl_g09_c03,FrontCrawl
v_RockClimbingIndoor_g18_c03,RockClimbingIndoor
v_FrisbeeCatch_g17_c04,FrisbeeCatch
v_Rafting_g24_c02,Rafting
v_IceDancing_g08_c01,IceDancing
v_Billiards_g19_c05,Billiards
v_BalanceBeam_g16_c02,BalanceBeam
v_LongJump_g09_c05,LongJump
v_UnevenBars_g20_c03,UnevenBars
v_HeadMassage_g13_c02,HeadMassage
v_Archery_g11_c02,Archery
v_BaseballPitch_g16_c05,BaseballPitch
v_LongJump_g10_c06,LongJump
v_LongJump_g17_c02,LongJump
v_Basketball_g24_c02,Basketball
v_CliffDiving_g08_c04,CliffDiving
v_Drumming_g13_c07,Drumming
v_FloorGymnastics_g23_c01,FloorGymnastics
v_Billiards_g13_c02,Billiards
v_BrushingTeeth_g11_c02,BrushingTeeth
v_SoccerPenalty_g21_c04,SoccerPenalty
v_BrushingTeeth_g13_c03,BrushingTeeth
v_WalkingWithDog_g08_c02,WalkingWithDog
v_VolleyballSpiking_g20_c02,VolleyballSpiking
v_Billiards_g25_c03,Billiards
v_BandMarching_g23_c06,BandMarching
v_PommelHorse_g22_c03,PommelHorse
v_Archery_g25_c01,Archery
v_PlayingTabla_g18_c02,PlayingTabla
v_Basketball_g24_c03,Basketball
v_BoxingSpeedBag_g12_c02,BoxingSpeedBag
v_Billiards_g11_c03,Billiards
v_Rafting_g15_c04,Rafting
v_CricketBowling_g19_c05,CricketBowling
v_FrontCrawl_g21_c02,FrontCrawl
v_Fencing_g13_c02,Fencing
v_WritingOnBoard_g13_c02,WritingOnBoard
v_WallPushups_g11_c06,WallPushups
v_Rowing_g23_c04,Rowing
v_SumoWrestling_g17_c05,SumoWrestling
v_Hammering_g14_c06,Hammering
v_JavelinThrow_g13_c03,JavelinThrow
v_PoleVault_g25_c02,PoleVault
v_GolfSwing_g20_c01,GolfSwing
v_Surfing_g09_c05,Surfing
v_MilitaryParade_g08_c03,MilitaryParade
v_JumpRope_g22_c06,JumpRope
v_TrampolineJumping_g25_c04,TrampolineJumping
v_HighJump_g19_c02,HighJump
v_Biking_g25_c01,Biking
v_BenchPress_g13_c01,BenchPress
v_Bowling_g25_c01,Bowling
v_PlayingPiano_g13_c01,PlayingPiano
v_PlayingDaf_g13_c04,PlayingDaf
v_Fencing_g11_c01,Fencing
v_WritingOnBoard_g25_c05,WritingOnBoard
v_Skijet_g23_c04,Skijet
v_SoccerJuggling_g16_c06,SoccerJuggling
v_Biking_g15_c03,Biking
v_PlayingSitar_g19_c06,PlayingSitar
v_PlayingPiano_g13_c04,PlayingPiano
v_SalsaSpin_g19_c03,SalsaSpin
v_Typing_g23_c01,Typing
v_HorseRace_g10_c03,HorseRace
v_Basketball_g25_c01,Basketball
v_SoccerPenalty_g08_c02,SoccerPenalty
v_CricketShot_g12_c04,CricketShot
v_ApplyEyeMakeup_g13_c02,ApplyEyeMakeup
v_TaiChi_g11_c03,TaiChi
v_BenchPress_g19_c06,BenchPress
v_TrampolineJumping_g16_c04,TrampolineJumping
v_PommelHorse_g14_c04,PommelHorse
v_Hammering_g08_c01,Hammering
v_BoxingSpeedBag_g25_c06,BoxingSpeedBag
v_SoccerJuggling_g14_c06,SoccerJuggling
v_ApplyEyeMakeup_g14_c04,ApplyEyeMakeup
v_RockClimbingIndoor_g10_c07,RockClimbingIndoor
v_PlayingDhol_g17_c07,PlayingDhol
v_GolfSwing_g12_c03,GolfSwing
v_CliffDiving_g08_c03,CliffDiving
v_FloorGymnastics_g12_c05,FloorGymnastics
v_HorseRiding_g11_c07,HorseRiding
v_ShavingBeard_g24_c04,ShavingBeard
v_JugglingBalls_g22_c05,JugglingBalls
v_Billiards_g23_c01,Billiards
v_BodyWeightSquats_g19_c01,BodyWeightSquats
v_JumpRope_g15_c02,JumpRope
v_HorseRiding_g19_c03,HorseRiding
v_GolfSwing_g15_c02,GolfSwing
v_JumpRope_g21_c04,JumpRope
v_Knitting_g20_c04,Knitting
v_ApplyEyeMakeup_g08_c01,ApplyEyeMakeup
v_TaiChi_g15_c02,TaiChi
v_BlowDryHair_g17_c04,BlowDryHair
v_PizzaTossing_g11_c03,PizzaTossing
v_SoccerJuggling_g13_c04,SoccerJuggling
v_WallPushups_g10_c04,WallPushups
v_HorseRiding_g08_c05,HorseRiding
v_BlowDryHair_g21_c03,BlowDryHair
v_ParallelBars_g19_c04,ParallelBars
v_PlayingSitar_g24_c03,PlayingSitar
v_Hammering_g13_c02,Hammering
v_BenchPress_g17_c03,BenchPress
v_CricketBowling_g25_c04,CricketBowling
v_ShavingBeard_g19_c04,ShavingBeard
v_HorseRiding_g14_c02,HorseRiding
v_SalsaSpin_g15_c04,SalsaSpin
v_CricketBowling_g21_c01,CricketBowling
v_PullUps_g15_c03,PullUps
v_PlayingDhol_g18_c02,PlayingDhol
v_Skiing_g09_c06,Skiing
v_BreastStroke_g12_c01,BreastStroke
v_CricketShot_g22_c05,CricketShot
v_WritingOnBoard_g24_c05,WritingOnBoard
v_Drumming_g21_c07,Drumming
v_HulaHoop_g09_c05,HulaHoop
v_WalkingWithDog_g22_c03,WalkingWithDog
v_BrushingTeeth_g14_c04,BrushingTeeth
v_Surfing_g13_c01,Surfing
v_ThrowDiscus_g25_c01,ThrowDiscus
v_Basketball_g16_c06,Basketball
v_CricketBowling_g25_c02,CricketBowling
v_UnevenBars_g14_c01,UnevenBars
v_UnevenBars_g21_c02,UnevenBars
v_PlayingViolin_g17_c02,PlayingViolin
v_Surfing_g09_c03,Surfing
v_PlayingDaf_g08_c07,PlayingDaf
v_HorseRiding_g14_c05,HorseRiding
v_HandStandPushups_g23_c04,HandStandPushups
v_PlayingTabla_g14_c03,PlayingTabla
v_CleanAndJerk_g12_c02,CleanAndJerk
v_HandStandPushups_g18_c05,HandStandPushups
v_SoccerPenalty_g08_c01,SoccerPenalty
v_HorseRiding_g13_c04,HorseRiding
v_Bowling_g10_c06,Bowling
v_PullUps_g15_c02,PullUps
v_ApplyLipstick_g17_c04,ApplyLipstick
v_WritingOnBoard_g10_c05,WritingOnBoard
v_Basketball_g11_c05,Basketball
v_Swing_g09_c04,Swing
v_JavelinThrow_g20_c03,JavelinThrow
v_ShavingBeard_g08_c02,ShavingBeard
v_BandMarching_g16_c05,BandMarching
v_PlayingFlute_g19_c07,PlayingFlute
v_BreastStroke_g20_c02,BreastStroke
v_WritingOnBoard_g10_c04,WritingOnBoard
v_FrontCrawl_g17_c05,FrontCrawl
v_Biking_g13_c03,Biking
v_ThrowDiscus_g10_c01,ThrowDiscus
v_IceDancing_g16_c03,IceDancing
v_BoxingPunchingBag_g15_c02,BoxingPunchingBag
v_UnevenBars_g19_c02,UnevenBars
v_ShavingBeard_g22_c02,ShavingBeard
v_BabyCrawling_g19_c01,BabyCrawling
v_BaseballPitch_g18_c05,BaseballPitch
v_TableTennisShot_g09_c01,TableTennisShot
v_Biking_g24_c06,Biking
v_BalanceBeam_g17_c05,BalanceBeam
v_PlayingPiano_g14_c04,PlayingPiano
v_PlayingCello_g09_c07,PlayingCello
v_TennisSwing_g18_c05,TennisSwing
v_PlayingCello_g16_c03,PlayingCello
v_IceDancing_g23_c06,IceDancing
v_ApplyLipstick_g09_c03,ApplyLipstick
v_PlayingViolin_g12_c03,PlayingViolin
v_PlayingGuitar_g15_c06,PlayingGuitar
v_CleanAndJerk_g09_c02,CleanAndJerk
v_StillRings_g21_c02,StillRings
v_Archery_g21_c04,Archery
v_Skijet_g17_c01,Skijet
v_BalanceBeam_g17_c01,BalanceBeam
v_BoxingPunchingBag_g20_c01,BoxingPunchingBag
v_Basketball_g08_c04,Basketball
v_HorseRiding_g08_c01,HorseRiding
v_WallPushups_g20_c04,WallPushups
v_FrontCrawl_g25_c04,FrontCrawl
v_SoccerJuggling_g22_c06,SoccerJuggling
v_TableTennisShot_g25_c05,TableTennisShot
v_Biking_g16_c05,Biking
v_Punch_g12_c05,Punch
v_HorseRiding_g23_c06,HorseRiding
v_Lunges_g17_c01,Lunges
v_Typing_g16_c02,Typing
v_ApplyEyeMakeup_g25_c01,ApplyEyeMakeup
v_HandStandPushups_g11_c06,HandStandPushups
v_HorseRiding_g08_c04,HorseRiding
v_WalkingWithDog_g12_c02,WalkingWithDog
v_Skijet_g18_c03,Skijet
v_Mixing_g10_c04,Mixing
v_CricketBowling_g11_c07,CricketBowling
v_TennisSwing_g23_c04,TennisSwing
v_PlayingDhol_g22_c07,PlayingDhol
v_Bowling_g15_c03,Bowling
v_Skijet_g20_c03,Skijet
v_SkyDiving_g16_c03,SkyDiving
v_BreastStroke_g22_c01,BreastStroke
v_HandstandWalking_g21_c01,HandstandWalking
v_Mixing_g17_c04,Mixing
v_PlayingTabla_g13_c01,PlayingTabla
v_Kayaking_g11_c07,Kayaking
v_Diving_g20_c03,Diving
v_Billiards_g10_c02,Billiards
v_Kayaking_g23_c04,Kayaking
v_UnevenBars_g22_c04,UnevenBars
v_Fencing_g17_c04,Fencing
v_Lunges_g20_c02,Lunges
v_BlowingCandles_g08_c01,BlowingCandles
v_PlayingTabla_g14_c02,PlayingTabla
v_BodyWeightSquats_g18_c04,BodyWeightSquats
v_BaseballPitch_g23_c05,BaseballPitch
v_BabyCrawling_g15_c03,BabyCrawling
v_BabyCrawling_g09_c02,BabyCrawling
v_UnevenBars_g18_c01,UnevenBars
v_Skijet_g10_c01,Skijet
v_IceDancing_g23_c02,IceDancing
v_CuttingInKitchen_g10_c02,CuttingInKitchen
v_Diving_g24_c06,Diving
v_SoccerPenalty_g21_c02,SoccerPenalty
v_BoxingSpeedBag_g18_c01,BoxingSpeedBag
v_Shotput_g23_c06,Shotput
v_LongJump_g12_c05,LongJump
v_Hammering_g14_c07,Hammering
v_Punch_g12_c04,Punch
v_IceDancing_g19_c01,IceDancing
v_ShavingBeard_g17_c07,ShavingBeard
v_BaseballPitch_g11_c02,BaseballPitch
v_Rowing_g22_c03,Rowing
v_PlayingSitar_g21_c04,PlayingSitar
v_Lunges_g23_c04,Lunges
v_PoleVault_g21_c06,PoleVault
v_Skijet_g12_c02,Skijet
v_HorseRiding_g21_c01,HorseRiding
v_PoleVault_g18_c01,PoleVault
v_BreastStroke_g24_c01,BreastStroke
v_PlayingDaf_g19_c04,PlayingDaf
v_Kayaking_g17_c02,Kayaking
v_JavelinThrow_g11_c06,JavelinThrow
v_CliffDiving_g21_c04,CliffDiving
v_PizzaTossing_g09_c03,PizzaTossing
v_ShavingBeard_g22_c06,ShavingBeard
v_YoYo_g08_c02,YoYo
v_Billiards_g21_c04,Billiards
v_Haircut_g12_c01,Haircut
v_Basketball_g15_c02,Basketball
v_CricketBowling_g24_c03,CricketBowling
v_Fencing_g13_c04,Fencing
v_Fencing_g14_c03,Fencing
v_PoleVault_g24_c04,PoleVault
v_PlayingCello_g12_c01,PlayingCello
v_BasketballDunk_g14_c07,BasketballDunk
v_PlayingViolin_g09_c01,PlayingViolin
v_FieldHockeyPenalty_g24_c02,FieldHockeyPenalty
v_Mixing_g09_c01,Mixing
v_PizzaTossing_g17_c03,PizzaTossing
v_BandMarching_g13_c02,BandMarching
v_BoxingSpeedBag_g11_c03,BoxingSpeedBag
v_ApplyEyeMakeup_g23_c01,ApplyEyeMakeup
v_BodyWeightSquats_g19_c02,BodyWeightSquats
v_PlayingCello_g17_c01,PlayingCello
v_Hammering_g16_c02,Hammering
v_WritingOnBoard_g08_c04,WritingOnBoard
v_Skiing_g12_c03,Skiing
v_CricketShot_g20_c03,CricketShot
v_Bowling_g13_c02,Bowling
v_Skijet_g08_c04,Skijet
v_Biking_g22_c04,Biking
v_RockClimbingIndoor_g17_c05,RockClimbingIndoor
v_TrampolineJumping_g13_c01,TrampolineJumping
v_Rowing_g19_c04,Rowing
v_TrampolineJumping_g14_c04,TrampolineJumping
v_Surfing_g16_c02,Surfing
v_HammerThrow_g18_c02,HammerThrow
v_HulaHoop_g08_c03,HulaHoop
v_Swing_g20_c06,Swing
v_SalsaSpin_g17_c04,SalsaSpin
v_MilitaryParade_g16_c01,MilitaryParade
v_Archery_g18_c06,Archery
v_BaseballPitch_g24_c04,BaseballPitch
v_SumoWrestling_g18_c07,SumoWrestling
v_BalanceBeam_g13_c02,BalanceBeam
v_PushUps_g11_c03,PushUps
v_PlayingDaf_g18_c02,PlayingDaf
v_CricketShot_g25_c01,CricketShot
v_PlayingFlute_g25_c04,PlayingFlute
v_PlayingGuitar_g24_c02,PlayingGuitar
v_Biking_g16_c02,Biking
v_PlayingViolin_g24_c04,PlayingViolin
v_CleanAndJerk_g21_c02,CleanAndJerk
v_Haircut_g16_c05,Haircut
v_ThrowDiscus_g18_c07,ThrowDiscus
v_FrisbeeCatch_g21_c04,FrisbeeCatch
v_Kayaking_g08_c06,Kayaking
v_CricketBowling_g09_c02,CricketBowling
v_Drumming_g18_c06,Drumming
v_HammerThrow_g25_c05,HammerThrow
v_IceDancing_g12_c04,IceDancing
v_PlayingSitar_g24_c05,PlayingSitar
v_PlayingCello_g20_c05,PlayingCello
v_JavelinThrow_g12_c04,JavelinThrow
v_Basketball_g16_c04,Basketball
v_HulaHoop_g11_c04,HulaHoop
v_PlayingGuitar_g18_c01,PlayingGuitar
v_PizzaTossing_g21_c01,PizzaTossing
v_BaseballPitch_g15_c01,BaseballPitch
v_FrontCrawl_g18_c02,FrontCrawl
v_Skijet_g14_c03,Skijet
v_JumpRope_g16_c02,JumpRope
v_TaiChi_g08_c02,TaiChi
v_TennisSwing_g20_c03,TennisSwing
v_PlayingPiano_g08_c01,PlayingPiano
v_BreastStroke_g09_c02,BreastStroke
v_CricketShot_g16_c05,CricketShot
v_Punch_g13_c05,Punch
v_Hammering_g12_c04,Hammering
v_Billiards_g11_c07,Billiards
v_PlayingGuitar_g12_c04,PlayingGuitar
v_YoYo_g25_c04,YoYo
v_Hammering_g19_c01,Hammering
v_WallPushups_g14_c01,WallPushups
v_FloorGymnastics_g11_c01,FloorGymnastics
v_CuttingInKitchen_g13_c04,CuttingInKitchen
v_Shotput_g17_c04,Shotput
v_VolleyballSpiking_g08_c05,VolleyballSpiking
v_Basketball_g19_c02,Basketball
v_Punch_g24_c05,Punch
v_PlayingViolin_g13_c02,PlayingViolin
v_HulaHoop_g22_c01,HulaHoop
v_PushUps_g11_c01,PushUps
v_Bowling_g16_c04,Bowling
v_Skiing_g11_c02,Skiing
v_SoccerJuggling_g25_c02,SoccerJuggling
v_HulaHoop_g11_c03,HulaHoop
v_BoxingSpeedBag_g16_c02,BoxingSpeedBag
v_BasketballDunk_g23_c04,BasketballDunk
v_BoxingSpeedBag_g20_c01,BoxingSpeedBag
v_CliffDiving_g13_c01,CliffDiving
v_WallPushups_g15_c05,WallPushups
v_MoppingFloor_g15_c02,MoppingFloor
v_BodyWeightSquats_g18_c02,BodyWeightSquats
v_Diving_g25_c02,Diving
v_HorseRace_g23_c05,HorseRace
v_SoccerJuggling_g22_c07,SoccerJuggling
v_PushUps_g14_c01,PushUps
v_Rafting_g14_c03,Rafting
v_Swing_g15_c07,Swing
v_CricketShot_g12_c05,CricketShot
v_Basketball_g23_c05,Basketball
v_SkateBoarding_g15_c04,SkateBoarding
v_VolleyballSpiking_g21_c03,VolleyballSpiking
v_Diving_g24_c07,Diving
v_SoccerPenalty_g14_c05,SoccerPenalty
v_ParallelBars_g09_c06,ParallelBars
v_SumoWrestling_g10_c02,SumoWrestling
v_Rowing_g14_c05,Rowing
v_BoxingPunchingBag_g08_c01,BoxingPunchingBag
v_BasketballDunk_g23_c05,BasketballDunk
v_ShavingBeard_g23_c03,ShavingBeard
v_JumpingJack_g17_c01,JumpingJack
v_ApplyEyeMakeup_g14_c01,ApplyEyeMakeup
v_FloorGymnastics_g14_c01,FloorGymnastics
v_BlowingCandles_g10_c01,BlowingCandles
v_WallPushups_g11_c04,WallPushups
v_CricketBowling_g09_c07,CricketBowling
v_FloorGymnastics_g21_c01,FloorGymnastics
v_Rafting_g19_c03,Rafting
v_BrushingTeeth_g15_c01,BrushingTeeth
v_PoleVault_g17_c02,PoleVault
v_JumpingJack_g19_c02,JumpingJack
v_MilitaryParade_g15_c06,MilitaryParade
v_Surfing_g24_c02,Surfing
v_TaiChi_g21_c04,TaiChi
v_WalkingWithDog_g22_c04,WalkingWithDog
v_JumpRope_g22_c02,JumpRope
v_PlayingGuitar_g12_c02,PlayingGuitar
v_CricketShot_g08_c01,CricketShot
v_UnevenBars_g25_c01,UnevenBars
v_Lunges_g10_c01,Lunges
v_BoxingSpeedBag_g19_c03,BoxingSpeedBag
v_PlayingTabla_g17_c04,PlayingTabla
v_TableTennisShot_g24_c01,TableTennisShot
v_Archery_g14_c02,Archery
v_YoYo_g10_c02,YoYo
v_CuttingInKitchen_g14_c04,CuttingInKitchen
v_JumpingJack_g09_c03,JumpingJack
v_BenchPress_g13_c07,BenchPress
v_BoxingPunchingBag_g20_c04,BoxingPunchingBag
v_PushUps_g18_c03,PushUps
v_CliffDiving_g22_c03,CliffDiving
v_HeadMassage_g23_c07,HeadMassage
v_HorseRiding_g20_c01,HorseRiding
v_VolleyballSpiking_g08_c04,VolleyballSpiking
v_CleanAndJerk_g25_c03,CleanAndJerk
v_MoppingFloor_g09_c04,MoppingFloor
v_HandStandPushups_g21_c06,HandStandPushups
v_RopeClimbing_g23_c03,RopeClimbing
v_TennisSwing_g24_c04,TennisSwing
v_WritingOnBoard_g10_c06,WritingOnBoard
v_ParallelBars_g19_c03,ParallelBars
v_SkyDiving_g23_c01,SkyDiving
v_TableTennisShot_g13_c03,TableTennisShot
v_Drumming_g12_c06,Drumming
v_Bowling_g20_c06,Bowling
v_PizzaTossing_g23_c03,PizzaTossing
v_HammerThrow_g24_c03,HammerThrow
v_ApplyLipstick_g23_c04,ApplyLipstick
v_Punch_g16_c05,Punch
v_CricketShot_g08_c04,CricketShot
v_JumpRope_g19_c02,JumpRope
v_TrampolineJumping_g18_c01,TrampolineJumping
v_VolleyballSpiking_g15_c04,VolleyballSpiking
v_Drumming_g08_c01,Drumming
v_CliffDiving_g09_c02,CliffDiving
v_PizzaTossing_g19_c03,PizzaTossing
v_HorseRace_g21_c02,HorseRace
v_Typing_g24_c01,Typing
v_PlayingTabla_g08_c04,PlayingTabla
v_HighJump_g09_c02,HighJump
v_BandMarching_g12_c03,BandMarching
v_SoccerJuggling_g17_c05,SoccerJuggling
v_JumpingJack_g17_c04,JumpingJack
v_StillRings_g10_c02,StillRings
v_JumpingJack_g20_c01,JumpingJack
v_PlayingDhol_g16_c03,PlayingDhol
v_ShavingBeard_g23_c01,ShavingBeard
v_Biking_g15_c02,Biking
v_PlayingCello_g09_c01,PlayingCello
v_VolleyballSpiking_g14_c04,VolleyballSpiking
v_YoYo_g11_c03,YoYo
v_PoleVault_g16_c01,PoleVault
v_PlayingFlute_g23_c06,PlayingFlute
v_HandStandPushups_g25_c02,HandStandPushups
v_Biking_g09_c01,Biking
v_PizzaTossing_g22_c02,PizzaTossing
v_PlayingPiano_g10_c03,PlayingPiano
v_LongJump_g12_c03,LongJump
v_FrontCrawl_g17_c03,FrontCrawl
v_Mixing_g15_c07,Mixing
v_LongJump_g11_c01,LongJump
v_RopeClimbing_g09_c04,RopeClimbing
v_PlayingDaf_g21_c06,PlayingDaf
v_FloorGymnastics_g09_c02,FloorGymnastics
v_JumpingJack_g11_c04,JumpingJack
v_Nunchucks_g15_c05,Nunchucks
v_Basketball_g20_c07,Basketball
v_MoppingFloor_g24_c04,MoppingFloor
v_CuttingInKitchen_g11_c03,CuttingInKitchen
v_HeadMassage_g08_c07,HeadMassage
v_TaiChi_g10_c02,TaiChi
v_Lunges_g22_c02,Lunges
v_Knitting_g16_c03,Knitting
v_Skijet_g12_c03,Skijet
v_MilitaryParade_g12_c02,MilitaryParade
v_YoYo_g15_c02,YoYo
v_PlayingGuitar_g21_c04,PlayingGuitar
v_BabyCrawling_g12_c06,BabyCrawling
v_BodyWeightSquats_g17_c01,BodyWeightSquats
v_Hammering_g23_c06,Hammering
v_Rafting_g16_c06,Rafting
v_FieldHockeyPenalty_g18_c02,FieldHockeyPenalty
v_Skijet_g22_c01,Skijet
v_JavelinThrow_g22_c01,JavelinThrow
v_Shotput_g09_c03,Shotput
v_Biking_g13_c06,Biking
v_Biking_g25_c02,Biking
v_SkateBoarding_g10_c07,SkateBoarding
v_TennisSwing_g25_c05,TennisSwing
v_JugglingBalls_g19_c02,JugglingBalls
v_PlayingPiano_g15_c04,PlayingPiano
v_JumpRope_g15_c03,JumpRope
v_Bowling_g08_c05,Bowling
v_PlayingFlute_g21_c03,PlayingFlute
v_BoxingSpeedBag_g11_c06,BoxingSpeedBag
v_RopeClimbing_g25_c03,RopeClimbing
v_Hammering_g09_c06,Hammering
v_BenchPress_g18_c07,BenchPress
v_PlayingPiano_g09_c01,PlayingPiano
v_SoccerPenalty_g22_c03,SoccerPenalty
v_BenchPress_g12_c07,BenchPress
v_HulaHoop_g12_c01,HulaHoop
v_Skiing_g23_c04,Skiing
v_Drumming_g20_c05,Drumming
v_BoxingPunchingBag_g09_c07,BoxingPunchingBag
v_Archery_g24_c03,Archery
v_Lunges_g15_c01,Lunges
v_BandMarching_g10_c02,BandMarching
v_PlayingTabla_g25_c05,PlayingTabla
v_PlayingDhol_g24_c01,PlayingDhol
v_TableTennisShot_g20_c02,TableTennisShot
v_Skijet_g23_c01,Skijet
v_HeadMassage_g11_c01,HeadMassage
v_HighJump_g10_c02,HighJump
v_HeadMassage_g25_c03,HeadMassage
v_FieldHockeyPenalty_g24_c01,FieldHockeyPenalty
v_PommelHorse_g22_c07,PommelHorse
v_HorseRiding_g11_c05,HorseRiding
v_TrampolineJumping_g16_c03,TrampolineJumping
v_HandstandWalking_g19_c01,HandstandWalking
v_CliffDiving_g14_c04,CliffDiving
v_Mixing_g09_c07,Mixing
v_PlayingSitar_g11_c02,PlayingSitar
v_TaiChi_g17_c03,TaiChi
v_Diving_g08_c02,Diving
v_BaseballPitch_g11_c01,BaseballPitch
v_Kayaking_g10_c01,Kayaking
v_SalsaSpin_g14_c02,SalsaSpin
v_BodyWeightSquats_g24_c04,BodyWeightSquats
v_Rafting_g17_c02,Rafting
v_Mixing_g21_c04,Mixing
v_Hammering_g15_c01,Hammering
v_HeadMassage_g19_c04,HeadMassage
v_StillRings_g20_c03,StillRings
v_Lunges_g15_c04,Lunges
v_CricketShot_g15_c03,CricketShot
v_SkateBoarding_g22_c05,SkateBoarding
v_VolleyballSpiking_g11_c03,VolleyballSpiking
v_VolleyballSpiking_g15_c02,VolleyballSpiking
v_Basketball_g19_c04,Basketball
v_BandMarching_g24_c03,BandMarching
v_Punch_g17_c05,Punch
v_Lunges_g24_c03,Lunges
v_JavelinThrow_g09_c02,JavelinThrow
v_Haircut_g20_c06,Haircut
v_FrisbeeCatch_g10_c01,FrisbeeCatch
v_Hammering_g09_c01,Hammering
v_PoleVault_g10_c01,PoleVault
v_YoYo_g18_c02,YoYo
v_SkyDiving_g18_c05,SkyDiving
v_ApplyEyeMakeup_g08_c03,ApplyEyeMakeup
v_SoccerPenalty_g10_c02,SoccerPenalty
v_Punch_g13_c06,Punch
v_BabyCrawling_g09_c05,BabyCrawling
v_PoleVault_g11_c04,PoleVault
v_BrushingTeeth_g20_c01,BrushingTeeth
v_PushUps_g22_c04,PushUps
v_BoxingPunchingBag_g15_c01,BoxingPunchingBag
v_PlayingPiano_g19_c02,PlayingPiano
v_Typing_g08_c01,Typing
v_ApplyEyeMakeup_g24_c01,ApplyEyeMakeup
v_PlayingPiano_g10_c04,PlayingPiano
v_HorseRiding_g25_c04,HorseRiding
v_BodyWeightSquats_g25_c01,BodyWeightSquats
v_TrampolineJumping_g20_c04,TrampolineJumping
v_SumoWrestling_g21_c01,SumoWrestling
v_Hammering_g10_c04,Hammering
v_GolfSwing_g22_c05,GolfSwing
v_Lunges_g18_c03,Lunges
v_TennisSwing_g15_c03,TennisSwing
v_FrontCrawl_g20_c03,FrontCrawl
v_SkyDiving_g22_c01,SkyDiving
v_CricketBowling_g15_c06,CricketBowling
v_BandMarching_g18_c01,BandMarching
v_WalkingWithDog_g16_c05,WalkingWithDog
v_MoppingFloor_g21_c01,MoppingFloor
v_Skijet_g21_c04,Skijet
v_Kayaking_g09_c04,Kayaking
v_Nunchucks_g14_c02,Nunchucks
v_SoccerPenalty_g09_c05,SoccerPenalty
v_PommelHorse_g11_c04,PommelHorse
v_BlowingCandles_g15_c03,BlowingCandles
v_BalanceBeam_g17_c06,BalanceBeam
v_FieldHockeyPenalty_g21_c03,FieldHockeyPenalty
v_PlayingCello_g19_c01,PlayingCello
v_ThrowDiscus_g15_c05,ThrowDiscus
v_BoxingSpeedBag_g24_c03,BoxingSpeedBag
v_WallPushups_g13_c05,WallPushups
v_BlowingCandles_g17_c04,BlowingCandles
v_Swing_g25_c01,Swing
v_SoccerJuggling_g15_c02,SoccerJuggling
v_BenchPress_g24_c05,BenchPress
v_Kayaking_g15_c04,Kayaking
v_SkateBoarding_g14_c02,SkateBoarding
v_SkyDiving_g08_c03,SkyDiving
v_Diving_g25_c03,Diving
v_CliffDiving_g19_c06,CliffDiving
v_HorseRiding_g11_c06,HorseRiding
v_FrontCrawl_g19_c02,FrontCrawl
v_Bowling_g11_c02,Bowling
v_HorseRiding_g10_c03,HorseRiding
v_SumoWrestling_g22_c03,SumoWrestling
v_BoxingSpeedBag_g08_c01,BoxingSpeedBag
v_MoppingFloor_g18_c04,MoppingFloor
v_CricketShot_g14_c02,CricketShot
v_ShavingBeard_g10_c04,ShavingBeard
v_PlayingDhol_g22_c04,PlayingDhol
v_CricketBowling_g13_c01,CricketBowling
v_SkyDiving_g15_c01,SkyDiving
v_Skiing_g24_c02,Skiing
v_BlowDryHair_g22_c03,BlowDryHair
v_BenchPress_g08_c01,BenchPress
v_JavelinThrow_g14_c05,JavelinThrow
v_Rafting_g18_c02,Rafting
v_Drumming_g19_c04,Drumming
v_RockClimbingIndoor_g09_c04,RockClimbingIndoor
v_GolfSwing_g08_c02,GolfSwing
v_IceDancing_g18_c01,IceDancing
v_PlayingSitar_g11_c05,PlayingSitar
v_WalkingWithDog_g16_c04,WalkingWithDog
v_ApplyEyeMakeup_g15_c06,ApplyEyeMakeup
v_Bowling_g24_c07,Bowling
v_CricketBowling_g08_c01,CricketBowling
v_Hammering_g21_c04,Hammering
v_CricketShot_g24_c03,CricketShot
v_Basketball_g09_c03,Basketball
v_BrushingTeeth_g21_c03,BrushingTeeth
v_Typing_g12_c06,Typing
v_VolleyballSpiking_g12_c01,VolleyballSpiking
v_JugglingBalls_g10_c04,JugglingBalls
v_Surfing_g24_c01,Surfing
v_TableTennisShot_g10_c03,TableTennisShot
v_ParallelBars_g14_c02,ParallelBars
v_GolfSwing_g18_c05,GolfSwing
v_JavelinThrow_g17_c01,JavelinThrow
v_BrushingTeeth_g16_c04,BrushingTeeth
v_Lunges_g19_c02,Lunges
v_BabyCrawling_g20_c06,BabyCrawling
v_FrontCrawl_g19_c04,FrontCrawl
v_HammerThrow_g19_c07,HammerThrow
v_HandStandPushups_g17_c05,HandStandPushups
v_WritingOnBoard_g18_c03,WritingOnBoard
v_Biking_g23_c02,Biking
v_HorseRiding_g10_c01,HorseRiding
v_PlayingGuitar_g16_c04,PlayingGuitar
v_BenchPress_g22_c04,BenchPress
v_RopeClimbing_g17_c01,RopeClimbing
v_WritingOnBoard_g17_c05,WritingOnBoard
v_Swing_g22_c03,Swing
v_JumpRope_g20_c06,JumpRope
v_BasketballDunk_g09_c05,BasketballDunk
v_PlayingSitar_g09_c01,PlayingSitar
v_HammerThrow_g18_c04,HammerThrow
v_HulaHoop_g23_c03,HulaHoop
v_PlayingGuitar_g11_c02,PlayingGuitar
v_ApplyLipstick_g16_c01,ApplyLipstick
v_BenchPress_g10_c03,BenchPress
v_Mixing_g09_c03,Mixing
v_GolfSwing_g24_c01,GolfSwing
v_GolfSwing_g13_c03,GolfSwing
v_PommelHorse_g17_c03,PommelHorse
v_BandMarching_g24_c04,BandMarching
v_PlayingDhol_g17_c01,PlayingDhol
v_LongJump_g09_c03,LongJump
v_BodyWeightSquats_g10_c03,BodyWeightSquats
v_ShavingBeard_g16_c02,ShavingBeard
v_PlayingDhol_g11_c02,PlayingDhol
v_WritingOnBoard_g24_c01,WritingOnBoard
v_TennisSwing_g24_c02,TennisSwing
v_SkateBoarding_g13_c01,SkateBoarding
v_PizzaTossing_g22_c03,PizzaTossing
v_BodyWeightSquats_g16_c02,BodyWeightSquats
v_TaiChi_g16_c03,TaiChi
v_HorseRace_g10_c04,HorseRace
v_HeadMassage_g12_c01,HeadMassage
v_BreastStroke_g10_c02,BreastStroke
v_Nunchucks_g10_c05,Nunchucks
v_CricketShot_g24_c05,CricketShot
v_JugglingBalls_g13_c03,JugglingBalls
v_Surfing_g21_c03,Surfing
v_JavelinThrow_g19_c01,JavelinThrow
v_Rafting_g18_c01,Rafting
v_CricketBowling_g08_c05,CricketBowling
v_PlayingFlute_g25_c03,PlayingFlute
v_PizzaTossing_g22_c04,PizzaTossing
v_BlowDryHair_g10_c02,BlowDryHair
v_BabyCrawling_g14_c04,BabyCrawling
v_IceDancing_g17_c04,IceDancing
v_Billiards_g11_c05,Billiards
v_BlowingCandles_g16_c02,BlowingCandles
v_Biking_g20_c01,Biking
v_BabyCrawling_g20_c04,BabyCrawling
v_CleanAndJerk_g22_c01,CleanAndJerk
v_Archery_g08_c01,Archery
v_PoleVault_g24_c01,PoleVault
v_UnevenBars_g12_c01,UnevenBars
v_PlayingGuitar_g19_c04,PlayingGuitar
v_PlayingCello_g11_c07,PlayingCello
v_HorseRace_g23_c01,HorseRace
v_HorseRiding_g09_c01,HorseRiding
v_MoppingFloor_g18_c03,MoppingFloor
v_Punch_g22_c02,Punch
v_HammerThrow_g11_c02,HammerThrow
v_TableTennisShot_g21_c03,TableTennisShot
v_PlayingViolin_g13_c04,PlayingViolin
v_FrisbeeCatch_g25_c01,FrisbeeCatch
v_BlowingCandles_g09_c02,BlowingCandles
v_JumpRope_g20_c04,JumpRope
v_BlowDryHair_g14_c05,BlowDryHair
v_BoxingSpeedBag_g19_c02,BoxingSpeedBag
v_CricketShot_g21_c01,CricketShot
v_IceDancing_g20_c02,IceDancing
v_PlayingDhol_g11_c05,PlayingDhol
v_ThrowDiscus_g16_c01,ThrowDiscus
v_SoccerPenalty_g13_c04,SoccerPenalty
v_HandstandWalking_g13_c04,HandstandWalking
v_Billiards_g16_c05,Billiards
v_HulaHoop_g19_c03,HulaHoop
v_PullUps_g13_c04,PullUps
v_HorseRiding_g09_c06,HorseRiding
v_HorseRiding_g16_c01,HorseRiding
v_FloorGymnastics_g14_c04,FloorGymnastics
v_ShavingBeard_g19_c01,ShavingBeard
v_Hammering_g17_c05,Hammering
v_IceDancing_g22_c03,IceDancing
v_BreastStroke_g22_c04,BreastStroke
v_PlayingDaf_g16_c03,PlayingDaf
v_WritingOnBoard_g15_c04,WritingOnBoard
v_TrampolineJumping_g19_c03,TrampolineJumping
v_ParallelBars_g18_c01,ParallelBars
v_FrontCrawl_g11_c06,FrontCrawl
v_GolfSwing_g14_c01,GolfSwing
v_SoccerPenalty_g25_c04,SoccerPenalty
v_PlayingDhol_g25_c03,PlayingDhol
v_Nunchucks_g11_c06,Nunchucks
v_Skiing_g22_c02,Skiing
v_JavelinThrow_g11_c03,JavelinThrow
v_RopeClimbing_g20_c03,RopeClimbing
v_Fencing_g12_c05,Fencing
v_JumpRope_g10_c03,JumpRope
v_Kayaking_g20_c02,Kayaking
v_TableTennisShot_g11_c02,TableTennisShot
v_HighJump_g25_c04,HighJump
v_MoppingFloor_g18_c06,MoppingFloor
v_FrisbeeCatch_g23_c01,FrisbeeCatch
v_IceDancing_g24_c01,IceDancing
v_Mixing_g10_c03,Mixing
v_BabyCrawling_g20_c01,BabyCrawling
v_BrushingTeeth_g23_c05,BrushingTeeth
v_Shotput_g08_c07,Shotput
v_Rowing_g21_c02,Rowing
v_SkyDiving_g24_c03,SkyDiving
v_BrushingTeeth_g20_c02,BrushingTeeth
v_Lunges_g22_c04,Lunges
v_PlayingDhol_g16_c02,PlayingDhol
v_BabyCrawling_g16_c04,BabyCrawling
v_PizzaTossing_g20_c02,PizzaTossing
v_HorseRiding_g11_c04,HorseRiding
v_BlowDryHair_g08_c07,BlowDryHair
v_Bowling_g11_c05,Bowling
v_BlowingCandles_g12_c05,BlowingCandles
v_WallPushups_g23_c02,WallPushups
v_PlayingPiano_g25_c03,PlayingPiano
v_IceDancing_g19_c05,IceDancing
v_BlowingCandles_g25_c05,BlowingCandles
v_CleanAndJerk_g13_c01,CleanAndJerk
v_TaiChi_g11_c02,TaiChi
v_PlayingSitar_g20_c06,PlayingSitar
v_FrontCrawl_g09_c05,FrontCrawl
v_Haircut_g23_c01,Haircut
v_Basketball_g19_c07,Basketball
v_IceDancing_g14_c02,IceDancing
v_HulaHoop_g18_c01,HulaHoop
v_WallPushups_g13_c04,WallPushups
v_PlayingFlute_g13_c01,PlayingFlute
v_CuttingInKitchen_g20_c01,CuttingInKitchen
v_MilitaryParade_g11_c04,MilitaryParade
v_WallPushups_g13_c03,WallPushups
v_PlayingSitar_g17_c03,PlayingSitar
v_PlayingTabla_g24_c02,PlayingTabla
v_Rafting_g19_c01,Rafting
v_MilitaryParade_g10_c04,MilitaryParade
v_BabyCrawling_g10_c04,BabyCrawling
v_BoxingSpeedBag_g21_c02,BoxingSpeedBag
v_PlayingSitar_g21_c03,PlayingSitar
v_Skiing_g19_c04,Skiing
v_IceDancing_g09_c04,IceDancing
v_WalkingWithDog_g25_c04,WalkingWithDog
v_BaseballPitch_g15_c06,BaseballPitch
v_VolleyballSpiking_g19_c01,VolleyballSpiking
v_Nunchucks_g12_c03,Nunchucks
v_PlayingSitar_g21_c07,PlayingSitar
v_MilitaryParade_g18_c02,MilitaryParade
v_CricketShot_g20_c06,CricketShot
v_SumoWrestling_g16_c02,SumoWrestling
v_BodyWeightSquats_g25_c05,BodyWeightSquats
v_BenchPress_g11_c01,BenchPress
v_HorseRiding_g16_c02,HorseRiding
v_SumoWrestling_g20_c04,SumoWrestling
v_JumpRope_g25_c02,JumpRope
v_HandstandWalking_g24_c02,HandstandWalking
v_HighJump_g13_c04,HighJump
v_HorseRace_g24_c05,HorseRace
v_StillRings_g18_c01,StillRings
v_PlayingCello_g18_c06,PlayingCello
v_FrisbeeCatch_g20_c03,FrisbeeCatch
v_WritingOnBoard_g24_c04,WritingOnBoard
v_HandStandPushups_g24_c04,HandStandPushups
v_BreastStroke_g20_c01,BreastStroke
v_CliffDiving_g09_c01,CliffDiving
v_PlayingSitar_g11_c06,PlayingSitar
v_ApplyEyeMakeup_g15_c01,ApplyEyeMakeup
v_Lunges_g20_c04,Lunges
v_HandStandPushups_g13_c03,HandStandPushups
v_SkyDiving_g10_c02,SkyDiving
v_FrontCrawl_g10_c04,FrontCrawl
v_Punch_g09_c06,Punch
v_SumoWrestling_g17_c04,SumoWrestling
v_Fencing_g21_c03,Fencing
v_HeadMassage_g14_c02,HeadMassage
v_HorseRiding_g14_c06,HorseRiding
v_Typing_g08_c04,Typing
v_JumpRope_g21_c02,JumpRope
v_BandMarching_g25_c06,BandMarching
v_Mixing_g11_c07,Mixing
v_BasketballDunk_g15_c05,BasketballDunk
v_LongJump_g15_c05,LongJump
v_Biking_g20_c04,Biking
v_SkyDiving_g14_c02,SkyDiving
v_Shotput_g18_c04,Shotput
v_ParallelBars_g25_c04,ParallelBars
v_BoxingPunchingBag_g18_c05,BoxingPunchingBag
v_Mixing_g23_c04,Mixing
v_CliffDiving_g15_c01,CliffDiving
v_PushUps_g23_c03,PushUps
v_CuttingInKitchen_g19_c03,CuttingInKitchen
v_BaseballPitch_g12_c03,BaseballPitch
v_HighJump_g11_c02,HighJump
v_BalanceBeam_g22_c02,BalanceBeam
v_Bowling_g15_c01,Bowling
v_BenchPress_g18_c04,BenchPress
v_TableTennisShot_g24_c07,TableTennisShot
v_Surfing_g17_c01,Surfing
v_BreastStroke_g18_c04,BreastStroke
v_PullUps_g21_c04,PullUps
v_ShavingBeard_g10_c05,ShavingBeard
v_PlayingDaf_g15_c01,PlayingDaf
v_Typing_g11_c07,Typing
v_Punch_g23_c04,Punch
v_SumoWrestling_g22_c02,SumoWrestling
v_MoppingFloor_g13_c02,MoppingFloor
v_BoxingSpeedBag_g17_c01,BoxingSpeedBag
v_Typing_g12_c07,Typing
v_Basketball_g11_c04,Basketball
v_JugglingBalls_g21_c01,JugglingBalls
v_VolleyballSpiking_g15_c01,VolleyballSpiking
v_ApplyEyeMakeup_g15_c03,ApplyEyeMakeup
v_BabyCrawling_g18_c04,BabyCrawling
v_PlayingGuitar_g08_c06,PlayingGuitar
v_PlayingSitar_g10_c05,PlayingSitar
v_ApplyEyeMakeup_g24_c05,ApplyEyeMakeup
v_Punch_g16_c02,Punch
v_ThrowDiscus_g12_c05,ThrowDiscus
v_Surfing_g08_c07,Surfing
v_RockClimbingIndoor_g19_c03,RockClimbingIndoor
v_Haircut_g13_c04,Haircut
v_PizzaTossing_g08_c04,PizzaTossing
v_YoYo_g20_c03,YoYo
v_YoYo_g18_c01,YoYo
v_BlowDryHair_g25_c01,BlowDryHair
v_HorseRace_g15_c01,HorseRace
v_Rowing_g13_c03,Rowing
v_Haircut_g20_c05,Haircut
v_JumpRope_g22_c05,JumpRope
v_PlayingTabla_g12_c05,PlayingTabla
v_WritingOnBoard_g22_c06,WritingOnBoard
v_Basketball_g14_c01,Basketball
v_Diving_g17_c04,Diving
v_CuttingInKitchen_g17_c04,CuttingInKitchen
v_ShavingBeard_g25_c02,ShavingBeard
v_SkateBoarding_g08_c02,SkateBoarding
v_FrisbeeCatch_g17_c05,FrisbeeCatch
v_StillRings_g11_c03,StillRings
v_Shotput_g15_c07,Shotput
v_ThrowDiscus_g25_c03,ThrowDiscus
v_ApplyEyeMakeup_g16_c03,ApplyEyeMakeup
v_Surfing_g21_c01,Surfing
v_BenchPress_g23_c04,BenchPress
v_Haircut_g10_c07,Haircut
v_ApplyLipstick_g16_c04,ApplyLipstick
v_Lunges_g23_c03,Lunges
v_HandStandPushups_g20_c02,HandStandPushups
v_Hammering_g15_c05,Hammering
v_SoccerJuggling_g18_c04,SoccerJuggling
v_Haircut_g09_c02,Haircut
v_Hammering_g19_c06,Hammering
v_MilitaryParade_g13_c01,MilitaryParade
v_SalsaSpin_g15_c03,SalsaSpin
v_BaseballPitch_g08_c05,BaseballPitch
v_TableTennisShot_g08_c03,TableTennisShot
v_Bowling_g10_c03,Bowling
v_SalsaSpin_g25_c03,SalsaSpin
v_BaseballPitch_g12_c04,BaseballPitch
v_Basketball_g15_c04,Basketball
v_PizzaTossing_g17_c01,PizzaTossing
v_PizzaTossing_g14_c03,PizzaTossing
v_HeadMassage_g25_c06,HeadMassage
v_Archery_g09_c07,Archery
v_PoleVault_g16_c05,PoleVault
v_WalkingWithDog_g13_c03,WalkingWithDog
v_HandStandPushups_g23_c02,HandStandPushups
v_JugglingBalls_g22_c02,JugglingBalls
v_SumoWrestling_g18_c04,SumoWrestling
v_PlayingDaf_g16_c01,PlayingDaf
v_TableTennisShot_g09_c04,TableTennisShot
v_WalkingWithDog_g13_c01,WalkingWithDog
v_Shotput_g15_c01,Shotput
v_TableTennisShot_g13_c01,TableTennisShot
v_MilitaryParade_g23_c02,MilitaryParade
v_JugglingBalls_g13_c02,JugglingBalls
v_JugglingBalls_g22_c04,JugglingBalls
v_BodyWeightSquats_g10_c01,BodyWeightSquats
v_BasketballDunk_g09_c03,BasketballDunk
v_BaseballPitch_g25_c02,BaseballPitch
v_WalkingWithDog_g09_c04,WalkingWithDog
v_Drumming_g25_c02,Drumming
v_BoxingPunchingBag_g12_c01,BoxingPunchingBag
v_Diving_g10_c07,Diving
v_PlayingDaf_g14_c05,PlayingDaf
v_HorseRiding_g15_c06,HorseRiding
v_JumpRope_g11_c02,JumpRope
v_SkateBoarding_g19_c01,SkateBoarding
v_IceDancing_g19_c07,IceDancing
v_SoccerJuggling_g16_c05,SoccerJuggling
v_IceDancing_g22_c07,IceDancing
v_Archery_g11_c01,Archery
v_CricketShot_g23_c04,CricketShot
v_TrampolineJumping_g23_c04,TrampolineJumping
v_CliffDiving_g23_c05,CliffDiving
v_ParallelBars_g13_c01,ParallelBars
v_BenchPress_g17_c01,BenchPress
v_YoYo_g20_c04,YoYo
v_Drumming_g25_c07,Drumming
v_PlayingDhol_g23_c05,PlayingDhol
v_CleanAndJerk_g22_c02,CleanAndJerk
v_MilitaryParade_g19_c01,MilitaryParade
v_HandstandWalking_g24_c04,HandstandWalking
v_Shotput_g23_c04,Shotput
v_BenchPress_g18_c05,BenchPress
v_Mixing_g09_c05,Mixing
v_SalsaSpin_g20_c04,SalsaSpin
v_TrampolineJumping_g09_c03,TrampolineJumping
v_RockClimbingIndoor_g15_c02,RockClimbingIndoor
v_CuttingInKitchen_g25_c02,CuttingInKitchen
v_RopeClimbing_g13_c02,RopeClimbing
v_Nunchucks_g22_c02,Nunchucks
v_ThrowDiscus_g11_c07,ThrowDiscus
v_TaiChi_g10_c04,TaiChi
v_Punch_g11_c04,Punch
v_FloorGymnastics_g21_c03,FloorGymnastics
v_Skiing_g15_c02,Skiing
v_PlayingGuitar_g13_c06,PlayingGuitar
v_JugglingBalls_g20_c04,JugglingBalls
v_PommelHorse_g15_c01,PommelHorse
v_SoccerPenalty_g20_c03,SoccerPenalty
v_YoYo_g17_c01,YoYo
v_HulaHoop_g24_c04,HulaHoop
v_BandMarching_g23_c05,BandMarching
v_JavelinThrow_g10_c01,JavelinThrow
v_Punch_g25_c03,Punch
v_Swing_g23_c03,Swing
v_Swing_g11_c04,Swing
v_Drumming_g21_c06,Drumming
v_PoleVault_g20_c05,PoleVault
v_FrisbeeCatch_g18_c03,FrisbeeCatch
v_PlayingCello_g20_c06,PlayingCello
v_UnevenBars_g09_c04,UnevenBars
v_SoccerJuggling_g08_c04,SoccerJuggling
v_BalanceBeam_g15_c04,BalanceBeam
v_PizzaTossing_g09_c01,PizzaTossing
v_BlowDryHair_g21_c01,BlowDryHair
v_BabyCrawling_g15_c06,BabyCrawling
v_BlowDryHair_g22_c04,BlowDryHair
v_HighJump_g20_c02,HighJump
v_FieldHockeyPenalty_g08_c01,FieldHockeyPenalty
v_TennisSwing_g20_c06,TennisSwing
v_PlayingDhol_g10_c01,PlayingDhol
v_PlayingViolin_g14_c03,PlayingViolin
v_Biking_g22_c05,Biking
v_CricketBowling_g17_c02,CricketBowling
v_JumpRope_g16_c06,JumpRope
v_YoYo_g24_c04,YoYo
v_WritingOnBoard_g08_c03,WritingOnBoard
v_BabyCrawling_g16_c05,BabyCrawling
v_TennisSwing_g11_c05,TennisSwing
v_ThrowDiscus_g12_c01,ThrowDiscus
v_IceDancing_g19_c03,IceDancing
v_Shotput_g12_c07,Shotput
v_PlayingSitar_g17_c04,PlayingSitar
v_BaseballPitch_g14_c03,BaseballPitch
v_TennisSwing_g12_c02,TennisSwing
v_PoleVault_g16_c06,PoleVault
v_Kayaking_g15_c07,Kayaking
v_BoxingPunchingBag_g13_c02,BoxingPunchingBag
v_BoxingPunchingBag_g17_c01,BoxingPunchingBag
v_Typing_g09_c03,Typing
v_RockClimbingIndoor_g17_c01,RockClimbingIndoor
v_ParallelBars_g10_c01,ParallelBars
v_Mixing_g22_c04,Mixing
v_BoxingPunchingBag_g25_c03,BoxingPunchingBag
v_CliffDiving_g16_c02,CliffDiving
v_YoYo_g21_c03,YoYo
v_BalanceBeam_g21_c02,BalanceBeam
v_JumpRope_g10_c01,JumpRope
v_SkateBoarding_g11_c04,SkateBoarding
v_Punch_g23_c03,Punch
v_PlayingTabla_g18_c03,PlayingTabla
v_GolfSwing_g19_c01,GolfSwing
v_PushUps_g10_c02,PushUps
v_Rowing_g14_c03,Rowing
v_IceDancing_g14_c06,IceDancing
v_SkyDiving_g22_c03,SkyDiving
v_PlayingSitar_g19_c02,PlayingSitar
v_JumpRope_g23_c01,JumpRope
v_Lunges_g10_c06,Lunges
v_ShavingBeard_g14_c05,ShavingBeard
v_PlayingFlute_g20_c02,PlayingFlute
v_Kayaking_g24_c04,Kayaking
v_WalkingWithDog_g09_c02,WalkingWithDog
v_SoccerPenalty_g20_c04,SoccerPenalty
v_Rafting_g19_c04,Rafting
v_Shotput_g09_c06,Shotput
v_PlayingCello_g12_c04,PlayingCello
v_RockClimbingIndoor_g22_c01,RockClimbingIndoor
v_Rowing_g14_c06,Rowing
v_Shotput_g22_c03,Shotput
v_Surfing_g19_c02,Surfing
v_VolleyballSpiking_g13_c01,VolleyballSpiking
v_Swing_g14_c04,Swing
v_BoxingPunchingBag_g21_c05,BoxingPunchingBag
v_BandMarching_g08_c03,BandMarching
v_YoYo_g22_c05,YoYo
v_Billiards_g25_c07,Billiards
v_GolfSwing_g18_c02,GolfSwing
v_Typing_g08_c03,Typing
v_PoleVault_g18_c05,PoleVault
v_StillRings_g20_c04,StillRings
v_PizzaTossing_g20_c04,PizzaTossing
v_Surfing_g11_c04,Surfing
v_CuttingInKitchen_g10_c03,CuttingInKitchen
v_JugglingBalls_g14_c03,JugglingBalls
v_HammerThrow_g14_c05,HammerThrow
v_Skijet_g14_c04,Skijet
v_Knitting_g09_c02,Knitting
v_PullUps_g23_c02,PullUps
v_BenchPress_g19_c04,BenchPress
v_Fencing_g10_c01,Fencing
v_JumpingJack_g12_c01,JumpingJack
v_PushUps_g18_c02,PushUps
v_Bowling_g10_c01,Bowling
v_Billiards_g08_c06,Billiards
v_FloorGymnastics_g15_c01,FloorGymnastics
v_LongJump_g11_c06,LongJump
v_ParallelBars_g15_c01,ParallelBars
v_PlayingViolin_g19_c02,PlayingViolin
v_BreastStroke_g11_c04,BreastStroke
v_JumpRope_g12_c01,JumpRope
v_Drumming_g17_c01,Drumming
v_JumpingJack_g21_c02,JumpingJack
v_Shotput_g19_c03,Shotput
v_IceDancing_g17_c01,IceDancing
v_HammerThrow_g09_c01,HammerThrow
v_SalsaSpin_g08_c01,SalsaSpin
v_SkyDiving_g10_c05,SkyDiving
v_HeadMassage_g17_c02,HeadMassage
v_Diving_g08_c01,Diving
v_FloorGymnastics_g10_c05,FloorGymnastics
v_Haircut_g24_c03,Haircut
v_CricketShot_g11_c07,CricketShot
v_PlayingCello_g22_c07,PlayingCello
v_PullUps_g25_c01,PullUps
v_GolfSwing_g23_c02,GolfSwing
v_HulaHoop_g23_c01,HulaHoop
v_PlayingDaf_g24_c04,PlayingDaf
v_StillRings_g19_c01,StillRings
v_BasketballDunk_g20_c04,BasketballDunk
v_SkateBoarding_g10_c04,SkateBoarding
v_BodyWeightSquats_g22_c01,BodyWeightSquats
v_Bowling_g09_c03,Bowling
v_Knitting_g09_c03,Knitting
v_PlayingTabla_g08_c03,PlayingTabla
v_Knitting_g18_c01,Knitting
v_Punch_g10_c05,Punch
v_PullUps_g19_c04,PullUps
v_JugglingBalls_g08_c03,JugglingBalls
v_WallPushups_g16_c07,WallPushups
v_PlayingCello_g12_c03,PlayingCello
v_Billiards_g11_c04,Billiards
v_RopeClimbing_g14_c05,RopeClimbing
v_PlayingPiano_g17_c02,PlayingPiano
v_PoleVault_g23_c05,PoleVault
v_Biking_g12_c03,Biking
v_BabyCrawling_g25_c03,BabyCrawling
v_SkyDiving_g15_c04,SkyDiving
v_BenchPress_g09_c03,BenchPress
v_Nunchucks_g24_c05,Nunchucks
v_Lunges_g16_c04,Lunges
v_SkyDiving_g24_c04,SkyDiving
v_TennisSwing_g15_c04,TennisSwing
v_Nunchucks_g19_c04,Nunchucks
v_RockClimbingIndoor_g21_c01,RockClimbingIndoor
v_Bowling_g23_c02,Bowling
v_WallPushups_g19_c03,WallPushups
v_CliffDiving_g20_c04,CliffDiving
v_PlayingViolin_g24_c01,PlayingViolin
v_Mixing_g08_c02,Mixing
v_Billiards_g18_c07,Billiards
v_WallPushups_g11_c02,WallPushups
v_WallPushups_g08_c03,WallPushups
v_LongJump_g10_c07,LongJump
v_LongJump_g19_c02,LongJump
v_FrontCrawl_g24_c02,FrontCrawl
v_JavelinThrow_g12_c02,JavelinThrow
v_RockClimbingIndoor_g12_c01,RockClimbingIndoor
v_CuttingInKitchen_g22_c01,CuttingInKitchen
v_FrisbeeCatch_g13_c03,FrisbeeCatch
v_FloorGymnastics_g08_c04,FloorGymnastics
v_ApplyEyeMakeup_g11_c01,ApplyEyeMakeup
v_Surfing_g13_c04,Surfing
v_BasketballDunk_g11_c05,BasketballDunk
v_BenchPress_g17_c07,BenchPress
v_HeadMassage_g16_c04,HeadMassage
v_Knitting_g08_c02,Knitting
v_SalsaSpin_g09_c05,SalsaSpin
v_JumpRope_g21_c05,JumpRope
v_Skijet_g16_c02,Skijet
v_TrampolineJumping_g25_c03,TrampolineJumping
v_BreastStroke_g23_c01,BreastStroke
v_Typing_g19_c04,Typing
v_Skiing_g20_c04,Skiing
v_FieldHockeyPenalty_g25_c06,FieldHockeyPenalty
v_HeadMassage_g21_c06,HeadMassage
v_TaiChi_g16_c04,TaiChi
v_JumpRope_g24_c05,JumpRope
v_IceDancing_g11_c01,IceDancing
v_PlayingViolin_g23_c03,PlayingViolin
v_RockClimbingIndoor_g08_c07,RockClimbingIndoor
v_ApplyEyeMakeup_g08_c02,ApplyEyeMakeup
v_JumpingJack_g24_c01,JumpingJack
v_Surfing_g22_c01,Surfing
v_BabyCrawling_g09_c03,BabyCrawling
v_HammerThrow_g08_c03,HammerThrow
v_Lunges_g11_c03,Lunges
v_Skiing_g25_c05,Skiing
v_ApplyLipstick_g18_c01,ApplyLipstick
v_MilitaryParade_g17_c05,MilitaryParade
v_BenchPress_g24_c02,BenchPress
v_Drumming_g19_c06,Drumming
v_Skiing_g23_c01,Skiing
v_HulaHoop_g13_c06,HulaHoop
v_Lunges_g19_c07,Lunges
v_HeadMassage_g10_c03,HeadMassage
v_Kayaking_g21_c05,Kayaking
v_SoccerPenalty_g12_c01,SoccerPenalty
v_MilitaryParade_g25_c03,MilitaryParade
v_TableTennisShot_g24_c06,TableTennisShot
v_BrushingTeeth_g24_c07,BrushingTeeth
v_ShavingBeard_g15_c05,ShavingBeard
v_GolfSwing_g14_c02,GolfSwing
v_JumpRope_g08_c01,JumpRope
v_Rafting_g13_c01,Rafting
v_IceDancing_g09_c02,IceDancing
v_BalanceBeam_g14_c04,BalanceBeam
v_CricketShot_g17_c02,CricketShot
v_FieldHockeyPenalty_g08_c04,FieldHockeyPenalty
v_CleanAndJerk_g16_c04,CleanAndJerk
v_Typing_g18_c04,Typing
v_PullUps_g18_c03,PullUps
v_PlayingDaf_g12_c01,PlayingDaf
v_BlowingCandles_g25_c01,BlowingCandles
v_PlayingViolin_g25_c02,PlayingViolin
v_HighJump_g25_c01,HighJump
v_HulaHoop_g25_c03,HulaHoop
v_BlowingCandles_g08_c02,BlowingCandles
v_ApplyEyeMakeup_g25_c02,ApplyEyeMakeup
v_PlayingFlute_g10_c02,PlayingFlute
v_MilitaryParade_g14_c03,MilitaryParade
v_PlayingCello_g13_c04,PlayingCello
v_GolfSwing_g23_c03,GolfSwing
v_FloorGymnastics_g15_c05,FloorGymnastics
v_HorseRiding_g09_c04,HorseRiding
v_CliffDiving_g12_c02,CliffDiving
v_WritingOnBoard_g08_c02,WritingOnBoard
v_RopeClimbing_g20_c04,RopeClimbing
v_LongJump_g18_c02,LongJump
v_IceDancing_g25_c04,IceDancing
v_StillRings_g18_c02,StillRings
v_BreastStroke_g25_c01,BreastStroke
v_SumoWrestling_g13_c02,SumoWrestling
v_PushUps_g21_c04,PushUps
v_JavelinThrow_g16_c05,JavelinThrow
v_TennisSwing_g10_c06,TennisSwing
v_Drumming_g17_c04,Drumming
v_WalkingWithDog_g16_c02,WalkingWithDog
v_PlayingGuitar_g15_c04,PlayingGuitar
v_PommelHorse_g22_c06,PommelHorse
v_HandstandWalking_g15_c03,HandstandWalking
v_PullUps_g13_c01,PullUps
v_BenchPress_g16_c03,BenchPress
v_PlayingGuitar_g17_c02,PlayingGuitar
v_HorseRiding_g11_c01,HorseRiding
v_WallPushups_g24_c01,WallPushups
v_Archery_g17_c01,Archery
v_FrisbeeCatch_g19_c02,FrisbeeCatch
v_Rowing_g15_c05,Rowing
v_Bowling_g14_c05,Bowling
v_Skiing_g22_c04,Skiing
v_Kayaking_g16_c03,Kayaking
v_Nunchucks_g24_c02,Nunchucks
v_HammerThrow_g13_c01,HammerThrow
v_SkyDiving_g12_c02,SkyDiving
v_ShavingBeard_g21_c03,ShavingBeard
v_BandMarching_g10_c06,BandMarching
v_PoleVault_g17_c03,PoleVault
v_BenchPress_g16_c04,BenchPress
v_PlayingSitar_g08_c02,PlayingSitar
v_HammerThrow_g21_c03,HammerThrow
v_RockClimbingIndoor_g18_c01,RockClimbingIndoor
v_GolfSwing_g24_c03,GolfSwing
v_CricketShot_g09_c06,CricketShot
v_Mixing_g15_c05,Mixing
v_Hammering_g09_c07,Hammering
v_PlayingTabla_g24_c01,PlayingTabla
v_PlayingViolin_g14_c04,PlayingViolin
v_Bowling_g17_c03,Bowling
v_Lunges_g12_c01,Lunges
v_FrontCrawl_g22_c05,FrontCrawl
v_Basketball_g22_c07,Basketball
v_CricketBowling_g22_c06,CricketBowling
v_SoccerPenalty_g13_c02,SoccerPenalty
v_PizzaTossing_g24_c03,PizzaTossing
v_Fencing_g22_c02,Fencing
v_TableTennisShot_g12_c01,TableTennisShot
v_SoccerJuggling_g23_c04,SoccerJuggling
v_ApplyEyeMakeup_g22_c04,ApplyEyeMakeup
v_BabyCrawling_g24_c04,BabyCrawling
v_Basketball_g25_c07,Basketball
v_WritingOnBoard_g16_c07,WritingOnBoard
v_HandStandPushups_g10_c01,HandStandPushups
v_YoYo_g14_c02,YoYo
v_PlayingDhol_g11_c01,PlayingDhol
v_CuttingInKitchen_g19_c02,CuttingInKitchen
v_RockClimbingIndoor_g15_c03,RockClimbingIndoor
v_BodyWeightSquats_g24_c02,BodyWeightSquats
v_BasketballDunk_g15_c03,BasketballDunk
v_TableTennisShot_g18_c01,TableTennisShot
v_HighJump_g16_c03,HighJump
v_MoppingFloor_g12_c04,MoppingFloor
v_Diving_g10_c04,Diving
v_SoccerJuggling_g13_c03,SoccerJuggling
v_BrushingTeeth_g19_c02,BrushingTeeth
v_SoccerJuggling_g11_c03,SoccerJuggling
v_Typing_g22_c01,Typing
v_RopeClimbing_g21_c04,RopeClimbing
v_IceDancing_g16_c02,IceDancing
v_SoccerJuggling_g19_c07,SoccerJuggling
v_BlowDryHair_g12_c06,BlowDryHair
v_SkateBoarding_g17_c03,SkateBoarding
v_RopeClimbing_g21_c03,RopeClimbing
v_BenchPress_g13_c02,BenchPress
v_Basketball_g17_c04,Basketball
v_ApplyLipstick_g08_c04,ApplyLipstick
v_ApplyEyeMakeup_g12_c01,ApplyEyeMakeup
v_BrushingTeeth_g24_c03,BrushingTeeth
v_RopeClimbing_g13_c06,RopeClimbing
v_TrampolineJumping_g16_c06,TrampolineJumping
v_BoxingSpeedBag_g13_c07,BoxingSpeedBag
v_PlayingDhol_g14_c04,PlayingDhol
v_JumpingJack_g22_c01,JumpingJack
v_BabyCrawling_g15_c01,BabyCrawling
v_WritingOnBoard_g16_c02,WritingOnBoard
v_PoleVault_g21_c01,PoleVault
v_Hammering_g22_c06,Hammering
v_FrisbeeCatch_g18_c02,FrisbeeCatch
v_BoxingPunchingBag_g23_c06,BoxingPunchingBag
v_JavelinThrow_g14_c03,JavelinThrow
v_PlayingDhol_g12_c01,PlayingDhol
v_PlayingViolin_g14_c02,PlayingViolin
v_TableTennisShot_g11_c03,TableTennisShot
v_HulaHoop_g12_c06,HulaHoop
v_BasketballDunk_g25_c02,BasketballDunk
v_PlayingSitar_g16_c06,PlayingSitar
v_Shotput_g14_c01,Shotput
v_MilitaryParade_g09_c07,MilitaryParade
v_MilitaryParade_g23_c01,MilitaryParade
v_BasketballDunk_g23_c01,BasketballDunk
v_HammerThrow_g17_c02,HammerThrow
v_PlayingFlute_g19_c04,PlayingFlute
v_CricketBowling_g25_c05,CricketBowling
v_PizzaTossing_g16_c01,PizzaTossing
v_UnevenBars_g17_c01,UnevenBars
v_PlayingDhol_g25_c06,PlayingDhol
v_PoleVault_g11_c01,PoleVault
v_PoleVault_g12_c07,PoleVault
v_Swing_g15_c04,Swing
v_RockClimbingIndoor_g17_c07,RockClimbingIndoor
v_TrampolineJumping_g24_c01,TrampolineJumping
v_CliffDiving_g18_c05,CliffDiving
v_TableTennisShot_g22_c07,TableTennisShot
v_Biking_g13_c02,Biking
v_TableTennisShot_g25_c03,TableTennisShot
v_HandstandWalking_g22_c01,HandstandWalking
v_PlayingSitar_g21_c02,PlayingSitar
v_BenchPress_g20_c01,BenchPress
v_BalanceBeam_g10_c04,BalanceBeam
v_ApplyLipstick_g21_c04,ApplyLipstick
v_StillRings_g24_c02,StillRings
v_BalanceBeam_g10_c01,BalanceBeam
v_PlayingFlute_g09_c01,PlayingFlute
v_StillRings_g23_c04,StillRings
v_JugglingBalls_g16_c01,JugglingBalls
v_CliffDiving_g22_c05,CliffDiving
v_PlayingGuitar_g18_c06,PlayingGuitar
v_MoppingFloor_g11_c02,MoppingFloor
v_FrontCrawl_g14_c02,FrontCrawl
v_PlayingFlute_g15_c03,PlayingFlute
v_BodyWeightSquats_g13_c01,BodyWeightSquats
v_StillRings_g22_c03,StillRings
v_LongJump_g11_c03,LongJump
v_Rafting_g13_c02,Rafting
v_BoxingSpeedBag_g18_c04,BoxingSpeedBag
v_Biking_g24_c05,Biking
v_BreastStroke_g25_c04,BreastStroke
v_PlayingDhol_g09_c03,PlayingDhol
v_ApplyLipstick_g20_c04,ApplyLipstick
v_Lunges_g19_c03,Lunges
v_BlowingCandles_g24_c01,BlowingCandles
v_MilitaryParade_g19_c04,MilitaryParade
v_FrisbeeCatch_g20_c01,FrisbeeCatch
v_HorseRiding_g20_c03,HorseRiding
v_Lunges_g24_c02,Lunges
v_Billiards_g10_c03,Billiards
v_SumoWrestling_g14_c03,SumoWrestling
v_Mixing_g25_c01,Mixing
v_StillRings_g21_c01,StillRings
v_PlayingSitar_g10_c01,PlayingSitar
v_SkateBoarding_g21_c01,SkateBoarding
v_HeadMassage_g21_c03,HeadMassage
v_CuttingInKitchen_g19_c04,CuttingInKitchen
v_WalkingWithDog_g13_c05,WalkingWithDog
v_Punch_g11_c06,Punch
v_ThrowDiscus_g15_c02,ThrowDiscus
v_BodyWeightSquats_g09_c05,BodyWeightSquats
v_Diving_g24_c05,Diving
v_LongJump_g10_c02,LongJump
v_HulaHoop_g21_c04,HulaHoop
v_RockClimbingIndoor_g24_c04,RockClimbingIndoor
v_ThrowDiscus_g23_c02,ThrowDiscus
v_UnevenBars_g21_c03,UnevenBars
v_Drumming_g14_c06,Drumming
v_Mixing_g12_c04,Mixing
v_TennisSwing_g11_c06,TennisSwing
v_CliffDiving_g12_c04,CliffDiving
v_ApplyEyeMakeup_g13_c06,ApplyEyeMakeup
v_ApplyLipstick_g18_c02,ApplyLipstick
v_BoxingPunchingBag_g09_c01,BoxingPunchingBag
v_Rowing_g10_c04,Rowing
v_Fencing_g09_c06,Fencing
v_RopeClimbing_g12_c02,RopeClimbing
v_PommelHorse_g23_c04,PommelHorse
v_PlayingCello_g10_c07,PlayingCello
v_JugglingBalls_g14_c02,JugglingBalls
v_SoccerPenalty_g16_c03,SoccerPenalty
v_PlayingFlute_g11_c02,PlayingFlute
v_GolfSwing_g21_c03,GolfSwing
v_WallPushups_g09_c03,WallPushups
v_HandStandPushups_g14_c02,HandStandPushups
v_Mixing_g18_c01,Mixing
v_WritingOnBoard_g20_c04,WritingOnBoard
v_HandStandPushups_g20_c07,HandStandPushups
v_Biking_g21_c07,Biking
v_Basketball_g16_c02,Basketball
v_YoYo_g12_c01,YoYo
v_BlowingCandles_g11_c02,BlowingCandles
v_ThrowDiscus_g14_c04,ThrowDiscus
v_Shotput_g19_c02,Shotput
v_BoxingSpeedBag_g16_c01,BoxingSpeedBag
v_Rowing_g16_c04,Rowing
v_SkateBoarding_g25_c02,SkateBoarding
v_ApplyEyeMakeup_g14_c05,ApplyEyeMakeup
v_Typing_g21_c03,Typing
v_PlayingSitar_g15_c04,PlayingSitar
v_Bowling_g08_c07,Bowling
v_WallPushups_g18_c02,WallPushups
v_HorseRiding_g17_c01,HorseRiding
v_BaseballPitch_g23_c04,BaseballPitch
v_Bowling_g13_c04,Bowling
v_WritingOnBoard_g21_c01,WritingOnBoard
v_PushUps_g14_c03,PushUps
v_RopeClimbing_g10_c04,RopeClimbing
v_Kayaking_g16_c07,Kayaking
v_TrampolineJumping_g20_c02,TrampolineJumping
v_FloorGymnastics_g10_c04,FloorGymnastics
v_BoxingPunchingBag_g22_c01,BoxingPunchingBag
v_Billiards_g14_c06,Billiards
v_StillRings_g25_c03,StillRings
v_BalanceBeam_g21_c04,BalanceBeam
v_HammerThrow_g09_c04,HammerThrow
v_Rafting_g11_c04,Rafting
v_PlayingDaf_g15_c06,PlayingDaf
v_GolfSwing_g19_c02,GolfSwing
v_BenchPress_g25_c04,BenchPress
v_PlayingTabla_g12_c03,PlayingTabla
v_BoxingPunchingBag_g14_c06,BoxingPunchingBag
v_TableTennisShot_g11_c05,TableTennisShot
v_BaseballPitch_g09_c04,BaseballPitch
v_Knitting_g14_c03,Knitting
v_SalsaSpin_g14_c06,SalsaSpin
v_Skiing_g20_c01,Skiing
v_HorseRace_g09_c01,HorseRace
v_Skiing_g10_c01,Skiing
v_HighJump_g15_c03,HighJump
v_CuttingInKitchen_g25_c06,CuttingInKitchen
v_Knitting_g23_c03,Knitting
v_CricketBowling_g12_c01,CricketBowling
v_WallPushups_g12_c02,WallPushups
v_FieldHockeyPenalty_g09_c04,FieldHockeyPenalty
v_HammerThrow_g19_c05,HammerThrow
v_Drumming_g08_c02,Drumming
v_BreastStroke_g23_c04,BreastStroke
v_FrisbeeCatch_g13_c04,FrisbeeCatch
v_SalsaSpin_g09_c02,SalsaSpin
v_Mixing_g21_c03,Mixing
v_Typing_g11_c05,Typing
v_PlayingSitar_g11_c01,PlayingSitar
v_JumpRope_g20_c03,JumpRope
v_Mixing_g12_c02,Mixing
v_Biking_g20_c02,Biking
v_HorseRace_g09_c03,HorseRace
v_PlayingSitar_g25_c04,PlayingSitar
v_Skijet_g08_c02,Skijet
v_Bowling_g14_c04,Bowling
v_VolleyballSpiking_g21_c04,VolleyballSpiking
v_BodyWeightSquats_g15_c01,BodyWeightSquats
v_PlayingSitar_g24_c04,PlayingSitar
v_SalsaSpin_g22_c02,SalsaSpin
v_FrisbeeCatch_g19_c01,FrisbeeCatch
v_HorseRace_g18_c02,HorseRace
v_JugglingBalls_g15_c04,JugglingBalls
v_BreastStroke_g21_c04,BreastStroke
v_FloorGymnastics_g11_c03,FloorGymnastics
v_ShavingBeard_g21_c05,ShavingBeard
v_PlayingGuitar_g18_c03,PlayingGuitar
v_Knitting_g18_c03,Knitting
v_PlayingDaf_g25_c05,PlayingDaf
v_TrampolineJumping_g09_c06,TrampolineJumping
v_Hammering_g15_c06,Hammering
v_HammerThrow_g16_c03,HammerThrow
v_CricketBowling_g10_c03,CricketBowling
v_PlayingFlute_g10_c04,PlayingFlute
v_ShavingBeard_g20_c03,ShavingBeard
v_Archery_g11_c07,Archery
v_SoccerPenalty_g12_c04,SoccerPenalty
v_SkateBoarding_g23_c02,SkateBoarding
v_Hammering_g15_c02,Hammering
v_Skiing_g24_c03,Skiing
v_BandMarching_g08_c05,BandMarching
v_CleanAndJerk_g15_c03,CleanAndJerk
v_Rowing_g18_c01,Rowing
v_BlowDryHair_g14_c03,BlowDryHair
v_Bowling_g24_c02,Bowling
v_Diving_g13_c06,Diving
v_ParallelBars_g08_c04,ParallelBars
v_PlayingFlute_g14_c01,PlayingFlute
v_Fencing_g15_c01,Fencing
v_CricketShot_g15_c02,CricketShot
v_SumoWrestling_g19_c05,SumoWrestling
v_Rafting_g19_c05,Rafting
v_WritingOnBoard_g16_c06,WritingOnBoard
v_Surfing_g10_c06,Surfing
v_Rowing_g19_c05,Rowing
v_CricketShot_g23_c03,CricketShot
v_Lunges_g25_c03,Lunges
v_Rowing_g22_c04,Rowing
v_JumpRope_g23_c03,JumpRope
v_FrontCrawl_g24_c05,FrontCrawl
v_IceDancing_g16_c01,IceDancing
v_ApplyEyeMakeup_g18_c05,ApplyEyeMakeup
v_PlayingPiano_g13_c02,PlayingPiano
v_Knitting_g21_c03,Knitting
v_Haircut_g23_c04,Haircut
v_JavelinThrow_g10_c02,JavelinThrow
v_Diving_g19_c03,Diving
v_HighJump_g20_c05,HighJump
v_BreastStroke_g13_c03,BreastStroke
v_StillRings_g14_c03,StillRings
v_PommelHorse_g23_c02,PommelHorse
v_FloorGymnastics_g20_c02,FloorGymnastics
v_GolfSwing_g10_c04,GolfSwing
v_HammerThrow_g24_c01,HammerThrow
v_CricketShot_g13_c07,CricketShot
v_Skijet_g10_c02,Skijet
v_Lunges_g24_c01,Lunges
v_PommelHorse_g25_c02,PommelHorse
v_BreastStroke_g24_c04,BreastStroke
v_PlayingFlute_g17_c07,PlayingFlute
v_Lunges_g12_c03,Lunges
v_SoccerPenalty_g16_c05,SoccerPenalty
v_Billiards_g08_c03,Billiards
v_HorseRace_g15_c02,HorseRace
v_ApplyEyeMakeup_g21_c02,ApplyEyeMakeup
v_TableTennisShot_g23_c05,TableTennisShot
v_Rafting_g25_c04,Rafting
v_SkateBoarding_g12_c05,SkateBoarding
v_CricketBowling_g24_c02,CricketBowling
v_BoxingSpeedBag_g12_c04,BoxingSpeedBag
v_BrushingTeeth_g09_c01,BrushingTeeth
v_BreastStroke_g19_c04,BreastStroke
v_BoxingSpeedBag_g24_c02,BoxingSpeedBag
v_Kayaking_g20_c05,Kayaking
v_BlowingCandles_g20_c01,BlowingCandles
v_Nunchucks_g20_c01,Nunchucks
v_StillRings_g15_c01,StillRings
v_TennisSwing_g17_c03,TennisSwing
v_SoccerJuggling_g20_c06,SoccerJuggling
v_Shotput_g11_c05,Shotput
v_CricketBowling_g09_c03,CricketBowling
v_BlowingCandles_g21_c02,BlowingCandles
v_FloorGymnastics_g13_c02,FloorGymnastics
v_StillRings_g10_c06,StillRings
v_SkateBoarding_g09_c04,SkateBoarding
v_Rowing_g11_c02,Rowing
v_SalsaSpin_g16_c04,SalsaSpin
v_Bowling_g09_c06,Bowling
v_HandstandWalking_g25_c02,HandstandWalking
v_SumoWrestling_g08_c02,SumoWrestling
v_RockClimbingIndoor_g09_c01,RockClimbingIndoor
v_Mixing_g25_c03,Mixing
v_SkyDiving_g21_c04,SkyDiving
v_Archery_g19_c04,Archery
v_Biking_g13_c04,Biking
v_PommelHorse_g24_c02,PommelHorse
v_HulaHoop_g24_c03,HulaHoop
v_HighJump_g16_c02,HighJump
v_SalsaSpin_g20_c01,SalsaSpin
v_PlayingGuitar_g10_c03,PlayingGuitar
v_BoxingPunchingBag_g20_c06,BoxingPunchingBag
v_PlayingGuitar_g09_c04,PlayingGuitar
v_StillRings_g15_c02,StillRings
v_PlayingGuitar_g11_c05,PlayingGuitar
v_Archery_g23_c04,Archery
v_CliffDiving_g13_c02,CliffDiving
v_RockClimbingIndoor_g12_c02,RockClimbingIndoor
v_TennisSwing_g09_c03,TennisSwing
v_Skijet_g16_c04,Skijet
v_PizzaTossing_g21_c03,PizzaTossing
v_Archery_g17_c02,Archery
v_ThrowDiscus_g24_c03,ThrowDiscus
v_SalsaSpin_g14_c03,SalsaSpin
v_SkateBoarding_g25_c05,SkateBoarding
v_Hammering_g14_c03,Hammering
v_IceDancing_g09_c01,IceDancing
v_Drumming_g13_c05,Drumming
v_BandMarching_g20_c01,BandMarching
v_PlayingGuitar_g10_c04,PlayingGuitar
v_RopeClimbing_g08_c03,RopeClimbing
v_PizzaTossing_g16_c03,PizzaTossing
v_SoccerJuggling_g17_c02,SoccerJuggling
v_IceDancing_g22_c04,IceDancing
v_HorseRiding_g12_c05,HorseRiding
v_TennisSwing_g19_c01,TennisSwing
v_PommelHorse_g17_c02,PommelHorse
v_HandstandWalking_g17_c03,HandstandWalking
v_Bowling_g23_c05,Bowling
v_SalsaSpin_g09_c01,SalsaSpin
v_Punch_g19_c07,Punch
v_HammerThrow_g13_c07,HammerThrow
v_CricketBowling_g25_c01,CricketBowling
v_Drumming_g25_c06,Drumming
v_Swing_g19_c03,Swing
v_PlayingViolin_g20_c02,PlayingViolin
v_Billiards_g11_c02,Billiards
v_BrushingTeeth_g14_c01,BrushingTeeth
v_BasketballDunk_g13_c01,BasketballDunk
v_HorseRiding_g22_c02,HorseRiding
v_PlayingViolin_g15_c03,PlayingViolin
v_ThrowDiscus_g18_c06,ThrowDiscus
v_Diving_g20_c06,Diving
v_FieldHockeyPenalty_g20_c02,FieldHockeyPenalty
v_ApplyLipstick_g22_c03,ApplyLipstick
v_PlayingDaf_g14_c01,PlayingDaf
v_SoccerPenalty_g25_c03,SoccerPenalty
v_HorseRace_g17_c02,HorseRace
v_BalanceBeam_g12_c04,BalanceBeam
v_SoccerJuggling_g09_c01,SoccerJuggling
v_FieldHockeyPenalty_g09_c05,FieldHockeyPenalty
v_Haircut_g21_c04,Haircut
v_Typing_g14_c07,Typing
v_Hammering_g12_c01,Hammering
v_TableTennisShot_g16_c01,TableTennisShot
v_MilitaryParade_g22_c01,MilitaryParade
v_Billiards_g24_c01,Billiards
v_Hammering_g13_c07,Hammering
v_CricketShot_g14_c01,CricketShot
v_BodyWeightSquats_g19_c03,BodyWeightSquats
v_TaiChi_g22_c01,TaiChi
v_HorseRace_g13_c03,HorseRace
v_Lunges_g25_c02,Lunges
v_Shotput_g14_c03,Shotput
v_HorseRiding_g14_c03,HorseRiding
v_PlayingCello_g11_c03,PlayingCello
v_CricketBowling_g17_c01,CricketBowling
v_Hammering_g24_c03,Hammering
v_SkyDiving_g09_c03,SkyDiving
v_Punch_g21_c03,Punch
v_Skijet_g18_c01,Skijet
v_PizzaTossing_g09_c04,PizzaTossing
v_JumpRope_g25_c01,JumpRope
v_PlayingDaf_g08_c03,PlayingDaf
v_UnevenBars_g25_c03,UnevenBars
v_StillRings_g11_c04,StillRings
v_PlayingPiano_g09_c03,PlayingPiano
v_Kayaking_g12_c03,Kayaking
v_BlowDryHair_g11_c06,BlowDryHair
v_TennisSwing_g08_c01,TennisSwing
v_HammerThrow_g11_c01,HammerThrow
v_BenchPress_g15_c05,BenchPress
v_SalsaSpin_g16_c02,SalsaSpin
v_PullUps_g21_c02,PullUps
v_Punch_g18_c07,Punch
v_Mixing_g11_c05,Mixing
v_PoleVault_g14_c01,PoleVault
v_HeadMassage_g24_c02,HeadMassage
v_PlayingDaf_g14_c03,PlayingDaf
v_CricketShot_g14_c07,CricketShot
v_Fencing_g17_c01,Fencing
v_Punch_g15_c03,Punch
v_Haircut_g23_c06,Haircut
v_TennisSwing_g25_c01,TennisSwing
v_Haircut_g09_c03,Haircut
v_PlayingPiano_g11_c01,PlayingPiano
v_BandMarching_g21_c06,BandMarching
v_Drumming_g24_c04,Drumming
v_CricketBowling_g08_c02,CricketBowling
v_TrampolineJumping_g20_c03,TrampolineJumping
v_BlowDryHair_g11_c03,BlowDryHair
v_WallPushups_g14_c02,WallPushups
v_YoYo_g15_c01,YoYo
v_WallPushups_g15_c01,WallPushups
v_BaseballPitch_g19_c03,BaseballPitch
v_SoccerPenalty_g22_c04,SoccerPenalty
v_WallPushups_g22_c01,WallPushups
v_Biking_g17_c03,Biking
v_BoxingPunchingBag_g12_c02,BoxingPunchingBag
v_PlayingGuitar_g14_c06,PlayingGuitar
v_PommelHorse_g18_c03,PommelHorse
v_BodyWeightSquats_g20_c05,BodyWeightSquats
v_PlayingTabla_g25_c01,PlayingTabla
v_Biking_g08_c01,Biking
v_Surfing_g15_c03,Surfing
v_MilitaryParade_g25_c06,MilitaryParade
v_UnevenBars_g13_c03,UnevenBars
v_IceDancing_g22_c06,IceDancing
v_Kayaking_g19_c02,Kayaking
v_HulaHoop_g20_c01,HulaHoop
v_Archery_g25_c05,Archery
v_Haircut_g20_c03,Haircut
v_Shotput_g22_c04,Shotput
v_PlayingCello_g22_c01,PlayingCello
v_HorseRace_g18_c06,HorseRace
v_BrushingTeeth_g25_c05,BrushingTeeth
v_PlayingGuitar_g23_c01,PlayingGuitar
v_HorseRace_g16_c04,HorseRace
v_YoYo_g09_c05,YoYo
v_TrampolineJumping_g19_c06,TrampolineJumping
v_JavelinThrow_g13_c02,JavelinThrow
v_Haircut_g08_c01,Haircut
v_Typing_g16_c03,Typing
v_JumpRope_g12_c02,JumpRope
v_BrushingTeeth_g13_c01,BrushingTeeth
v_Swing_g15_c02,Swing
v_ParallelBars_g12_c01,ParallelBars
v_JumpingJack_g10_c02,JumpingJack
v_FloorGymnastics_g12_c04,FloorGymnastics
v_PoleVault_g21_c04,PoleVault
v_ShavingBeard_g11_c03,ShavingBeard
v_BlowDryHair_g16_c03,BlowDryHair
v_BandMarching_g14_c05,BandMarching
v_Kayaking_g09_c02,Kayaking
v_WalkingWithDog_g20_c05,WalkingWithDog
v_BrushingTeeth_g11_c01,BrushingTeeth
v_CricketBowling_g16_c02,CricketBowling
v_HighJump_g17_c04,HighJump
v_Skijet_g14_c01,Skijet
v_CricketBowling_g16_c01,CricketBowling
v_BabyCrawling_g22_c05,BabyCrawling
v_PlayingTabla_g13_c05,PlayingTabla
v_WallPushups_g18_c04,WallPushups
v_FrontCrawl_g18_c03,FrontCrawl
v_GolfSwing_g18_c06,GolfSwing
v_RopeClimbing_g09_c01,RopeClimbing
v_Bowling_g19_c07,Bowling
v_Haircut_g08_c04,Haircut
v_SkyDiving_g17_c05,SkyDiving
v_Shotput_g12_c04,Shotput
v_Basketball_g20_c05,Basketball
v_PlayingCello_g24_c04,PlayingCello
v_HorseRiding_g19_c01,HorseRiding
v_RockClimbingIndoor_g16_c04,RockClimbingIndoor
v_Haircut_g23_c07,Haircut
v_Punch_g14_c01,Punch
v_BenchPress_g19_c05,BenchPress
v_SoccerJuggling_g13_c05,SoccerJuggling
v_BaseballPitch_g24_c06,BaseballPitch
v_PoleVault_g13_c05,PoleVault
v_MoppingFloor_g20_c03,MoppingFloor
v_BodyWeightSquats_g16_c04,BodyWeightSquats
v_PlayingGuitar_g25_c03,PlayingGuitar
v_Archery_g12_c02,Archery
v_BasketballDunk_g11_c01,BasketballDunk
v_SoccerJuggling_g24_c01,SoccerJuggling
v_HorseRace_g25_c01,HorseRace
v_Lunges_g11_c02,Lunges
v_SalsaSpin_g16_c01,SalsaSpin
v_ParallelBars_g22_c04,ParallelBars
v_Basketball_g15_c05,Basketball
v_WritingOnBoard_g16_c05,WritingOnBoard
v_ApplyEyeMakeup_g13_c04,ApplyEyeMakeup
v_Surfing_g20_c05,Surfing
v_BalanceBeam_g22_c03,BalanceBeam
v_BlowDryHair_g20_c05,BlowDryHair
v_HorseRiding_g21_c02,HorseRiding
v_JumpingJack_g25_c01,JumpingJack
v_SumoWrestling_g08_c03,SumoWrestling
v_PlayingViolin_g15_c02,PlayingViolin
v_WalkingWithDog_g09_c03,WalkingWithDog
v_BasketballDunk_g09_c02,BasketballDunk
v_SoccerPenalty_g12_c03,SoccerPenalty
v_RockClimbingIndoor_g14_c03,RockClimbingIndoor
v_TableTennisShot_g20_c07,TableTennisShot
v_CricketBowling_g18_c06,CricketBowling
v_JumpingJack_g08_c02,JumpingJack
v_SkyDiving_g17_c01,SkyDiving
v_Hammering_g22_c02,Hammering
v_Punch_g17_c03,Punch
v_RockClimbingIndoor_g09_c03,RockClimbingIndoor
v_PlayingFlute_g11_c06,PlayingFlute
v_BasketballDunk_g17_c02,BasketballDunk
v_BalanceBeam_g20_c04,BalanceBeam
v_BlowingCandles_g08_c03,BlowingCandles
v_HandStandPushups_g21_c04,HandStandPushups
v_Lunges_g22_c03,Lunges
v_BlowingCandles_g24_c02,BlowingCandles
v_HandStandPushups_g17_c04,HandStandPushups
v_Archery_g20_c03,Archery
v_PlayingTabla_g11_c03,PlayingTabla
v_MilitaryParade_g14_c05,MilitaryParade
v_SumoWrestling_g11_c02,SumoWrestling
v_FieldHockeyPenalty_g20_c03,FieldHockeyPenalty
v_YoYo_g11_c02,YoYo
v_JumpingJack_g19_c07,JumpingJack
v_PlayingCello_g17_c07,PlayingCello
v_BlowingCandles_g16_c01,BlowingCandles
v_PoleVault_g22_c04,PoleVault
v_BodyWeightSquats_g15_c02,BodyWeightSquats
v_FloorGymnastics_g09_c04,FloorGymnastics
v_YoYo_g11_c05,YoYo
v_BasketballDunk_g22_c03,BasketballDunk
v_CricketBowling_g12_c06,CricketBowling
v_TrampolineJumping_g10_c05,TrampolineJumping
v_ApplyLipstick_g22_c02,ApplyLipstick
v_Diving_g09_c01,Diving
v_Archery_g23_c07,Archery
v_BaseballPitch_g13_c03,BaseballPitch
v_TableTennisShot_g20_c06,TableTennisShot
v_BlowingCandles_g19_c03,BlowingCandles
v_Shotput_g23_c05,Shotput
v_Nunchucks_g23_c02,Nunchucks
v_Knitting_g10_c07,Knitting
v_Punch_g18_c02,Punch
v_BasketballDunk_g17_c03,BasketballDunk
v_GolfSwing_g08_c04,GolfSwing
v_JumpingJack_g18_c03,JumpingJack
v_TableTennisShot_g23_c03,TableTennisShot
v_GolfSwing_g14_c03,GolfSwing
v_PoleVault_g10_c06,PoleVault
v_HammerThrow_g10_c04,HammerThrow
v_SoccerPenalty_g17_c04,SoccerPenalty
v_HammerThrow_g18_c03,HammerThrow
v_TrampolineJumping_g17_c02,TrampolineJumping
v_PlayingFlute_g09_c06,PlayingFlute
v_BalanceBeam_g10_c03,BalanceBeam
v_ApplyEyeMakeup_g09_c06,ApplyEyeMakeup
v_BenchPress_g09_c06,BenchPress
v_CliffDiving_g24_c01,CliffDiving
v_FloorGymnastics_g23_c03,FloorGymnastics
v_BandMarching_g23_c02,BandMarching
v_Skiing_g12_c02,Skiing
v_PushUps_g19_c01,PushUps
v_CricketBowling_g18_c05,CricketBowling
v_RockClimbingIndoor_g22_c07,RockClimbingIndoor
v_HeadMassage_g08_c02,HeadMassage
v_FieldHockeyPenalty_g16_c01,FieldHockeyPenalty
v_PlayingSitar_g16_c01,PlayingSitar
v_Basketball_g17_c01,Basketball
v_MoppingFloor_g17_c02,MoppingFloor
v_Typing_g19_c03,Typing
v_Drumming_g24_c02,Drumming
v_FloorGymnastics_g17_c04,FloorGymnastics
v_CleanAndJerk_g12_c01,CleanAndJerk
v_BaseballPitch_g18_c06,BaseballPitch
v_FieldHockeyPenalty_g09_c02,FieldHockeyPenalty
v_Billiards_g19_c02,Billiards
v_PlayingCello_g15_c04,PlayingCello
v_BasketballDunk_g21_c02,BasketballDunk
v_ThrowDiscus_g14_c03,ThrowDiscus
v_MoppingFloor_g23_c02,MoppingFloor
v_Typing_g09_c01,Typing
v_MilitaryParade_g11_c01,MilitaryParade
v_Drumming_g22_c02,Drumming
v_Lunges_g14_c02,Lunges
v_Bowling_g15_c07,Bowling
v_StillRings_g08_c04,StillRings
v_Kayaking_g14_c02,Kayaking
v_Haircut_g14_c04,Haircut
v_Kayaking_g21_c03,Kayaking
v_ApplyEyeMakeup_g10_c03,ApplyEyeMakeup
v_PlayingViolin_g18_c03,PlayingViolin
v_SalsaSpin_g23_c01,SalsaSpin
v_Diving_g08_c04,Diving
v_RockClimbingIndoor_g21_c04,RockClimbingIndoor
v_GolfSwing_g13_c04,GolfSwing
v_BodyWeightSquats_g25_c02,BodyWeightSquats
v_LongJump_g10_c04,LongJump
v_PlayingDaf_g22_c04,PlayingDaf
v_FrisbeeCatch_g16_c04,FrisbeeCatch
v_MilitaryParade_g15_c01,MilitaryParade
v_JumpRope_g24_c02,JumpRope
v_BodyWeightSquats_g23_c02,BodyWeightSquats
v_Drumming_g21_c02,Drumming
v_Nunchucks_g20_c02,Nunchucks
v_HorseRiding_g16_c04,HorseRiding
v_MoppingFloor_g22_c03,MoppingFloor
v_HandStandPushups_g25_c06,HandStandPushups
v_Typing_g12_c01,Typing
v_Billiards_g13_c05,Billiards
v_Fencing_g10_c03,Fencing
v_PlayingGuitar_g10_c05,PlayingGuitar
v_FieldHockeyPenalty_g17_c04,FieldHockeyPenalty
v_BasketballDunk_g16_c06,BasketballDunk
v_Knitting_g24_c03,Knitting
v_YoYo_g14_c04,YoYo
v_VolleyballSpiking_g09_c01,VolleyballSpiking
v_RockClimbingIndoor_g17_c03,RockClimbingIndoor
v_BaseballPitch_g11_c03,BaseballPitch
v_FrontCrawl_g11_c03,FrontCrawl
v_JavelinThrow_g19_c02,JavelinThrow
v_SkyDiving_g24_c02,SkyDiving
v_PlayingTabla_g10_c01,PlayingTabla
v_Knitting_g25_c04,Knitting
v_SalsaSpin_g12_c06,SalsaSpin
v_ApplyLipstick_g25_c01,ApplyLipstick
v_BandMarching_g11_c06,BandMarching
v_TaiChi_g18_c04,TaiChi
v_Bowling_g09_c05,Bowling
v_FieldHockeyPenalty_g25_c05,FieldHockeyPenalty
v_Biking_g23_c03,Biking
v_BoxingPunchingBag_g23_c04,BoxingPunchingBag
v_PlayingGuitar_g20_c01,PlayingGuitar
v_PommelHorse_g11_c01,PommelHorse
v_TableTennisShot_g24_c02,TableTennisShot
v_HorseRace_g21_c03,HorseRace
v_TaiChi_g12_c03,TaiChi
v_ApplyLipstick_g22_c01,ApplyLipstick
v_BreastStroke_g14_c04,BreastStroke
v_Lunges_g13_c02,Lunges
v_BrushingTeeth_g21_c04,BrushingTeeth
v_BalanceBeam_g25_c04,BalanceBeam
v_Basketball_g19_c05,Basketball
v_BabyCrawling_g12_c05,BabyCrawling
v_HorseRiding_g20_c05,HorseRiding
v_PlayingDhol_g15_c04,PlayingDhol
v_TableTennisShot_g14_c03,TableTennisShot
v_PullUps_g21_c03,PullUps
v_HorseRiding_g22_c07,HorseRiding
v_SumoWrestling_g08_c01,SumoWrestling
v_JumpRope_g25_c04,JumpRope
v_RopeClimbing_g12_c01,RopeClimbing
v_Shotput_g16_c06,Shotput
v_Kayaking_g14_c04,Kayaking
v_FloorGymnastics_g25_c04,FloorGymnastics
v_TrampolineJumping_g08_c04,TrampolineJumping
v_PushUps_g12_c02,PushUps
v_TrampolineJumping_g09_c02,TrampolineJumping
v_SoccerJuggling_g18_c01,SoccerJuggling
v_TrampolineJumping_g09_c05,TrampolineJumping
v_CleanAndJerk_g09_c01,CleanAndJerk
v_UnevenBars_g17_c02,UnevenBars
v_BodyWeightSquats_g22_c02,BodyWeightSquats
v_FrisbeeCatch_g12_c05,FrisbeeCatch
v_Typing_g21_c01,Typing
v_Kayaking_g25_c01,Kayaking
v_BreastStroke_g16_c01,BreastStroke
v_BalanceBeam_g25_c02,BalanceBeam
v_Punch_g14_c04,Punch
v_CricketBowling_g20_c03,CricketBowling
v_SkyDiving_g13_c02,SkyDiving
v_ParallelBars_g15_c02,ParallelBars
v_ShavingBeard_g24_c02,ShavingBeard
v_Rowing_g09_c05,Rowing
v_YoYo_g15_c03,YoYo
v_BrushingTeeth_g22_c01,BrushingTeeth
v_Punch_g10_c04,Punch
v_FrisbeeCatch_g17_c03,FrisbeeCatch
v_Skiing_g13_c04,Skiing
v_SkateBoarding_g20_c01,SkateBoarding
v_BandMarching_g10_c05,BandMarching
v_CricketShot_g21_c02,CricketShot
v_PlayingDhol_g13_c01,PlayingDhol
v_BreastStroke_g15_c02,BreastStroke
v_TennisSwing_g13_c01,TennisSwing
v_ShavingBeard_g15_c06,ShavingBeard
v_Archery_g13_c01,Archery
v_PlayingViolin_g13_c03,PlayingViolin
v_CricketShot_g08_c02,CricketShot
v_Rowing_g12_c06,Rowing
v_Punch_g15_c02,Punch
v_HulaHoop_g20_c03,HulaHoop
v_PlayingPiano_g17_c01,PlayingPiano
v_FloorGymnastics_g12_c06,FloorGymnastics
v_HorseRiding_g12_c07,HorseRiding
v_Rafting_g10_c05,Rafting
v_ThrowDiscus_g17_c02,ThrowDiscus
v_PlayingPiano_g24_c01,PlayingPiano
v_Rafting_g16_c05,Rafting
v_ApplyLipstick_g21_c02,ApplyLipstick
v_PlayingTabla_g22_c04,PlayingTabla
v_Mixing_g24_c02,Mixing
v_VolleyballSpiking_g13_c06,VolleyballSpiking
v_JavelinThrow_g18_c02,JavelinThrow
v_Nunchucks_g10_c03,Nunchucks
v_RopeClimbing_g24_c01,RopeClimbing
v_YoYo_g22_c01,YoYo
v_PlayingDhol_g15_c01,PlayingDhol
v_PlayingDhol_g08_c01,PlayingDhol
v_ShavingBeard_g12_c06,ShavingBeard
v_Basketball_g15_c06,Basketball
v_PushUps_g12_c04,PushUps
v_PlayingViolin_g19_c01,PlayingViolin
v_JumpRope_g08_c03,JumpRope
v_HammerThrow_g08_c01,HammerThrow
v_HulaHoop_g14_c03,HulaHoop
v_Swing_g24_c05,Swing
v_StillRings_g16_c04,StillRings
v_SoccerJuggling_g18_c05,SoccerJuggling
v_MilitaryParade_g19_c06,MilitaryParade
v_MilitaryParade_g24_c01,MilitaryParade
v_YoYo_g19_c03,YoYo
v_Archery_g25_c04,Archery
v_BlowDryHair_g12_c02,BlowDryHair
v_HandstandWalking_g25_c01,HandstandWalking
v_PlayingDaf_g14_c07,PlayingDaf
v_CricketShot_g13_c04,CricketShot
v_Bowling_g22_c06,Bowling
v_BoxingSpeedBag_g25_c01,BoxingSpeedBag
v_Typing_g20_c01,Typing
v_SkateBoarding_g24_c04,SkateBoarding
v_HandStandPushups_g11_c03,HandStandPushups
v_TennisSwing_g08_c03,TennisSwing
v_WallPushups_g18_c05,WallPushups
v_PlayingDhol_g11_c04,PlayingDhol
v_Haircut_g20_c04,Haircut
v_HandStandPushups_g20_c03,HandStandPushups
v_SalsaSpin_g08_c02,SalsaSpin
v_BodyWeightSquats_g11_c01,BodyWeightSquats
v_ShavingBeard_g18_c06,ShavingBeard
v_HighJump_g10_c04,HighJump
v_TableTennisShot_g09_c03,TableTennisShot
v_ShavingBeard_g24_c05,ShavingBeard
v_PlayingTabla_g17_c02,PlayingTabla
v_TaiChi_g20_c02,TaiChi
v_Biking_g21_c02,Biking
v_HandstandWalking_g20_c02,HandstandWalking
v_Rafting_g17_c01,Rafting
v_BoxingPunchingBag_g19_c01,BoxingPunchingBag
v_BandMarching_g18_c05,BandMarching
v_Rafting_g23_c01,Rafting
v_VolleyballSpiking_g25_c02,VolleyballSpiking
v_CricketBowling_g09_c05,CricketBowling
v_Knitting_g24_c04,Knitting
v_Knitting_g17_c03,Knitting
v_Basketball_g09_c05,Basketball
v_Nunchucks_g13_c03,Nunchucks
v_Mixing_g23_c02,Mixing
v_FrontCrawl_g22_c02,FrontCrawl
v_ShavingBeard_g15_c02,ShavingBeard
v_BoxingPunchingBag_g19_c05,BoxingPunchingBag
v_PlayingDaf_g11_c01,PlayingDaf
v_BreastStroke_g21_c03,BreastStroke
v_Swing_g17_c03,Swing
v_PushUps_g25_c03,PushUps
v_SkateBoarding_g18_c05,SkateBoarding
v_PlayingFlute_g14_c03,PlayingFlute
v_BasketballDunk_g17_c07,BasketballDunk
v_PoleVault_g17_c06,PoleVault
v_Basketball_g25_c04,Basketball
v_CliffDiving_g14_c01,CliffDiving
v_PlayingViolin_g12_c04,PlayingViolin
v_YoYo_g14_c03,YoYo
v_HeadMassage_g16_c01,HeadMassage
v_Hammering_g15_c04,Hammering
v_Archery_g20_c04,Archery
v_YoYo_g24_c01,YoYo
v_Swing_g09_c01,Swing
v_Diving_g13_c07,Diving
v_PlayingFlute_g18_c05,PlayingFlute
v_BalanceBeam_g12_c02,BalanceBeam
v_IceDancing_g18_c06,IceDancing
v_SalsaSpin_g08_c04,SalsaSpin
v_PoleVault_g23_c02,PoleVault
v_PlayingDaf_g24_c03,PlayingDaf
v_PlayingFlute_g25_c02,PlayingFlute
v_SumoWrestling_g13_c04,SumoWrestling
v_Fencing_g20_c03,Fencing
v_BoxingSpeedBag_g25_c04,BoxingSpeedBag
v_BabyCrawling_g16_c03,BabyCrawling
v_Lunges_g15_c03,Lunges
v_TennisSwing_g10_c02,TennisSwing
v_YoYo_g17_c03,YoYo
v_Basketball_g19_c06,Basketball
v_Swing_g08_c05,Swing
v_WalkingWithDog_g24_c01,WalkingWithDog
v_HighJump_g14_c03,HighJump
v_PoleVault_g18_c02,PoleVault
v_VolleyballSpiking_g20_c04,VolleyballSpiking
v_BoxingSpeedBag_g13_c06,BoxingSpeedBag
v_FrisbeeCatch_g18_c05,FrisbeeCatch
v_JugglingBalls_g18_c03,JugglingBalls
v_Biking_g08_c05,Biking
v_Hammering_g18_c04,Hammering
v_Drumming_g17_c02,Drumming
v_Punch_g13_c03,Punch
v_ShavingBeard_g12_c05,ShavingBeard
v_TennisSwing_g10_c04,TennisSwing
v_BasketballDunk_g24_c02,BasketballDunk
v_BlowDryHair_g23_c05,BlowDryHair
v_BenchPress_g11_c02,BenchPress
v_Knitting_g21_c04,Knitting
v_PlayingViolin_g20_c03,PlayingViolin
v_BoxingPunchingBag_g24_c07,BoxingPunchingBag
v_BaseballPitch_g14_c04,BaseballPitch
v_BrushingTeeth_g23_c01,BrushingTeeth
v_CricketShot_g09_c07,CricketShot
v_HeadMassage_g17_c01,HeadMassage
v_Drumming_g22_c01,Drumming
v_Fencing_g17_c02,Fencing
v_ShavingBeard_g18_c01,ShavingBeard
v_Drumming_g18_c03,Drumming
v_CricketBowling_g12_c05,CricketBowling
v_CuttingInKitchen_g21_c03,CuttingInKitchen
v_SkateBoarding_g18_c01,SkateBoarding
v_ThrowDiscus_g22_c02,ThrowDiscus
v_PizzaTossing_g08_c03,PizzaTossing
v_Skiing_g21_c06,Skiing
v_WalkingWithDog_g15_c02,WalkingWithDog
v_WalkingWithDog_g25_c03,WalkingWithDog
v_Shotput_g19_c01,Shotput
v_BaseballPitch_g15_c02,BaseballPitch
v_Haircut_g19_c05,Haircut
v_MoppingFloor_g18_c05,MoppingFloor
v_Billiards_g09_c07,Billiards
v_Shotput_g25_c05,Shotput
v_BasketballDunk_g08_c04,BasketballDunk
v_Knitting_g15_c02,Knitting
v_Basketball_g11_c02,Basketball
v_PlayingGuitar_g16_c02,PlayingGuitar
v_FrontCrawl_g22_c04,FrontCrawl
v_HammerThrow_g09_c03,HammerThrow
v_JavelinThrow_g08_c02,JavelinThrow
v_BrushingTeeth_g19_c05,BrushingTeeth
v_TaiChi_g09_c02,TaiChi
v_PlayingGuitar_g18_c02,PlayingGuitar
v_CricketShot_g19_c05,CricketShot
v_ThrowDiscus_g14_c01,ThrowDiscus
v_Shotput_g10_c05,Shotput
v_HorseRiding_g22_c05,HorseRiding
v_SkyDiving_g25_c04,SkyDiving
v_CleanAndJerk_g12_c03,CleanAndJerk
v_JavelinThrow_g25_c04,JavelinThrow
v_ThrowDiscus_g24_c05,ThrowDiscus
v_BasketballDunk_g21_c01,BasketballDunk
v_Drumming_g09_c01,Drumming
v_GolfSwing_g10_c02,GolfSwing
v_Surfing_g09_c04,Surfing
v_ApplyEyeMakeup_g09_c07,ApplyEyeMakeup
v_Skijet_g20_c01,Skijet
v_TaiChi_g19_c01,TaiChi
v_MoppingFloor_g16_c04,MoppingFloor
v_Rowing_g13_c07,Rowing
v_JumpingJack_g10_c03,JumpingJack
v_BrushingTeeth_g22_c03,BrushingTeeth
v_Archery_g10_c01,Archery
v_Hammering_g23_c02,Hammering
v_PullUps_g19_c02,PullUps
v_TableTennisShot_g21_c01,TableTennisShot
v_CleanAndJerk_g25_c01,CleanAndJerk
v_WallPushups_g25_c02,WallPushups
v_BoxingPunchingBag_g15_c06,BoxingPunchingBag
v_HorseRiding_g24_c03,HorseRiding
v_TaiChi_g09_c04,TaiChi
v_FrontCrawl_g16_c04,FrontCrawl
v_HighJump_g15_c04,HighJump
v_Punch_g16_c04,Punch
v_Mixing_g11_c02,Mixing
v_Diving_g21_c06,Diving
v_Kayaking_g08_c04,Kayaking
v_CuttingInKitchen_g21_c02,CuttingInKitchen
v_BoxingPunchingBag_g22_c04,BoxingPunchingBag
v_SkateBoarding_g16_c02,SkateBoarding
v_ApplyEyeMakeup_g20_c01,ApplyEyeMakeup
v_HeadMassage_g22_c04,HeadMassage
v_WallPushups_g17_c06,WallPushups
v_Basketball_g13_c04,Basketball
v_PlayingGuitar_g17_c01,PlayingGuitar
v_Drumming_g13_c02,Drumming
v_CricketShot_g22_c07,CricketShot
v_HighJump_g18_c01,HighJump
v_BandMarching_g24_c05,BandMarching
v_Hammering_g10_c06,Hammering
v_Rafting_g20_c01,Rafting
v_IceDancing_g21_c05,IceDancing
v_BreastStroke_g23_c03,BreastStroke
v_PommelHorse_g14_c01,PommelHorse
v_BalanceBeam_g19_c01,BalanceBeam
v_PlayingCello_g09_c06,PlayingCello
v_TennisSwing_g18_c02,TennisSwing
v_PlayingDhol_g15_c03,PlayingDhol
v_StillRings_g19_c04,StillRings
v_Kayaking_g19_c05,Kayaking
v_PlayingFlute_g24_c01,PlayingFlute
v_TableTennisShot_g15_c03,TableTennisShot
v_Drumming_g24_c05,Drumming
v_HammerThrow_g13_c02,HammerThrow
v_PlayingTabla_g20_c02,PlayingTabla
v_Fencing_g09_c03,Fencing
v_TennisSwing_g12_c04,TennisSwing
v_HammerThrow_g18_c01,HammerThrow
v_Skijet_g16_c03,Skijet
v_JumpRope_g11_c03,JumpRope
v_BabyCrawling_g08_c03,BabyCrawling
v_Bowling_g11_c04,Bowling
v_ThrowDiscus_g16_c04,ThrowDiscus
v_GolfSwing_g20_c07,GolfSwing
v_StillRings_g20_c01,StillRings
v_HorseRace_g11_c03,HorseRace
v_PlayingGuitar_g12_c06,PlayingGuitar
v_CleanAndJerk_g23_c04,CleanAndJerk
v_Surfing_g19_c04,Surfing
v_BabyCrawling_g21_c04,BabyCrawling
v_ApplyEyeMakeup_g11_c05,ApplyEyeMakeup
v_IceDancing_g12_c01,IceDancing
v_BrushingTeeth_g14_c05,BrushingTeeth
v_BenchPress_g19_c03,BenchPress
v_PlayingCello_g10_c06,PlayingCello
v_Skiing_g13_c06,Skiing
v_VolleyballSpiking_g21_c02,VolleyballSpiking
v_CliffDiving_g21_c03,CliffDiving
v_SumoWrestling_g21_c02,SumoWrestling
v_FrontCrawl_g15_c04,FrontCrawl
v_PlayingSitar_g18_c07,PlayingSitar
v_ThrowDiscus_g22_c01,ThrowDiscus
v_PlayingFlute_g09_c03,PlayingFlute
v_BalanceBeam_g24_c02,BalanceBeam
v_TaiChi_g17_c04,TaiChi
v_PlayingPiano_g16_c04,PlayingPiano
v_VolleyballSpiking_g23_c04,VolleyballSpiking
v_Skijet_g12_c04,Skijet
v_BaseballPitch_g17_c07,BaseballPitch
v_Mixing_g17_c03,Mixing
v_Knitting_g08_c04,Knitting
v_CricketBowling_g15_c05,CricketBowling
v_BandMarching_g17_c04,BandMarching
v_YoYo_g22_c04,YoYo
v_CricketShot_g10_c01,CricketShot
v_PlayingPiano_g14_c03,PlayingPiano
v_RopeClimbing_g16_c04,RopeClimbing
v_Archery_g18_c01,Archery
v_BenchPress_g23_c02,BenchPress
v_PlayingGuitar_g19_c02,PlayingGuitar
v_PlayingGuitar_g21_c02,PlayingGuitar
v_PlayingGuitar_g09_c01,PlayingGuitar
v_BodyWeightSquats_g09_c04,BodyWeightSquats
v_CricketBowling_g10_c01,CricketBowling
v_IceDancing_g23_c03,IceDancing
v_JavelinThrow_g14_c02,JavelinThrow
v_FloorGymnastics_g17_c03,FloorGymnastics
v_ThrowDiscus_g20_c04,ThrowDiscus
v_BlowingCandles_g22_c01,BlowingCandles
v_ApplyEyeMakeup_g24_c06,ApplyEyeMakeup
v_PlayingGuitar_g21_c01,PlayingGuitar
v_Rowing_g11_c06,Rowing
v_ApplyLipstick_g08_c03,ApplyLipstick
v_BenchPress_g25_c01,BenchPress
v_BodyWeightSquats_g25_c04,BodyWeightSquats
v_ParallelBars_g17_c03,ParallelBars
v_SumoWrestling_g20_c01,SumoWrestling
v_SkateBoarding_g14_c03,SkateBoarding
v_BalanceBeam_g23_c03,BalanceBeam
v_SoccerJuggling_g09_c07,SoccerJuggling
v_MilitaryParade_g12_c03,MilitaryParade
v_RockClimbingIndoor_g08_c02,RockClimbingIndoor
v_TennisSwing_g11_c03,TennisSwing
v_TableTennisShot_g12_c03,TableTennisShot
v_SkateBoarding_g15_c01,SkateBoarding
v_Swing_g08_c03,Swing
v_TennisSwing_g14_c04,TennisSwing
v_RockClimbingIndoor_g24_c01,RockClimbingIndoor
v_SoccerJuggling_g19_c03,SoccerJuggling
v_PlayingDaf_g24_c01,PlayingDaf
v_Skijet_g20_c04,Skijet
v_BandMarching_g20_c05,BandMarching
v_Nunchucks_g11_c01,Nunchucks
v_PlayingCello_g19_c03,PlayingCello
v_Skiing_g10_c03,Skiing
v_MoppingFloor_g13_c03,MoppingFloor
v_Knitting_g25_c03,Knitting
v_Haircut_g13_c01,Haircut
v_Fencing_g18_c02,Fencing
v_JugglingBalls_g19_c03,JugglingBalls
v_BlowDryHair_g23_c04,BlowDryHair
v_Punch_g12_c03,Punch
v_IceDancing_g15_c03,IceDancing
v_PullUps_g09_c04,PullUps
v_Drumming_g12_c02,Drumming
v_Basketball_g09_c01,Basketball
v_CricketShot_g16_c04,CricketShot
v_BlowDryHair_g19_c01,BlowDryHair
v_PullUps_g22_c03,PullUps
v_PlayingPiano_g17_c05,PlayingPiano
v_JugglingBalls_g19_c04,JugglingBalls
v_MoppingFloor_g25_c02,MoppingFloor
v_PlayingGuitar_g09_c02,PlayingGuitar
v_PushUps_g20_c03,PushUps
v_PlayingDhol_g10_c02,PlayingDhol
v_HammerThrow_g23_c06,HammerThrow
v_Rafting_g25_c03,Rafting
v_HulaHoop_g17_c05,HulaHoop
v_Mixing_g19_c04,Mixing
v_CuttingInKitchen_g10_c07,CuttingInKitchen
v_SkateBoarding_g10_c03,SkateBoarding
v_Skiing_g13_c02,Skiing
v_PullUps_g16_c01,PullUps
v_BabyCrawling_g15_c05,BabyCrawling
v_BreastStroke_g08_c03,BreastStroke
v_CricketBowling_g14_c03,CricketBowling
v_ApplyLipstick_g10_c04,ApplyLipstick
v_SkyDiving_g13_c04,SkyDiving
v_LongJump_g08_c03,LongJump
v_SalsaSpin_g20_c02,SalsaSpin
v_Shotput_g11_c01,Shotput
v_HorseRace_g10_c01,HorseRace
v_BodyWeightSquats_g20_c04,BodyWeightSquats
v_PlayingCello_g21_c04,PlayingCello
v_PlayingPiano_g14_c01,PlayingPiano
v_FrontCrawl_g11_c07,FrontCrawl
v_HammerThrow_g20_c01,HammerThrow
v_Kayaking_g15_c06,Kayaking
v_GolfSwing_g25_c05,GolfSwing
v_Billiards_g08_c01,Billiards
v_Drumming_g20_c02,Drumming
v_PoleVault_g08_c03,PoleVault
v_ApplyEyeMakeup_g25_c05,ApplyEyeMakeup
v_JavelinThrow_g23_c02,JavelinThrow
v_BaseballPitch_g09_c02,BaseballPitch
v_Typing_g23_c04,Typing
v_PlayingTabla_g21_c02,PlayingTabla
v_WallPushups_g20_c02,WallPushups
v_Shotput_g11_c06,Shotput
v_BenchPress_g16_c01,BenchPress
v_GolfSwing_g24_c05,GolfSwing
v_PlayingPiano_g21_c04,PlayingPiano
v_WallPushups_g23_c03,WallPushups
v_BalanceBeam_g22_c04,BalanceBeam
v_StillRings_g22_c02,StillRings
v_Skiing_g25_c01,Skiing
v_Haircut_g15_c02,Haircut
v_WallPushups_g24_c04,WallPushups
v_IceDancing_g12_c07,IceDancing
v_Lunges_g21_c04,Lunges
v_Skiing_g10_c05,Skiing
v_BoxingSpeedBag_g10_c04,BoxingSpeedBag
v_UnevenBars_g11_c03,UnevenBars
v_ParallelBars_g18_c02,ParallelBars
v_Archery_g13_c07,Archery
v_TennisSwing_g14_c06,TennisSwing
v_SoccerPenalty_g11_c04,SoccerPenalty
v_Skiing_g19_c01,Skiing
v_WallPushups_g08_c04,WallPushups
v_Lunges_g12_c02,Lunges
v_WalkingWithDog_g17_c01,WalkingWithDog
v_Surfing_g10_c02,Surfing
v_StillRings_g22_c04,StillRings
v_ThrowDiscus_g09_c03,ThrowDiscus
v_CricketShot_g15_c06,CricketShot
v_StillRings_g21_c06,StillRings
v_SalsaSpin_g24_c05,SalsaSpin
v_PommelHorse_g13_c07,PommelHorse
v_HandStandPushups_g15_c01,HandStandPushups
v_TableTennisShot_g18_c02,TableTennisShot
v_PlayingPiano_g22_c04,PlayingPiano
v_LongJump_g11_c02,LongJump
v_Biking_g12_c02,Biking
v_Swing_g12_c02,Swing
v_SoccerJuggling_g23_c03,SoccerJuggling
v_RopeClimbing_g08_c01,RopeClimbing
v_PushUps_g19_c03,PushUps
v_HandstandWalking_g18_c05,HandstandWalking
v_PlayingDaf_g08_c01,PlayingDaf
v_MilitaryParade_g18_c04,MilitaryParade
v_Hammering_g25_c02,Hammering
v_TableTennisShot_g12_c02,TableTennisShot
v_Mixing_g18_c04,Mixing
v_BoxingSpeedBag_g22_c01,BoxingSpeedBag
v_FloorGymnastics_g24_c04,FloorGymnastics
v_HandstandWalking_g14_c02,HandstandWalking
v_BlowingCandles_g22_c03,BlowingCandles
v_PlayingGuitar_g10_c06,PlayingGuitar
v_PlayingPiano_g08_c03,PlayingPiano
v_ApplyEyeMakeup_g20_c05,ApplyEyeMakeup
v_JumpRope_g25_c06,JumpRope
v_WalkingWithDog_g24_c02,WalkingWithDog
v_BandMarching_g24_c01,BandMarching
v_Billiards_g22_c02,Billiards
v_PlayingSitar_g23_c03,PlayingSitar
v_Rafting_g17_c03,Rafting
v_Billiards_g09_c04,Billiards
v_GolfSwing_g20_c05,GolfSwing
v_Billiards_g14_c04,Billiards
v_PommelHorse_g12_c05,PommelHorse
v_FrontCrawl_g15_c03,FrontCrawl
v_Drumming_g16_c03,Drumming
v_TennisSwing_g19_c02,TennisSwing
v_BasketballDunk_g18_c05,BasketballDunk
v_Basketball_g18_c02,Basketball
v_WritingOnBoard_g13_c05,WritingOnBoard
v_BrushingTeeth_g15_c04,BrushingTeeth
v_BaseballPitch_g09_c01,BaseballPitch
v_HorseRace_g21_c01,HorseRace
v_Billiards_g08_c02,Billiards
v_Skiing_g08_c05,Skiing
v_HammerThrow_g22_c03,HammerThrow
v_Biking_g08_c03,Biking
v_FloorGymnastics_g12_c02,FloorGymnastics
v_Punch_g16_c03,Punch
v_ShavingBeard_g17_c02,ShavingBeard
v_ApplyEyeMakeup_g22_c01,ApplyEyeMakeup
v_HandstandWalking_g23_c03,HandstandWalking
v_PlayingCello_g18_c01,PlayingCello
v_IceDancing_g25_c07,IceDancing
v_BrushingTeeth_g10_c05,BrushingTeeth
v_SalsaSpin_g22_c04,SalsaSpin
v_Typing_g11_c06,Typing
v_BaseballPitch_g18_c07,BaseballPitch
v_HorseRace_g19_c05,HorseRace
v_BoxingSpeedBag_g22_c04,BoxingSpeedBag
v_ApplyEyeMakeup_g09_c04,ApplyEyeMakeup
v_BasketballDunk_g08_c01,BasketballDunk
v_TrampolineJumping_g13_c02,TrampolineJumping
v_Basketball_g20_c06,Basketball
v_ParallelBars_g12_c02,ParallelBars
v_SkyDiving_g20_c06,SkyDiving
v_PushUps_g17_c04,PushUps
v_PlayingDaf_g25_c03,PlayingDaf
v_WritingOnBoard_g17_c03,WritingOnBoard
v_Diving_g23_c06,Diving
v_Mixing_g14_c05,Mixing
v_Haircut_g22_c04,Haircut
v_BalanceBeam_g17_c04,BalanceBeam
v_BlowingCandles_g25_c02,BlowingCandles
v_Nunchucks_g19_c03,Nunchucks
v_PizzaTossing_g12_c03,PizzaTossing
v_FrontCrawl_g21_c05,FrontCrawl
v_BaseballPitch_g25_c03,BaseballPitch
v_CliffDiving_g14_c06,CliffDiving
v_FrisbeeCatch_g21_c05,FrisbeeCatch
v_Punch_g08_c04,Punch
v_Basketball_g23_c03,Basketball
v_CricketShot_g12_c03,CricketShot
v_BlowingCandles_g12_c03,BlowingCandles
v_PushUps_g14_c04,PushUps
v_SoccerJuggling_g15_c01,SoccerJuggling
v_RockClimbingIndoor_g08_c01,RockClimbingIndoor
v_PlayingDaf_g10_c05,PlayingDaf
v_BoxingPunchingBag_g24_c04,BoxingPunchingBag
v_HandStandPushups_g12_c06,HandStandPushups
v_ApplyEyeMakeup_g09_c01,ApplyEyeMakeup
v_HeadMassage_g22_c02,HeadMassage
v_PlayingPiano_g14_c02,PlayingPiano
v_SoccerPenalty_g23_c04,SoccerPenalty
v_Shotput_g25_c02,Shotput
v_SkyDiving_g14_c03,SkyDiving
v_HighJump_g08_c02,HighJump
v_Swing_g19_c04,Swing
v_Surfing_g16_c01,Surfing
v_BabyCrawling_g24_c05,BabyCrawling
v_BalanceBeam_g11_c01,BalanceBeam
v_PlayingCello_g21_c01,PlayingCello
v_SumoWrestling_g23_c03,SumoWrestling
v_HorseRiding_g14_c01,HorseRiding
v_Kayaking_g11_c06,Kayaking
v_Biking_g23_c04,Biking
v_Knitting_g10_c06,Knitting
v_JumpingJack_g20_c02,JumpingJack
v_FieldHockeyPenalty_g20_c01,FieldHockeyPenalty
v_CricketShot_g24_c06,CricketShot
v_Fencing_g10_c05,Fencing
v_Punch_g20_c03,Punch
v_HorseRiding_g25_c07,HorseRiding
v_Punch_g17_c04,Punch
v_HandStandPushups_g15_c03,HandStandPushups
v_BreastStroke_g12_c04,BreastStroke
v_WritingOnBoard_g19_c02,WritingOnBoard
v_JugglingBalls_g15_c03,JugglingBalls
v_RockClimbingIndoor_g14_c01,RockClimbingIndoor
v_FrisbeeCatch_g18_c04,FrisbeeCatch
v_PlayingDaf_g22_c03,PlayingDaf
v_RockClimbingIndoor_g15_c04,RockClimbingIndoor
v_MoppingFloor_g14_c03,MoppingFloor
v_HeadMassage_g24_c04,HeadMassage
v_PlayingGuitar_g12_c07,PlayingGuitar
v_Basketball_g23_c02,Basketball
v_PullUps_g23_c04,PullUps
v_ApplyEyeMakeup_g11_c04,ApplyEyeMakeup
v_Knitting_g16_c05,Knitting
v_Fencing_g19_c03,Fencing
v_HorseRiding_g17_c05,HorseRiding
v_HeadMassage_g19_c03,HeadMassage
v_FrontCrawl_g17_c07,FrontCrawl
v_PlayingDaf_g19_c03,PlayingDaf
v_CricketShot_g17_c03,CricketShot
v_SalsaSpin_g25_c01,SalsaSpin
v_Hammering_g13_c06,Hammering
v_PoleVault_g14_c07,PoleVault
v_MoppingFloor_g12_c01,MoppingFloor
v_BaseballPitch_g15_c07,BaseballPitch
v_HeadMassage_g15_c06,HeadMassage
v_TennisSwing_g20_c01,TennisSwing
v_HammerThrow_g10_c06,HammerThrow
v_VolleyballSpiking_g13_c07,VolleyballSpiking
v_CricketBowling_g23_c03,CricketBowling
v_WallPushups_g08_c02,WallPushups
v_PushUps_g16_c03,PushUps
v_Billiards_g21_c03,Billiards
v_PlayingSitar_g16_c03,PlayingSitar
v_Haircut_g17_c01,Haircut
v_WritingOnBoard_g11_c03,WritingOnBoard
v_PlayingPiano_g12_c03,PlayingPiano
v_Fencing_g09_c05,Fencing
v_SoccerJuggling_g21_c05,SoccerJuggling
v_BlowDryHair_g09_c01,BlowDryHair
v_YoYo_g17_c05,YoYo
v_Billiards_g09_c01,Billiards
v_PlayingDhol_g09_c06,PlayingDhol
v_Biking_g18_c03,Biking
v_Rowing_g13_c05,Rowing
v_CricketShot_g16_c02,CricketShot
v_BandMarching_g11_c04,BandMarching
v_Hammering_g25_c01,Hammering
v_Billiards_g12_c05,Billiards
v_BasketballDunk_g08_c02,BasketballDunk
v_PlayingCello_g17_c02,PlayingCello
v_IceDancing_g20_c01,IceDancing
v_CricketBowling_g21_c05,CricketBowling
v_PommelHorse_g08_c03,PommelHorse
v_Swing_g24_c02,Swing
v_CuttingInKitchen_g23_c03,CuttingInKitchen
v_Skiing_g09_c03,Skiing
v_Fencing_g12_c02,Fencing
v_BodyWeightSquats_g11_c04,BodyWeightSquats
v_JugglingBalls_g23_c04,JugglingBalls
v_SalsaSpin_g16_c05,SalsaSpin
v_CricketShot_g21_c03,CricketShot
v_SalsaSpin_g21_c04,SalsaSpin
v_FloorGymnastics_g24_c01,FloorGymnastics
v_Kayaking_g17_c06,Kayaking
v_BandMarching_g11_c05,BandMarching
v_BoxingSpeedBag_g13_c01,BoxingSpeedBag
v_BoxingSpeedBag_g12_c03,BoxingSpeedBag
v_PlayingViolin_g09_c03,PlayingViolin
v_MilitaryParade_g18_c05,MilitaryParade
v_BlowingCandles_g25_c06,BlowingCandles
v_HandStandPushups_g13_c02,HandStandPushups
v_WallPushups_g10_c02,WallPushups
v_MilitaryParade_g09_c04,MilitaryParade
v_PullUps_g25_c04,PullUps
v_FloorGymnastics_g23_c04,FloorGymnastics
v_PlayingDaf_g11_c03,PlayingDaf
v_LongJump_g09_c02,LongJump
v_PlayingGuitar_g20_c06,PlayingGuitar
v_BoxingSpeedBag_g16_c05,BoxingSpeedBag
v_CleanAndJerk_g10_c01,CleanAndJerk
v_WalkingWithDog_g08_c05,WalkingWithDog
v_HandstandWalking_g12_c01,HandstandWalking
v_Basketball_g14_c05,Basketball
v_FloorGymnastics_g20_c01,FloorGymnastics
v_CricketBowling_g15_c03,CricketBowling
v_Punch_g21_c06,Punch
v_Archery_g22_c03,Archery
v_WalkingWithDog_g24_c05,WalkingWithDog
v_Rafting_g09_c03,Rafting
v_RockClimbingIndoor_g22_c05,RockClimbingIndoor
v_PlayingGuitar_g18_c07,PlayingGuitar
v_BasketballDunk_g18_c04,BasketballDunk
v_HandStandPushups_g08_c03,HandStandPushups
v_WallPushups_g21_c07,WallPushups
v_Rowing_g23_c03,Rowing
v_HandstandWalking_g16_c04,HandstandWalking
v_PlayingFlute_g14_c05,PlayingFlute
v_BabyCrawling_g18_c02,BabyCrawling
v_JumpingJack_g11_c01,JumpingJack
v_FrontCrawl_g14_c04,FrontCrawl
v_Rowing_g15_c06,Rowing
v_CricketBowling_g22_c03,CricketBowling
v_PlayingSitar_g14_c05,PlayingSitar
v_RockClimbingIndoor_g11_c02,RockClimbingIndoor
v_BenchPress_g16_c05,BenchPress
v_PlayingSitar_g10_c04,PlayingSitar
v_JumpingJack_g25_c02,JumpingJack
v_HulaHoop_g08_c05,HulaHoop
v_PlayingPiano_g10_c02,PlayingPiano
v_Kayaking_g11_c02,Kayaking
v_HeadMassage_g23_c02,HeadMassage
v_BodyWeightSquats_g11_c02,BodyWeightSquats
v_ShavingBeard_g14_c01,ShavingBeard
v_JugglingBalls_g22_c01,JugglingBalls
v_BrushingTeeth_g08_c04,BrushingTeeth
v_CricketShot_g13_c03,CricketShot
v_Archery_g23_c01,Archery
v_CuttingInKitchen_g22_c02,CuttingInKitchen
v_BreastStroke_g18_c02,BreastStroke
v_Archery_g20_c02,Archery
v_Kayaking_g10_c05,Kayaking
v_PommelHorse_g19_c03,PommelHorse
v_BodyWeightSquats_g09_c07,BodyWeightSquats
v_HorseRiding_g18_c04,HorseRiding
v_Skiing_g14_c02,Skiing
v_PlayingDhol_g21_c02,PlayingDhol
v_Shotput_g10_c02,Shotput
v_HorseRiding_g22_c03,HorseRiding
v_PlayingCello_g23_c07,PlayingCello
v_PlayingViolin_g10_c02,PlayingViolin
v_SoccerPenalty_g09_c01,SoccerPenalty
v_ParallelBars_g08_c03,ParallelBars
v_RockClimbingIndoor_g11_c04,RockClimbingIndoor
v_JumpRope_g23_c04,JumpRope
v_GolfSwing_g22_c02,GolfSwing
v_BoxingPunchingBag_g15_c04,BoxingPunchingBag
v_SumoWrestling_g15_c02,SumoWrestling
v_HorseRiding_g12_c06,HorseRiding
v_ApplyEyeMakeup_g22_c03,ApplyEyeMakeup
v_FrisbeeCatch_g19_c06,FrisbeeCatch
v_PommelHorse_g08_c01,PommelHorse
v_MilitaryParade_g24_c03,MilitaryParade
v_HeadMassage_g14_c05,HeadMassage
v_Drumming_g17_c07,Drumming
v_Bowling_g22_c05,Bowling
v_Billiards_g18_c06,Billiards
v_CuttingInKitchen_g15_c04,CuttingInKitchen
v_WalkingWithDog_g20_c01,WalkingWithDog
v_BodyWeightSquats_g09_c03,BodyWeightSquats
v_JumpRope_g14_c02,JumpRope
v_TrampolineJumping_g22_c02,TrampolineJumping
v_Skiing_g16_c05,Skiing
v_PlayingSitar_g10_c06,PlayingSitar
v_JugglingBalls_g21_c03,JugglingBalls
v_MoppingFloor_g16_c01,MoppingFloor
v_SumoWrestling_g22_c01,SumoWrestling
v_PoleVault_g22_c02,PoleVault
v_HammerThrow_g23_c02,HammerThrow
v_VolleyballSpiking_g11_c06,VolleyballSpiking
v_TaiChi_g22_c04,TaiChi
v_Typing_g08_c06,Typing
v_LongJump_g22_c01,LongJump
v_PlayingTabla_g23_c01,PlayingTabla
v_Haircut_g09_c06,Haircut
v_IceDancing_g14_c05,IceDancing
v_StillRings_g11_c02,StillRings
v_PlayingDaf_g17_c03,PlayingDaf
v_SkyDiving_g15_c02,SkyDiving
v_Bowling_g17_c04,Bowling
v_WallPushups_g14_c05,WallPushups
v_Diving_g23_c05,Diving
v_CleanAndJerk_g12_c06,CleanAndJerk
v_BenchPress_g22_c07,BenchPress
v_Drumming_g16_c02,Drumming
v_ShavingBeard_g16_c04,ShavingBeard
v_RopeClimbing_g19_c05,RopeClimbing
v_SumoWrestling_g17_c01,SumoWrestling
v_LongJump_g12_c01,LongJump
v_Shotput_g20_c03,Shotput
v_Shotput_g11_c03,Shotput
v_PlayingDhol_g15_c02,PlayingDhol
v_Punch_g20_c01,Punch
v_StillRings_g22_c01,StillRings
v_MilitaryParade_g20_c02,MilitaryParade
v_PlayingViolin_g24_c02,PlayingViolin
v_FrisbeeCatch_g08_c02,FrisbeeCatch
v_FloorGymnastics_g18_c07,FloorGymnastics
v_BenchPress_g18_c01,BenchPress
v_PommelHorse_g13_c04,PommelHorse
v_Haircut_g16_c04,Haircut
v_MilitaryParade_g10_c05,MilitaryParade
v_Haircut_g09_c07,Haircut
v_PoleVault_g14_c06,PoleVault
v_Drumming_g16_c04,Drumming
v_MoppingFloor_g22_c02,MoppingFloor
v_SoccerJuggling_g09_c06,SoccerJuggling
v_HorseRiding_g19_c04,HorseRiding
v_PizzaTossing_g24_c02,PizzaTossing
v_CricketBowling_g14_c05,CricketBowling
v_BenchPress_g17_c06,BenchPress
v_HeadMassage_g23_c04,HeadMassage
v_BoxingPunchingBag_g18_c02,BoxingPunchingBag
v_Fencing_g16_c04,Fencing
v_ShavingBeard_g15_c07,ShavingBeard
v_Bowling_g22_c04,Bowling
v_PoleVault_g21_c03,PoleVault
v_BasketballDunk_g17_c06,BasketballDunk
v_Knitting_g10_c01,Knitting
v_BandMarching_g15_c07,BandMarching
v_Punch_g16_c01,Punch
v_SoccerPenalty_g11_c03,SoccerPenalty
v_CricketShot_g17_c04,CricketShot
v_BoxingSpeedBag_g11_c02,BoxingSpeedBag
v_BoxingSpeedBag_g25_c02,BoxingSpeedBag
v_PlayingDhol_g13_c06,PlayingDhol
v_ApplyEyeMakeup_g14_c03,ApplyEyeMakeup
v_UnevenBars_g22_c01,UnevenBars
v_HandStandPushups_g15_c02,HandStandPushups
v_TableTennisShot_g15_c02,TableTennisShot
v_HeadMassage_g12_c04,HeadMassage
v_BoxingPunchingBag_g18_c04,BoxingPunchingBag
v_MilitaryParade_g15_c04,MilitaryParade
v_PlayingGuitar_g20_c04,PlayingGuitar
v_Archery_g17_c04,Archery
v_Haircut_g21_c02,Haircut
v_HandStandPushups_g18_c06,HandStandPushups
v_ParallelBars_g16_c01,ParallelBars
v_MoppingFloor_g25_c01,MoppingFloor
v_RopeClimbing_g18_c03,RopeClimbing
v_Bowling_g19_c04,Bowling
v_Mixing_g22_c01,Mixing
v_Hammering_g16_c03,Hammering
v_TrampolineJumping_g14_c02,TrampolineJumping
v_HighJump_g12_c02,HighJump
v_WalkingWithDog_g24_c04,WalkingWithDog
v_JumpRope_g21_c03,JumpRope
v_FieldHockeyPenalty_g09_c01,FieldHockeyPenalty
v_BlowingCandles_g14_c02,BlowingCandles
v_JumpRope_g09_c06,JumpRope
v_BodyWeightSquats_g23_c04,BodyWeightSquats
v_IceDancing_g21_c07,IceDancing
v_CleanAndJerk_g22_c03,CleanAndJerk
v_PushUps_g21_c01,PushUps
v_BlowingCandles_g23_c01,BlowingCandles
v_PlayingCello_g14_c03,PlayingCello
v_PlayingTabla_g20_c04,PlayingTabla
v_Nunchucks_g18_c02,Nunchucks
v_PlayingTabla_g09_c03,PlayingTabla
v_Archery_g08_c03,Archery
v_BenchPress_g19_c01,BenchPress
v_PlayingDhol_g21_c07,PlayingDhol
v_BabyCrawling_g22_c06,BabyCrawling
v_Diving_g15_c07,Diving
v_TaiChi_g25_c04,TaiChi
v_SoccerJuggling_g11_c01,SoccerJuggling
v_HeadMassage_g16_c03,HeadMassage
v_PlayingDaf_g21_c05,PlayingDaf
v_PlayingFlute_g18_c04,PlayingFlute
v_Skiing_g18_c02,Skiing
v_BasketballDunk_g12_c01,BasketballDunk
v_HorseRace_g18_c05,HorseRace
v_PlayingTabla_g09_c05,PlayingTabla
v_Shotput_g12_c02,Shotput
v_PushUps_g09_c01,PushUps
v_BoxingSpeedBag_g12_c05,BoxingSpeedBag
v_HeadMassage_g20_c04,HeadMassage
v_FloorGymnastics_g11_c02,FloorGymnastics
v_Drumming_g14_c05,Drumming
v_FloorGymnastics_g19_c03,FloorGymnastics
v_WritingOnBoard_g09_c04,WritingOnBoard
v_PlayingGuitar_g12_c01,PlayingGuitar
v_BenchPress_g20_c03,BenchPress
v_Basketball_g12_c05,Basketball
v_HammerThrow_g12_c07,HammerThrow
v_Diving_g09_c06,Diving
v_BasketballDunk_g22_c02,BasketballDunk
v_TrampolineJumping_g17_c03,TrampolineJumping
v_Archery_g10_c07,Archery
v_FloorGymnastics_g14_c03,FloorGymnastics
v_SumoWrestling_g17_c03,SumoWrestling
v_HulaHoop_g16_c06,HulaHoop
v_SalsaSpin_g10_c03,SalsaSpin
v_LongJump_g10_c01,LongJump
v_PlayingCello_g17_c04,PlayingCello
v_SoccerPenalty_g24_c02,SoccerPenalty
v_Haircut_g14_c01,Haircut
v_FrontCrawl_g24_c04,FrontCrawl
v_HandstandWalking_g24_c05,HandstandWalking
v_PushUps_g13_c04,PushUps
v_Surfing_g25_c02,Surfing
v_PlayingDaf_g09_c03,PlayingDaf
v_Knitting_g14_c05,Knitting
v_Rowing_g19_c06,Rowing
v_Rowing_g25_c06,Rowing
v_Rafting_g10_c01,Rafting
v_WallPushups_g10_c03,WallPushups
v_SoccerJuggling_g18_c06,SoccerJuggling
v_CricketBowling_g09_c04,CricketBowling
v_Punch_g13_c02,Punch
v_ApplyEyeMakeup_g23_c06,ApplyEyeMakeup
v_BasketballDunk_g24_c04,BasketballDunk
v_HandStandPushups_g16_c04,HandStandPushups
v_FieldHockeyPenalty_g10_c01,FieldHockeyPenalty
v_PlayingSitar_g10_c02,PlayingSitar
v_Hammering_g09_c02,Hammering
v_Nunchucks_g16_c03,Nunchucks
v_TableTennisShot_g21_c04,TableTennisShot
v_Nunchucks_g13_c06,Nunchucks
v_JumpRope_g25_c05,JumpRope
v_PushUps_g20_c04,PushUps
v_MilitaryParade_g13_c02,MilitaryParade
v_Nunchucks_g17_c01,Nunchucks
v_BodyWeightSquats_g08_c03,BodyWeightSquats
v_FrisbeeCatch_g13_c02,FrisbeeCatch
v_PizzaTossing_g13_c01,PizzaTossing
v_ParallelBars_g16_c04,ParallelBars
v_ShavingBeard_g22_c07,ShavingBeard
v_PoleVault_g25_c01,PoleVault
v_BenchPress_g11_c05,BenchPress
v_Basketball_g11_c03,Basketball
v_MoppingFloor_g20_c02,MoppingFloor
v_PoleVault_g09_c01,PoleVault
v_JugglingBalls_g20_c03,JugglingBalls
v_PlayingDhol_g09_c07,PlayingDhol
v_RockClimbingIndoor_g22_c04,RockClimbingIndoor
v_BabyCrawling_g10_c05,BabyCrawling
v_JumpingJack_g13_c06,JumpingJack
v_HammerThrow_g16_c01,HammerThrow
v_PlayingDaf_g15_c02,PlayingDaf
v_IceDancing_g08_c07,IceDancing
v_TennisSwing_g13_c04,TennisSwing
v_Skijet_g17_c03,Skijet
v_Knitting_g17_c02,Knitting
v_HorseRace_g23_c04,HorseRace
v_Rafting_g12_c04,Rafting
v_HeadMassage_g11_c07,HeadMassage
v_BaseballPitch_g13_c05,BaseballPitch
v_GolfSwing_g11_c04,GolfSwing
v_HammerThrow_g23_c03,HammerThrow
v_PlayingFlute_g09_c04,PlayingFlute
v_BlowDryHair_g21_c04,BlowDryHair
v_ParallelBars_g18_c04,ParallelBars
v_CliffDiving_g18_c04,CliffDiving
v_WritingOnBoard_g12_c01,WritingOnBoard
v_TaiChi_g15_c01,TaiChi
v_TaiChi_g24_c01,TaiChi
v_WritingOnBoard_g19_c03,WritingOnBoard
v_TableTennisShot_g16_c06,TableTennisShot
v_PlayingCello_g09_c04,PlayingCello
v_Hammering_g22_c01,Hammering
v_BandMarching_g25_c01,BandMarching
v_RockClimbingIndoor_g22_c03,RockClimbingIndoor
v_SkyDiving_g21_c01,SkyDiving
v_HandstandWalking_g10_c04,HandstandWalking
v_BoxingSpeedBag_g16_c03,BoxingSpeedBag
v_Surfing_g09_c01,Surfing
v_HighJump_g11_c05,HighJump
v_TennisSwing_g22_c05,TennisSwing
v_Archery_g14_c01,Archery
v_YoYo_g25_c03,YoYo
v_PlayingTabla_g13_c03,PlayingTabla
v_PlayingCello_g20_c01,PlayingCello
v_Bowling_g12_c04,Bowling
v_Shotput_g12_c06,Shotput
v_LongJump_g15_c01,LongJump
v_BoxingPunchingBag_g21_c04,BoxingPunchingBag
v_PommelHorse_g12_c03,PommelHorse
v_SumoWrestling_g12_c04,SumoWrestling
v_FrontCrawl_g11_c04,FrontCrawl
v_Haircut_g17_c02,Haircut
v_PommelHorse_g15_c02,PommelHorse
v_GolfSwing_g09_c04,GolfSwing
v_Fencing_g16_c03,Fencing
v_CleanAndJerk_g19_c04,CleanAndJerk
v_Kayaking_g25_c02,Kayaking
v_UnevenBars_g09_c02,UnevenBars
v_MoppingFloor_g10_c03,MoppingFloor
v_PlayingDaf_g19_c05,PlayingDaf
v_PlayingGuitar_g17_c05,PlayingGuitar
v_CuttingInKitchen_g21_c01,CuttingInKitchen
v_TableTennisShot_g19_c05,TableTennisShot
v_PommelHorse_g12_c07,PommelHorse
v_Bowling_g09_c07,Bowling
v_ThrowDiscus_g17_c03,ThrowDiscus
v_SoccerPenalty_g15_c07,SoccerPenalty
v_BoxingPunchingBag_g22_c06,BoxingPunchingBag
v_PlayingDaf_g19_c07,PlayingDaf
v_Swing_g19_c01,Swing
v_PushUps_g15_c02,PushUps
v_PushUps_g13_c02,PushUps
v_Billiards_g13_c03,Billiards
v_LongJump_g18_c04,LongJump
v_Nunchucks_g23_c03,Nunchucks
v_PullUps_g10_c01,PullUps
v_FieldHockeyPenalty_g14_c06,FieldHockeyPenalty
v_HandstandWalking_g14_c03,HandstandWalking
v_Fencing_g24_c01,Fencing
v_ThrowDiscus_g10_c02,ThrowDiscus
v_MilitaryParade_g25_c05,MilitaryParade
v_FieldHockeyPenalty_g10_c06,FieldHockeyPenalty
v_ThrowDiscus_g13_c03,ThrowDiscus
v_RockClimbingIndoor_g24_c06,RockClimbingIndoor
v_Diving_g22_c05,Diving
v_Rafting_g17_c05,Rafting
v_PullUps_g09_c02,PullUps
v_ThrowDiscus_g08_c03,ThrowDiscus
v_BoxingPunchingBag_g15_c07,BoxingPunchingBag
v_MilitaryParade_g19_c03,MilitaryParade
v_LongJump_g17_c04,LongJump
v_WritingOnBoard_g11_c06,WritingOnBoard
v_Shotput_g21_c01,Shotput
v_Rowing_g22_c02,Rowing
v_CliffDiving_g09_c05,CliffDiving
v_CliffDiving_g17_c01,CliffDiving
v_FrisbeeCatch_g22_c06,FrisbeeCatch
v_PommelHorse_g12_c06,PommelHorse
v_PlayingViolin_g25_c01,PlayingViolin
v_Rowing_g20_c04,Rowing
v_SalsaSpin_g20_c05,SalsaSpin
v_HammerThrow_g20_c03,HammerThrow
v_CricketShot_g14_c05,CricketShot
v_HandStandPushups_g22_c02,HandStandPushups
v_BodyWeightSquats_g09_c06,BodyWeightSquats
v_BandMarching_g16_c06,BandMarching
v_Punch_g11_c02,Punch
v_HorseRiding_g24_c01,HorseRiding
v_CricketBowling_g22_c07,CricketBowling
v_Diving_g17_c02,Diving
v_CricketBowling_g23_c04,CricketBowling
v_SkateBoarding_g18_c02,SkateBoarding
v_BodyWeightSquats_g14_c01,BodyWeightSquats
v_Swing_g08_c02,Swing
v_SoccerPenalty_g23_c05,SoccerPenalty
v_VolleyballSpiking_g08_c02,VolleyballSpiking
v_JavelinThrow_g10_c05,JavelinThrow
v_Kayaking_g20_c03,Kayaking
v_YoYo_g17_c02,YoYo
v_TableTennisShot_g13_c02,TableTennisShot
v_PlayingFlute_g22_c05,PlayingFlute
v_Surfing_g08_c05,Surfing
v_SkyDiving_g08_c04,SkyDiving
v_SumoWrestling_g19_c02,SumoWrestling
v_HammerThrow_g10_c02,HammerThrow
v_CuttingInKitchen_g21_c04,CuttingInKitchen
v_ApplyLipstick_g08_c01,ApplyLipstick
v_TrampolineJumping_g11_c06,TrampolineJumping
v_Fencing_g13_c03,Fencing
v_PoleVault_g10_c04,PoleVault
v_LongJump_g25_c03,LongJump
v_LongJump_g23_c02,LongJump
v_Basketball_g23_c01,Basketball
v_SumoWrestling_g10_c01,SumoWrestling
v_FrisbeeCatch_g11_c02,FrisbeeCatch
v_Basketball_g18_c05,Basketball
v_SumoWrestling_g16_c04,SumoWrestling
v_BasketballDunk_g20_c02,BasketballDunk
v_Hammering_g20_c03,Hammering
v_IceDancing_g17_c02,IceDancing
v_JumpRope_g14_c01,JumpRope
v_WritingOnBoard_g09_c01,WritingOnBoard
v_HeadMassage_g11_c05,HeadMassage
v_ShavingBeard_g16_c05,ShavingBeard
v_YoYo_g23_c03,YoYo
v_TennisSwing_g10_c07,TennisSwing
v_Billiards_g08_c05,Billiards
v_BasketballDunk_g18_c03,BasketballDunk
v_CricketBowling_g25_c03,CricketBowling
v_PlayingSitar_g21_c05,PlayingSitar
v_FrisbeeCatch_g21_c01,FrisbeeCatch
v_HandstandWalking_g23_c01,HandstandWalking
v_Drumming_g10_c03,Drumming
v_Surfing_g08_c04,Surfing
v_Basketball_g21_c01,Basketball
v_BasketballDunk_g25_c04,BasketballDunk
v_SkyDiving_g18_c04,SkyDiving
v_TennisSwing_g17_c05,TennisSwing
v_Haircut_g11_c01,Haircut
v_PommelHorse_g10_c02,PommelHorse
v_SumoWrestling_g09_c03,SumoWrestling
v_MoppingFloor_g12_c03,MoppingFloor
v_PoleVault_g09_c03,PoleVault
v_PlayingDhol_g23_c01,PlayingDhol
v_GolfSwing_g17_c01,GolfSwing
v_Shotput_g18_c03,Shotput
v_CricketBowling_g22_c04,CricketBowling
v_Typing_g09_c04,Typing
v_ShavingBeard_g13_c06,ShavingBeard
v_PlayingDhol_g24_c05,PlayingDhol
v_CliffDiving_g09_c03,CliffDiving
v_SumoWrestling_g18_c06,SumoWrestling
v_VolleyballSpiking_g13_c03,VolleyballSpiking
v_TennisSwing_g10_c03,TennisSwing
v_Basketball_g12_c04,Basketball
v_GolfSwing_g17_c02,GolfSwing
v_ParallelBars_g23_c01,ParallelBars
v_Knitting_g24_c02,Knitting
v_TennisSwing_g13_c06,TennisSwing
v_Bowling_g20_c07,Bowling
v_HandStandPushups_g18_c03,HandStandPushups
v_GolfSwing_g08_c05,GolfSwing
v_TrampolineJumping_g10_c04,TrampolineJumping
v_FrisbeeCatch_g14_c04,FrisbeeCatch
v_SumoWrestling_g19_c03,SumoWrestling
v_HorseRiding_g20_c07,HorseRiding
v_WalkingWithDog_g21_c03,WalkingWithDog
v_PoleVault_g08_c04,PoleVault
v_CricketShot_g11_c05,CricketShot
v_MoppingFloor_g13_c01,MoppingFloor
v_Archery_g18_c03,Archery
v_Fencing_g17_c03,Fencing
v_PlayingTabla_g24_c03,PlayingTabla
v_Skijet_g09_c01,Skijet
v_LongJump_g20_c03,LongJump
v_MilitaryParade_g15_c02,MilitaryParade
v_SkateBoarding_g23_c03,SkateBoarding
v_Shotput_g17_c02,Shotput
v_FieldHockeyPenalty_g25_c04,FieldHockeyPenalty
v_BaseballPitch_g16_c04,BaseballPitch
v_BrushingTeeth_g20_c05,BrushingTeeth
v_HandstandWalking_g08_c01,HandstandWalking
v_BasketballDunk_g12_c02,BasketballDunk
v_BalanceBeam_g21_c01,BalanceBeam
v_FloorGymnastics_g15_c06,FloorGymnastics
v_PlayingPiano_g16_c02,PlayingPiano
v_ThrowDiscus_g09_c02,ThrowDiscus
v_BaseballPitch_g19_c04,BaseballPitch
v_PlayingFlute_g21_c06,PlayingFlute
v_PlayingDaf_g11_c04,PlayingDaf
v_Surfing_g12_c05,Surfing
v_PullUps_g22_c04,PullUps
v_PlayingGuitar_g23_c05,PlayingGuitar
v_PlayingSitar_g14_c04,PlayingSitar
v_GolfSwing_g22_c01,GolfSwing
v_FieldHockeyPenalty_g10_c02,FieldHockeyPenalty
v_JumpingJack_g09_c02,JumpingJack
v_TaiChi_g25_c02,TaiChi
v_Haircut_g10_c04,Haircut
v_Kayaking_g12_c04,Kayaking
v_CleanAndJerk_g15_c04,CleanAndJerk
v_Rafting_g25_c01,Rafting
v_ThrowDiscus_g17_c04,ThrowDiscus
v_SalsaSpin_g22_c05,SalsaSpin
v_BaseballPitch_g17_c06,BaseballPitch
v_WritingOnBoard_g15_c02,WritingOnBoard
v_PlayingDhol_g24_c02,PlayingDhol
v_PlayingSitar_g09_c06,PlayingSitar
v_SumoWrestling_g16_c03,SumoWrestling
v_WritingOnBoard_g21_c03,WritingOnBoard
v_Surfing_g24_c03,Surfing
v_SumoWrestling_g24_c02,SumoWrestling
v_Drumming_g17_c06,Drumming
v_Bowling_g11_c07,Bowling
v_Archery_g23_c03,Archery
v_ParallelBars_g17_c04,ParallelBars
v_WalkingWithDog_g19_c03,WalkingWithDog
v_Skijet_g19_c04,Skijet
v_WallPushups_g21_c01,WallPushups
v_PlayingCello_g23_c04,PlayingCello
v_TableTennisShot_g16_c02,TableTennisShot
v_BabyCrawling_g25_c04,BabyCrawling
v_CricketShot_g08_c07,CricketShot
v_HorseRace_g17_c05,HorseRace
v_Kayaking_g13_c01,Kayaking
v_PlayingDaf_g15_c07,PlayingDaf
v_BoxingSpeedBag_g19_c01,BoxingSpeedBag
v_Surfing_g22_c02,Surfing
v_BabyCrawling_g19_c04,BabyCrawling
v_RockClimbingIndoor_g13_c03,RockClimbingIndoor
v_RockClimbingIndoor_g25_c05,RockClimbingIndoor
v_Kayaking_g11_c04,Kayaking
v_SalsaSpin_g19_c04,SalsaSpin
v_WritingOnBoard_g18_c01,WritingOnBoard
v_Nunchucks_g13_c05,Nunchucks
v_HandStandPushups_g21_c02,HandStandPushups
v_SkyDiving_g23_c03,SkyDiving
v_BaseballPitch_g25_c05,BaseballPitch
v_WritingOnBoard_g16_c03,WritingOnBoard
v_WritingOnBoard_g24_c02,WritingOnBoard
v_ApplyEyeMakeup_g22_c02,ApplyEyeMakeup
v_MoppingFloor_g18_c01,MoppingFloor
v_BalanceBeam_g25_c03,BalanceBeam
v_WritingOnBoard_g09_c02,WritingOnBoard
v_JumpRope_g11_c01,JumpRope
v_Punch_g20_c02,Punch
v_GolfSwing_g15_c03,GolfSwing
v_Hammering_g17_c01,Hammering
v_Shotput_g20_c01,Shotput
v_WallPushups_g16_c02,WallPushups
v_PlayingSitar_g19_c05,PlayingSitar
v_Nunchucks_g21_c03,Nunchucks
v_Typing_g16_c04,Typing
v_BaseballPitch_g23_c02,BaseballPitch
v_PlayingCello_g23_c01,PlayingCello
v_SkateBoarding_g21_c02,SkateBoarding
v_BrushingTeeth_g10_c03,BrushingTeeth
v_PlayingDaf_g22_c02,PlayingDaf
v_CleanAndJerk_g21_c01,CleanAndJerk
v_Kayaking_g10_c02,Kayaking
v_HeadMassage_g25_c05,HeadMassage
v_Shotput_g11_c04,Shotput
v_FrontCrawl_g23_c03,FrontCrawl
v_Punch_g21_c07,Punch
v_Haircut_g23_c02,Haircut
v_PullUps_g23_c03,PullUps
v_CricketBowling_g21_c04,CricketBowling
v_FrisbeeCatch_g12_c02,FrisbeeCatch
v_Swing_g15_c06,Swing
v_SoccerPenalty_g23_c03,SoccerPenalty
v_MilitaryParade_g25_c02,MilitaryParade
v_SoccerPenalty_g20_c01,SoccerPenalty
v_Punch_g24_c06,Punch
v_BlowDryHair_g12_c04,BlowDryHair
v_RopeClimbing_g15_c04,RopeClimbing
v_BasketballDunk_g10_c01,BasketballDunk
v_BenchPress_g08_c04,BenchPress
v_Bowling_g11_c06,Bowling
v_PommelHorse_g24_c01,PommelHorse
v_WallPushups_g25_c05,WallPushups
v_PlayingCello_g10_c05,PlayingCello
v_PlayingDaf_g22_c07,PlayingDaf
v_WalkingWithDog_g17_c05,WalkingWithDog
v_ApplyLipstick_g17_c01,ApplyLipstick
v_CuttingInKitchen_g11_c02,CuttingInKitchen
v_JugglingBalls_g18_c01,JugglingBalls
v_CricketShot_g13_c02,CricketShot
v_PlayingFlute_g19_c01,PlayingFlute
v_JavelinThrow_g24_c06,JavelinThrow
v_ApplyLipstick_g16_c03,ApplyLipstick
v_ApplyEyeMakeup_g25_c04,ApplyEyeMakeup
v_Hammering_g24_c06,Hammering
v_SkateBoarding_g15_c05,SkateBoarding
v_JugglingBalls_g11_c03,JugglingBalls
v_ApplyEyeMakeup_g17_c04,ApplyEyeMakeup
v_PushUps_g24_c02,PushUps
v_HorseRiding_g17_c03,HorseRiding
v_Swing_g08_c04,Swing
v_HorseRiding_g11_c02,HorseRiding
v_Skijet_g13_c04,Skijet
v_PizzaTossing_g17_c02,PizzaTossing
v_SkateBoarding_g19_c05,SkateBoarding
v_TableTennisShot_g24_c05,TableTennisShot
v_BandMarching_g13_c01,BandMarching
v_ShavingBeard_g11_c01,ShavingBeard
v_HeadMassage_g21_c04,HeadMassage
v_HulaHoop_g25_c04,HulaHoop
v_BreastStroke_g14_c03,BreastStroke
v_ApplyEyeMakeup_g21_c04,ApplyEyeMakeup
v_BlowDryHair_g16_c02,BlowDryHair
v_WritingOnBoard_g24_c03,WritingOnBoard
v_BandMarching_g23_c03,BandMarching
v_BrushingTeeth_g19_c04,BrushingTeeth
v_Mixing_g24_c01,Mixing
v_Rowing_g08_c01,Rowing
v_HammerThrow_g08_c04,HammerThrow
v_ApplyEyeMakeup_g17_c02,ApplyEyeMakeup
v_ShavingBeard_g13_c02,ShavingBeard
v_BalanceBeam_g11_c02,BalanceBeam
v_SkyDiving_g19_c01,SkyDiving
v_BaseballPitch_g14_c01,BaseballPitch
v_Archery_g24_c04,Archery
v_JavelinThrow_g15_c04,JavelinThrow
v_BandMarching_g10_c07,BandMarching
v_Nunchucks_g09_c01,Nunchucks
v_SkateBoarding_g22_c01,SkateBoarding
v_Bowling_g18_c05,Bowling
v_TaiChi_g18_c02,TaiChi
v_Surfing_g20_c04,Surfing
v_PlayingFlute_g16_c03,PlayingFlute
v_VolleyballSpiking_g14_c02,VolleyballSpiking
v_BodyWeightSquats_g13_c03,BodyWeightSquats
v_TrampolineJumping_g24_c02,TrampolineJumping
v_TaiChi_g25_c01,TaiChi
v_PlayingGuitar_g15_c01,PlayingGuitar
v_BodyWeightSquats_g11_c03,BodyWeightSquats
v_HighJump_g10_c03,HighJump
v_HorseRiding_g20_c06,HorseRiding
v_PlayingGuitar_g23_c04,PlayingGuitar
v_Nunchucks_g08_c07,Nunchucks
v_WritingOnBoard_g18_c04,WritingOnBoard
v_WalkingWithDog_g23_c02,WalkingWithDog
v_PlayingSitar_g24_c02,PlayingSitar
v_CliffDiving_g25_c02,CliffDiving
v_Shotput_g17_c01,Shotput
v_PlayingCello_g24_c01,PlayingCello
v_ParallelBars_g11_c01,ParallelBars
v_JumpRope_g08_c02,JumpRope
v_HulaHoop_g15_c02,HulaHoop
v_CliffDiving_g08_c02,CliffDiving
v_Kayaking_g17_c03,Kayaking
v_WallPushups_g15_c03,WallPushups
v_BrushingTeeth_g17_c05,BrushingTeeth
v_Fencing_g24_c04,Fencing
v_BoxingPunchingBag_g16_c06,BoxingPunchingBag
v_BlowDryHair_g18_c04,BlowDryHair
v_Diving_g09_c04,Diving
v_HammerThrow_g14_c06,HammerThrow
v_PlayingFlute_g16_c01,PlayingFlute
v_Knitting_g12_c03,Knitting
v_Knitting_g20_c03,Knitting
v_ShavingBeard_g14_c02,ShavingBeard
v_RockClimbingIndoor_g24_c05,RockClimbingIndoor
v_UnevenBars_g15_c01,UnevenBars
v_BlowDryHair_g08_c05,BlowDryHair
v_PlayingGuitar_g25_c07,PlayingGuitar
v_BreastStroke_g19_c03,BreastStroke
v_JumpRope_g24_c07,JumpRope
v_BabyCrawling_g24_c03,BabyCrawling
v_HammerThrow_g10_c03,HammerThrow
v_Drumming_g15_c07,Drumming
v_FrontCrawl_g20_c02,FrontCrawl
v_BoxingPunchingBag_g25_c04,BoxingPunchingBag
v_Drumming_g25_c01,Drumming
v_Punch_g19_c01,Punch
v_TableTennisShot_g15_c04,TableTennisShot
v_PlayingFlute_g19_c03,PlayingFlute
v_PommelHorse_g19_c01,PommelHorse
v_BasketballDunk_g13_c04,BasketballDunk
v_Swing_g25_c02,Swing
v_WallPushups_g21_c06,WallPushups
v_IceDancing_g17_c05,IceDancing
v_FrisbeeCatch_g20_c05,FrisbeeCatch
v_WalkingWithDog_g12_c04,WalkingWithDog
v_Drumming_g10_c04,Drumming
v_FrisbeeCatch_g20_c02,FrisbeeCatch
v_Surfing_g16_c06,Surfing
v_WalkingWithDog_g08_c03,WalkingWithDog
v_HighJump_g20_c01,HighJump
v_GolfSwing_g17_c07,GolfSwing
v_CricketShot_g24_c01,CricketShot
v_PlayingViolin_g10_c03,PlayingViolin
v_TennisSwing_g23_c02,TennisSwing
v_JumpRope_g09_c07,JumpRope
v_Rowing_g11_c01,Rowing
v_Typing_g10_c03,Typing
v_BoxingSpeedBag_g09_c03,BoxingSpeedBag
v_RockClimbingIndoor_g13_c02,RockClimbingIndoor
v_TableTennisShot_g16_c07,TableTennisShot
v_PlayingDaf_g20_c03,PlayingDaf
v_CleanAndJerk_g20_c02,CleanAndJerk
v_WritingOnBoard_g17_c01,WritingOnBoard
v_RopeClimbing_g19_c02,RopeClimbing
v_WritingOnBoard_g13_c01,WritingOnBoard
v_RockClimbingIndoor_g20_c01,RockClimbingIndoor
v_PlayingPiano_g08_c02,PlayingPiano
v_BoxingPunchingBag_g08_c03,BoxingPunchingBag
v_BoxingSpeedBag_g19_c05,BoxingSpeedBag
v_YoYo_g22_c06,YoYo
v_Diving_g20_c07,Diving
v_FieldHockeyPenalty_g12_c01,FieldHockeyPenalty
v_BoxingSpeedBag_g15_c04,BoxingSpeedBag
v_HorseRace_g24_c01,HorseRace
v_BreastStroke_g11_c01,BreastStroke
v_StillRings_g08_c01,StillRings
v_PizzaTossing_g25_c02,PizzaTossing
v_PlayingFlute_g22_c01,PlayingFlute
v_LongJump_g08_c05,LongJump
v_PlayingSitar_g22_c01,PlayingSitar
v_Rowing_g14_c07,Rowing
v_Bowling_g23_c07,Bowling
v_BaseballPitch_g11_c05,BaseballPitch
v_BabyCrawling_g15_c02,BabyCrawling
v_Lunges_g14_c07,Lunges
v_Lunges_g18_c04,Lunges
v_PlayingCello_g10_c02,PlayingCello
v_GolfSwing_g11_c05,GolfSwing
v_CricketBowling_g23_c01,CricketBowling
v_Swing_g23_c02,Swing
v_BoxingPunchingBag_g08_c07,BoxingPunchingBag
v_PlayingFlute_g22_c03,PlayingFlute
v_JugglingBalls_g17_c04,JugglingBalls
v_UnevenBars_g23_c03,UnevenBars
v_FrontCrawl_g20_c05,FrontCrawl
v_SumoWrestling_g08_c06,SumoWrestling
v_Rowing_g14_c01,Rowing
v_Nunchucks_g16_c02,Nunchucks
v_TennisSwing_g19_c04,TennisSwing
v_BoxingPunchingBag_g25_c05,BoxingPunchingBag
v_WalkingWithDog_g12_c03,WalkingWithDog
v_TennisSwing_g18_c01,TennisSwing
v_Haircut_g09_c05,Haircut
v_Billiards_g10_c05,Billiards
v_JavelinThrow_g25_c05,JavelinThrow
v_JumpRope_g17_c05,JumpRope
v_SalsaSpin_g19_c01,SalsaSpin
v_HammerThrow_g08_c06,HammerThrow
v_JumpRope_g24_c06,JumpRope
v_Rafting_g24_c04,Rafting
v_HighJump_g14_c01,HighJump
v_PommelHorse_g23_c01,PommelHorse
v_Billiards_g24_c05,Billiards
v_StillRings_g21_c05,StillRings
v_Diving_g16_c04,Diving
v_BrushingTeeth_g09_c03,BrushingTeeth
v_CleanAndJerk_g17_c01,CleanAndJerk
v_HorseRace_g14_c02,HorseRace
v_JugglingBalls_g22_c03,JugglingBalls
v_TennisSwing_g12_c01,TennisSwing
v_Bowling_g18_c04,Bowling
v_GolfSwing_g10_c03,GolfSwing
v_Diving_g15_c04,Diving
v_BlowDryHair_g13_c01,BlowDryHair
v_Hammering_g21_c01,Hammering
v_HammerThrow_g13_c03,HammerThrow
v_PlayingDaf_g21_c02,PlayingDaf
v_Drumming_g23_c03,Drumming
v_JavelinThrow_g16_c02,JavelinThrow
v_PoleVault_g12_c03,PoleVault
v_TennisSwing_g14_c05,TennisSwing
v_PizzaTossing_g25_c01,PizzaTossing
v_Nunchucks_g11_c03,Nunchucks
v_FloorGymnastics_g13_c03,FloorGymnastics
v_BalanceBeam_g08_c01,BalanceBeam
v_HulaHoop_g09_c03,HulaHoop
v_JumpRope_g15_c06,JumpRope
v_HandStandPushups_g12_c01,HandStandPushups
v_PlayingCello_g16_c05,PlayingCello
v_Mixing_g15_c02,Mixing
v_RopeClimbing_g19_c07,RopeClimbing
v_SkyDiving_g11_c03,SkyDiving
v_LongJump_g14_c01,LongJump
v_JumpRope_g16_c07,JumpRope
v_BandMarching_g13_c05,BandMarching
v_CricketShot_g13_c06,CricketShot
v_Diving_g16_c02,Diving
v_HammerThrow_g09_c07,HammerThrow
v_BreastStroke_g19_c01,BreastStroke
v_JavelinThrow_g11_c02,JavelinThrow
v_SoccerJuggling_g15_c03,SoccerJuggling
v_Billiards_g22_c05,Billiards
v_Diving_g18_c04,Diving
v_ThrowDiscus_g20_c03,ThrowDiscus
v_Drumming_g25_c04,Drumming
v_Rowing_g15_c03,Rowing
v_ShavingBeard_g17_c06,ShavingBeard
v_PlayingTabla_g22_c03,PlayingTabla
v_LongJump_g25_c02,LongJump
v_Knitting_g10_c02,Knitting
v_Drumming_g23_c04,Drumming
v_TennisSwing_g18_c04,TennisSwing
v_TennisSwing_g25_c03,TennisSwing
v_SalsaSpin_g20_c03,SalsaSpin
v_BrushingTeeth_g23_c06,BrushingTeeth
v_TennisSwing_g14_c07,TennisSwing
v_HulaHoop_g22_c04,HulaHoop
v_Billiards_g18_c04,Billiards
v_BandMarching_g08_c02,BandMarching
v_PlayingViolin_g11_c03,PlayingViolin
v_PlayingSitar_g12_c02,PlayingSitar
v_BreastStroke_g11_c03,BreastStroke
v_SoccerPenalty_g17_c03,SoccerPenalty
v_BrushingTeeth_g24_c01,BrushingTeeth
v_Typing_g22_c03,Typing
v_WritingOnBoard_g13_c04,WritingOnBoard
v_BabyCrawling_g22_c02,BabyCrawling
v_PlayingGuitar_g25_c01,PlayingGuitar
v_CleanAndJerk_g24_c01,CleanAndJerk
v_ShavingBeard_g18_c07,ShavingBeard
v_Surfing_g24_c04,Surfing
v_PlayingCello_g08_c02,PlayingCello
v_StillRings_g17_c04,StillRings
v_YoYo_g25_c01,YoYo
v_Archery_g24_c02,Archery
v_LongJump_g17_c05,LongJump
v_BasketballDunk_g16_c05,BasketballDunk
v_BandMarching_g22_c03,BandMarching
v_BoxingSpeedBag_g11_c05,BoxingSpeedBag
v_CleanAndJerk_g16_c02,CleanAndJerk
v_WalkingWithDog_g21_c02,WalkingWithDog
v_UnevenBars_g11_c01,UnevenBars
v_MilitaryParade_g16_c04,MilitaryParade
v_HammerThrow_g17_c05,HammerThrow
v_ParallelBars_g22_c01,ParallelBars
v_PullUps_g12_c04,PullUps
v_Archery_g22_c02,Archery
v_BenchPress_g16_c02,BenchPress
v_PlayingTabla_g09_c04,PlayingTabla
v_PlayingFlute_g23_c02,PlayingFlute
v_Bowling_g24_c03,Bowling
v_CricketShot_g14_c03,CricketShot
v_BlowDryHair_g23_c02,BlowDryHair
v_FloorGymnastics_g16_c02,FloorGymnastics
v_HighJump_g10_c01,HighJump
v_RockClimbingIndoor_g14_c05,RockClimbingIndoor
v_BrushingTeeth_g17_c02,BrushingTeeth
v_WallPushups_g20_c03,WallPushups
v_GolfSwing_g15_c04,GolfSwing
v_JugglingBalls_g11_c01,JugglingBalls
v_HammerThrow_g24_c04,HammerThrow
v_ThrowDiscus_g10_c04,ThrowDiscus
v_PlayingFlute_g14_c06,PlayingFlute
v_PlayingCello_g10_c01,PlayingCello
v_ThrowDiscus_g15_c01,ThrowDiscus
v_RopeClimbing_g17_c03,RopeClimbing
v_Archery_g08_c04,Archery
v_PlayingSitar_g15_c02,PlayingSitar
v_ApplyEyeMakeup_g13_c01,ApplyEyeMakeup
v_PushUps_g16_c02,PushUps
v_YoYo_g25_c05,YoYo
v_PlayingGuitar_g08_c07,PlayingGuitar
v_Biking_g19_c01,Biking
v_TableTennisShot_g19_c07,TableTennisShot
v_SalsaSpin_g23_c04,SalsaSpin
v_JugglingBalls_g21_c02,JugglingBalls
v_Bowling_g10_c07,Bowling
v_BenchPress_g24_c01,BenchPress
v_FloorGymnastics_g18_c05,FloorGymnastics
v_ParallelBars_g09_c02,ParallelBars
v_Billiards_g09_c03,Billiards
v_JugglingBalls_g24_c04,JugglingBalls
v_UnevenBars_g09_c03,UnevenBars
v_PlayingCello_g21_c02,PlayingCello
v_BaseballPitch_g22_c06,BaseballPitch
v_GolfSwing_g09_c01,GolfSwing
v_GolfSwing_g12_c01,GolfSwing
v_SoccerJuggling_g12_c03,SoccerJuggling
v_GolfSwing_g20_c03,GolfSwing
v_FrontCrawl_g25_c01,FrontCrawl
v_WalkingWithDog_g21_c01,WalkingWithDog
v_RopeClimbing_g22_c04,RopeClimbing
v_WalkingWithDog_g11_c05,WalkingWithDog
v_Nunchucks_g08_c06,Nunchucks
v_PlayingTabla_g10_c02,PlayingTabla
v_Billiards_g12_c04,Billiards
v_PlayingTabla_g16_c01,PlayingTabla
v_Bowling_g13_c01,Bowling
v_Surfing_g12_c02,Surfing
v_CuttingInKitchen_g12_c01,CuttingInKitchen
v_Archery_g21_c02,Archery
v_HorseRace_g11_c06,HorseRace
v_BandMarching_g24_c06,BandMarching
v_BandMarching_g12_c05,BandMarching
v_JumpingJack_g09_c07,JumpingJack
v_BandMarching_g17_c03,BandMarching
v_PlayingDhol_g08_c04,PlayingDhol
v_SkateBoarding_g10_c05,SkateBoarding
v_WritingOnBoard_g13_c06,WritingOnBoard
v_ShavingBeard_g09_c02,ShavingBeard
v_BaseballPitch_g12_c02,BaseballPitch
v_Knitting_g11_c02,Knitting
v_BreastStroke_g13_c01,BreastStroke
v_PlayingPiano_g16_c05,PlayingPiano
v_ApplyEyeMakeup_g12_c03,ApplyEyeMakeup
v_Punch_g08_c05,Punch
v_CliffDiving_g20_c05,CliffDiving
v_Haircut_g22_c01,Haircut
v_ApplyLipstick_g24_c05,ApplyLipstick
v_YoYo_g16_c06,YoYo
v_Drumming_g10_c02,Drumming
v_PommelHorse_g25_c03,PommelHorse
v_WallPushups_g14_c04,WallPushups
v_HighJump_g12_c04,HighJump
v_JumpRope_g20_c01,JumpRope
v_TennisSwing_g17_c07,TennisSwing
v_Kayaking_g08_c05,Kayaking
v_HeadMassage_g22_c05,HeadMassage
v_HammerThrow_g12_c03,HammerThrow
v_IceDancing_g18_c04,IceDancing
v_Biking_g25_c04,Biking
v_HeadMassage_g17_c07,HeadMassage
v_BalanceBeam_g24_c03,BalanceBeam
v_SoccerPenalty_g09_c04,SoccerPenalty
v_HandstandWalking_g24_c03,HandstandWalking
v_IceDancing_g14_c01,IceDancing
v_Surfing_g12_c07,Surfing
v_HorseRiding_g18_c05,HorseRiding
v_Knitting_g18_c04,Knitting
v_PlayingFlute_g11_c04,PlayingFlute
v_BoxingSpeedBag_g10_c03,BoxingSpeedBag
v_PlayingCello_g18_c03,PlayingCello
v_BenchPress_g20_c05,BenchPress
v_HandstandWalking_g17_c04,HandstandWalking
v_Typing_g18_c01,Typing
v_Fencing_g21_c01,Fencing
v_BlowingCandles_g23_c02,BlowingCandles
v_BlowDryHair_g14_c02,BlowDryHair
v_WritingOnBoard_g12_c02,WritingOnBoard
v_Kayaking_g21_c02,Kayaking
v_BoxingPunchingBag_g24_c03,BoxingPunchingBag
v_SkyDiving_g23_c04,SkyDiving
v_JumpingJack_g21_c01,JumpingJack
v_Punch_g23_c06,Punch
v_BandMarching_g14_c06,BandMarching
v_TaiChi_g19_c04,TaiChi
v_Kayaking_g09_c01,Kayaking
v_BaseballPitch_g19_c01,BaseballPitch
v_FrisbeeCatch_g24_c01,FrisbeeCatch
v_PlayingDhol_g12_c04,PlayingDhol
v_JavelinThrow_g23_c01,JavelinThrow
v_RockClimbingIndoor_g24_c02,RockClimbingIndoor
v_Surfing_g15_c02,Surfing
v_BaseballPitch_g24_c05,BaseballPitch
v_PoleVault_g14_c04,PoleVault
v_LongJump_g20_c04,LongJump
v_PlayingSitar_g13_c01,PlayingSitar
v_ShavingBeard_g12_c03,ShavingBeard
v_CliffDiving_g10_c06,CliffDiving
v_PlayingSitar_g22_c03,PlayingSitar
v_BreastStroke_g14_c01,BreastStroke
v_Punch_g19_c05,Punch
v_PizzaTossing_g11_c05,PizzaTossing
v_PommelHorse_g17_c04,PommelHorse
v_JugglingBalls_g21_c04,JugglingBalls
v_PlayingSitar_g17_c01,PlayingSitar
v_HorseRace_g09_c04,HorseRace
v_UnevenBars_g14_c02,UnevenBars
v_PlayingDhol_g10_c03,PlayingDhol
v_HammerThrow_g12_c06,HammerThrow
v_FrontCrawl_g23_c07,FrontCrawl
v_Lunges_g19_c06,Lunges
v_PlayingPiano_g19_c04,PlayingPiano
v_TaiChi_g22_c03,TaiChi
v_BlowDryHair_g20_c01,BlowDryHair
v_HorseRace_g21_c05,HorseRace
v_Billiards_g10_c01,Billiards
v_BreastStroke_g15_c03,BreastStroke
v_BreastStroke_g18_c05,BreastStroke
v_MilitaryParade_g16_c02,MilitaryParade
v_FrontCrawl_g15_c02,FrontCrawl
v_RopeClimbing_g11_c02,RopeClimbing
v_RopeClimbing_g09_c03,RopeClimbing
v_BenchPress_g22_c03,BenchPress
v_Rowing_g18_c02,Rowing
v_YoYo_g20_c02,YoYo
v_PlayingTabla_g17_c03,PlayingTabla
v_Typing_g24_c03,Typing
v_HulaHoop_g20_c04,HulaHoop
v_PlayingCello_g25_c04,PlayingCello
v_RopeClimbing_g09_c02,RopeClimbing
v_Swing_g15_c01,Swing
v_Diving_g25_c04,Diving
v_HighJump_g18_c03,HighJump
v_BenchPress_g23_c03,BenchPress
v_SkateBoarding_g23_c01,SkateBoarding
v_Typing_g13_c04,Typing
v_CleanAndJerk_g08_c03,CleanAndJerk
v_SoccerPenalty_g14_c03,SoccerPenalty
v_FrisbeeCatch_g20_c04,FrisbeeCatch
v_ParallelBars_g09_c03,ParallelBars
v_CricketBowling_g13_c03,CricketBowling
v_ApplyEyeMakeup_g24_c07,ApplyEyeMakeup
v_Kayaking_g21_c04,Kayaking
v_PlayingFlute_g19_c06,PlayingFlute
v_ThrowDiscus_g15_c03,ThrowDiscus
v_SumoWrestling_g15_c04,SumoWrestling
v_StillRings_g16_c01,StillRings
v_CricketBowling_g21_c02,CricketBowling
v_PlayingSitar_g11_c04,PlayingSitar
v_HeadMassage_g08_c03,HeadMassage
v_BrushingTeeth_g25_c04,BrushingTeeth
v_GolfSwing_g21_c05,GolfSwing
v_CricketBowling_g12_c03,CricketBowling
v_ApplyEyeMakeup_g17_c05,ApplyEyeMakeup
v_CliffDiving_g11_c04,CliffDiving
v_Fencing_g12_c01,Fencing
v_TennisSwing_g24_c05,TennisSwing
v_Billiards_g19_c01,Billiards
v_Bowling_g19_c06,Bowling
v_BasketballDunk_g08_c03,BasketballDunk
v_PizzaTossing_g22_c01,PizzaTossing
v_Hammering_g10_c05,Hammering
v_Swing_g19_c02,Swing
v_SalsaSpin_g24_c04,SalsaSpin
v_SkyDiving_g22_c02,SkyDiving
v_HandStandPushups_g12_c05,HandStandPushups
v_Punch_g21_c05,Punch
v_Hammering_g17_c02,Hammering
v_MoppingFloor_g21_c03,MoppingFloor
v_RockClimbingIndoor_g17_c06,RockClimbingIndoor
v_MilitaryParade_g10_c02,MilitaryParade
v_BodyWeightSquats_g25_c03,BodyWeightSquats
v_Swing_g09_c03,Swing
v_PlayingSitar_g16_c07,PlayingSitar
v_PlayingCello_g11_c01,PlayingCello
v_Kayaking_g15_c01,Kayaking
v_Diving_g09_c02,Diving
v_PoleVault_g18_c06,PoleVault
v_FieldHockeyPenalty_g18_c04,FieldHockeyPenalty
v_PlayingGuitar_g19_c05,PlayingGuitar
v_ApplyLipstick_g11_c03,ApplyLipstick
v_Bowling_g21_c04,Bowling
v_SkyDiving_g21_c03,SkyDiving
v_CliffDiving_g25_c01,CliffDiving
v_WritingOnBoard_g18_c02,WritingOnBoard
v_HeadMassage_g25_c04,HeadMassage
v_PlayingGuitar_g13_c02,PlayingGuitar
v_SalsaSpin_g24_c01,SalsaSpin
v_FieldHockeyPenalty_g08_c02,FieldHockeyPenalty
v_BenchPress_g15_c06,BenchPress
v_WallPushups_g19_c01,WallPushups
v_BoxingPunchingBag_g12_c03,BoxingPunchingBag
v_CricketShot_g11_c01,CricketShot
v_HighJump_g23_c02,HighJump
v_UnevenBars_g15_c05,UnevenBars
v_WallPushups_g19_c04,WallPushups
v_Swing_g10_c02,Swing
v_HorseRiding_g25_c01,HorseRiding
v_TennisSwing_g19_c06,TennisSwing
v_JumpingJack_g13_c03,JumpingJack
v_Nunchucks_g08_c04,Nunchucks
v_HeadMassage_g19_c01,HeadMassage
v_CricketShot_g25_c07,CricketShot
v_FieldHockeyPenalty_g15_c01,FieldHockeyPenalty
v_BenchPress_g08_c07,BenchPress
v_TennisSwing_g10_c01,TennisSwing
v_Kayaking_g15_c02,Kayaking
v_ThrowDiscus_g21_c03,ThrowDiscus
v_ApplyEyeMakeup_g21_c05,ApplyEyeMakeup
v_BabyCrawling_g12_c01,BabyCrawling
v_CuttingInKitchen_g17_c01,CuttingInKitchen
v_PlayingPiano_g22_c02,PlayingPiano
v_Bowling_g21_c05,Bowling
v_HulaHoop_g09_c01,HulaHoop
v_PoleVault_g15_c01,PoleVault
v_Haircut_g23_c03,Haircut
v_PushUps_g19_c02,PushUps
v_BabyCrawling_g10_c01,BabyCrawling
v_BodyWeightSquats_g25_c06,BodyWeightSquats
v_PushUps_g22_c01,PushUps
v_HammerThrow_g15_c03,HammerThrow
v_SkyDiving_g09_c02,SkyDiving
v_BabyCrawling_g11_c04,BabyCrawling
v_ThrowDiscus_g13_c02,ThrowDiscus
v_PlayingFlute_g20_c01,PlayingFlute
v_PlayingGuitar_g22_c02,PlayingGuitar
v_JugglingBalls_g16_c04,JugglingBalls
v_TableTennisShot_g15_c06,TableTennisShot
v_SumoWrestling_g12_c02,SumoWrestling
v_Nunchucks_g25_c03,Nunchucks
v_Basketball_g18_c03,Basketball
v_PlayingTabla_g15_c03,PlayingTabla
v_BandMarching_g11_c03,BandMarching
v_Nunchucks_g15_c02,Nunchucks
v_CuttingInKitchen_g09_c03,CuttingInKitchen
v_Skijet_g08_c01,Skijet
v_CuttingInKitchen_g12_c03,CuttingInKitchen
v_PlayingSitar_g14_c07,PlayingSitar
v_TennisSwing_g09_c01,TennisSwing
v_Nunchucks_g22_c03,Nunchucks
v_HorseRace_g20_c04,HorseRace
v_StillRings_g25_c05,StillRings
v_ParallelBars_g08_c02,ParallelBars
v_Hammering_g18_c07,Hammering
v_TaiChi_g17_c01,TaiChi
v_JumpingJack_g25_c07,JumpingJack
v_TennisSwing_g13_c03,TennisSwing
v_SoccerPenalty_g19_c03,SoccerPenalty
v_PlayingTabla_g19_c01,PlayingTabla
v_PlayingCello_g19_c04,PlayingCello
v_Typing_g18_c02,Typing
v_HorseRace_g12_c01,HorseRace
v_TableTennisShot_g11_c01,TableTennisShot
v_WritingOnBoard_g14_c04,WritingOnBoard
v_HammerThrow_g09_c05,HammerThrow
v_BasketballDunk_g15_c06,BasketballDunk
v_Surfing_g21_c02,Surfing
v_BrushingTeeth_g22_c02,BrushingTeeth
v_MoppingFloor_g20_c01,MoppingFloor
v_BrushingTeeth_g10_c01,BrushingTeeth
v_JugglingBalls_g09_c04,JugglingBalls
v_PizzaTossing_g23_c02,PizzaTossing
v_BalanceBeam_g15_c03,BalanceBeam
v_CleanAndJerk_g20_c01,CleanAndJerk
v_CleanAndJerk_g14_c01,CleanAndJerk
v_Knitting_g25_c06,Knitting
v_PlayingGuitar_g25_c04,PlayingGuitar
v_MilitaryParade_g18_c01,MilitaryParade
v_BenchPress_g11_c04,BenchPress
v_TableTennisShot_g08_c01,TableTennisShot
v_CricketShot_g09_c05,CricketShot
v_PlayingDaf_g21_c01,PlayingDaf
v_JumpRope_g24_c03,JumpRope
v_CricketShot_g09_c01,CricketShot
v_JugglingBalls_g23_c03,JugglingBalls
v_Punch_g22_c06,Punch
v_BoxingPunchingBag_g24_c02,BoxingPunchingBag
v_BoxingSpeedBag_g23_c04,BoxingSpeedBag
v_HorseRace_g23_c03,HorseRace
v_SkyDiving_g14_c04,SkyDiving
v_CliffDiving_g23_c04,CliffDiving
v_ParallelBars_g13_c02,ParallelBars
v_HandstandWalking_g18_c04,HandstandWalking
v_FloorGymnastics_g16_c04,FloorGymnastics
v_BaseballPitch_g20_c04,BaseballPitch
v_PlayingFlute_g08_c02,PlayingFlute
v_CuttingInKitchen_g13_c02,CuttingInKitchen
v_WritingOnBoard_g11_c02,WritingOnBoard
v_CuttingInKitchen_g19_c01,CuttingInKitchen
v_BlowDryHair_g09_c02,BlowDryHair
v_PommelHorse_g21_c03,PommelHorse
v_PlayingTabla_g23_c03,PlayingTabla
v_FloorGymnastics_g14_c05,FloorGymnastics
v_Punch_g11_c01,Punch
v_SumoWrestling_g18_c01,SumoWrestling
v_GolfSwing_g16_c03,GolfSwing
v_JumpingJack_g13_c02,JumpingJack
v_PlayingCello_g13_c05,PlayingCello
v_Kayaking_g22_c01,Kayaking
v_SoccerJuggling_g08_c03,SoccerJuggling
v_CuttingInKitchen_g13_c03,CuttingInKitchen
v_TableTennisShot_g25_c01,TableTennisShot
v_PlayingFlute_g18_c01,PlayingFlute
v_PoleVault_g24_c06,PoleVault
v_JumpRope_g22_c01,JumpRope
v_FloorGymnastics_g20_c03,FloorGymnastics
v_HorseRace_g24_c04,HorseRace
v_SkateBoarding_g11_c05,SkateBoarding
v_HorseRiding_g18_c06,HorseRiding
v_PlayingDhol_g14_c01,PlayingDhol
v_TennisSwing_g12_c03,TennisSwing
v_Rowing_g25_c05,Rowing
v_PlayingDhol_g13_c07,PlayingDhol
v_CuttingInKitchen_g16_c01,CuttingInKitchen
v_PlayingTabla_g19_c04,PlayingTabla
v_Diving_g12_c04,Diving
v_BrushingTeeth_g08_c05,BrushingTeeth
v_Diving_g13_c04,Diving
v_JumpRope_g18_c06,JumpRope
v_CricketShot_g18_c03,CricketShot
v_CliffDiving_g09_c04,CliffDiving
v_BoxingPunchingBag_g11_c04,BoxingPunchingBag
v_Shotput_g10_c01,Shotput
v_MilitaryParade_g09_c02,MilitaryParade
v_TableTennisShot_g23_c01,TableTennisShot
v_PlayingDaf_g17_c02,PlayingDaf
v_SkateBoarding_g15_c06,SkateBoarding
v_Nunchucks_g11_c02,Nunchucks
v_SalsaSpin_g12_c04,SalsaSpin
v_PlayingFlute_g17_c02,PlayingFlute
v_RopeClimbing_g17_c02,RopeClimbing
v_PlayingTabla_g21_c03,PlayingTabla
v_PlayingCello_g12_c06,PlayingCello
v_SumoWrestling_g17_c02,SumoWrestling
v_Surfing_g14_c04,Surfing
v_FloorGymnastics_g10_c01,FloorGymnastics
v_JugglingBalls_g13_c01,JugglingBalls
v_HighJump_g08_c03,HighJump
v_BodyWeightSquats_g21_c01,BodyWeightSquats
v_Drumming_g16_c07,Drumming
v_SoccerPenalty_g15_c02,SoccerPenalty
v_WritingOnBoard_g25_c02,WritingOnBoard
v_HorseRace_g22_c01,HorseRace
v_StillRings_g10_c01,StillRings
v_WalkingWithDog_g09_c06,WalkingWithDog
v_JumpRope_g22_c04,JumpRope
v_BoxingSpeedBag_g13_c04,BoxingSpeedBag
v_IceDancing_g25_c01,IceDancing
v_Billiards_g15_c05,Billiards
v_PlayingDhol_g14_c07,PlayingDhol
v_Swing_g18_c03,Swing
v_PlayingGuitar_g08_c03,PlayingGuitar
v_PlayingGuitar_g18_c05,PlayingGuitar
v_Rafting_g23_c02,Rafting
v_Rowing_g08_c03,Rowing
v_HorseRace_g11_c02,HorseRace
v_MilitaryParade_g11_c02,MilitaryParade
v_Skiing_g09_c05,Skiing
v_HulaHoop_g19_c02,HulaHoop
v_Hammering_g23_c04,Hammering
v_BoxingSpeedBag_g08_c03,BoxingSpeedBag
v_PlayingDaf_g13_c03,PlayingDaf
v_HammerThrow_g09_c02,HammerThrow
v_BlowDryHair_g17_c01,BlowDryHair
v_HammerThrow_g17_c01,HammerThrow
v_Drumming_g16_c06,Drumming
v_Swing_g14_c05,Swing
v_SoccerJuggling_g11_c04,SoccerJuggling
v_BoxingPunchingBag_g09_c02,BoxingPunchingBag
v_BenchPress_g12_c05,BenchPress
v_PlayingDhol_g08_c05,PlayingDhol
v_Kayaking_g21_c01,Kayaking
v_Swing_g22_c01,Swing
v_CleanAndJerk_g19_c03,CleanAndJerk
v_TrampolineJumping_g19_c02,TrampolineJumping
v_Punch_g14_c07,Punch
v_TaiChi_g13_c03,TaiChi
v_VolleyballSpiking_g16_c04,VolleyballSpiking
v_Rafting_g10_c04,Rafting
v_PlayingViolin_g08_c03,PlayingViolin
v_MilitaryParade_g25_c01,MilitaryParade
v_ShavingBeard_g21_c07,ShavingBeard
v_Mixing_g20_c03,Mixing
v_JavelinThrow_g15_c06,JavelinThrow
v_BodyWeightSquats_g16_c01,BodyWeightSquats
v_HorseRace_g25_c02,HorseRace
v_Knitting_g19_c03,Knitting
v_Typing_g10_c07,Typing
v_PlayingFlute_g17_c06,PlayingFlute
v_Surfing_g14_c02,Surfing
v_Knitting_g10_c03,Knitting
v_Knitting_g11_c03,Knitting
v_Swing_g20_c05,Swing
v_PlayingViolin_g25_c03,PlayingViolin
v_ParallelBars_g12_c03,ParallelBars
v_CricketBowling_g19_c02,CricketBowling
v_HorseRace_g16_c02,HorseRace
v_WritingOnBoard_g19_c04,WritingOnBoard
v_SoccerJuggling_g17_c07,SoccerJuggling
v_Mixing_g21_c01,Mixing
v_PlayingDaf_g10_c01,PlayingDaf
v_VolleyballSpiking_g16_c01,VolleyballSpiking
v_PlayingFlute_g23_c04,PlayingFlute
v_PommelHorse_g08_c04,PommelHorse
v_Drumming_g09_c02,Drumming
v_TennisSwing_g16_c01,TennisSwing
v_Shotput_g14_c02,Shotput
v_WalkingWithDog_g18_c02,WalkingWithDog
v_PlayingCello_g10_c03,PlayingCello
v_FieldHockeyPenalty_g09_c03,FieldHockeyPenalty
v_FrontCrawl_g17_c01,FrontCrawl
v_ApplyLipstick_g16_c02,ApplyLipstick
v_PullUps_g25_c03,PullUps
v_HorseRace_g16_c05,HorseRace
v_Diving_g15_c03,Diving
v_JumpRope_g25_c03,JumpRope
v_PlayingDhol_g19_c01,PlayingDhol
v_YoYo_g25_c02,YoYo
v_JugglingBalls_g11_c04,JugglingBalls
v_IceDancing_g13_c01,IceDancing
v_Surfing_g15_c01,Surfing
v_IceDancing_g09_c05,IceDancing
v_FieldHockeyPenalty_g17_c02,FieldHockeyPenalty
v_LongJump_g17_c03,LongJump
v_Diving_g14_c03,Diving
v_Shotput_g16_c07,Shotput
v_PlayingGuitar_g23_c02,PlayingGuitar
v_WalkingWithDog_g12_c01,WalkingWithDog
v_Haircut_g17_c03,Haircut
v_BlowingCandles_g19_c02,BlowingCandles
v_Drumming_g23_c01,Drumming
v_MilitaryParade_g14_c01,MilitaryParade
v_Skiing_g25_c03,Skiing
v_Billiards_g18_c02,Billiards
v_IceDancing_g21_c03,IceDancing
v_TennisSwing_g12_c05,TennisSwing
v_Lunges_g20_c03,Lunges
v_BlowDryHair_g12_c05,BlowDryHair
v_Swing_g13_c02,Swing
v_IceDancing_g25_c06,IceDancing
v_HorseRace_g14_c03,HorseRace
v_PommelHorse_g20_c05,PommelHorse
v_FieldHockeyPenalty_g12_c02,FieldHockeyPenalty
v_PlayingDhol_g25_c04,PlayingDhol
v_WallPushups_g12_c01,WallPushups
v_BabyCrawling_g14_c01,BabyCrawling
v_BabyCrawling_g23_c04,BabyCrawling
v_BabyCrawling_g16_c02,BabyCrawling
v_HulaHoop_g16_c03,HulaHoop
v_Hammering_g11_c03,Hammering
v_IceDancing_g12_c03,IceDancing
v_Skijet_g09_c02,Skijet
v_BoxingPunchingBag_g20_c05,BoxingPunchingBag
v_Billiards_g24_c04,Billiards
v_PlayingSitar_g13_c03,PlayingSitar
v_FrontCrawl_g12_c02,FrontCrawl
v_TrampolineJumping_g22_c01,TrampolineJumping
v_Skijet_g13_c02,Skijet
v_TableTennisShot_g20_c05,TableTennisShot
v_FrontCrawl_g23_c04,FrontCrawl
v_Haircut_g19_c01,Haircut
v_BasketballDunk_g10_c04,BasketballDunk
v_Biking_g21_c01,Biking
v_BenchPress_g24_c03,BenchPress
v_MilitaryParade_g10_c03,MilitaryParade
v_WritingOnBoard_g21_c05,WritingOnBoard
v_Surfing_g16_c07,Surfing
v_StillRings_g11_c01,StillRings
v_CricketShot_g19_c04,CricketShot
v_JumpingJack_g25_c03,JumpingJack
v_PlayingSitar_g25_c03,PlayingSitar
v_HeadMassage_g13_c04,HeadMassage
v_HulaHoop_g23_c02,HulaHoop
v_VolleyballSpiking_g23_c01,VolleyballSpiking
v_BaseballPitch_g13_c02,BaseballPitch
v_CuttingInKitchen_g15_c02,CuttingInKitchen
v_JumpRope_g11_c06,JumpRope
v_FrisbeeCatch_g25_c03,FrisbeeCatch
v_BoxingPunchingBag_g14_c07,BoxingPunchingBag
v_JumpRope_g24_c01,JumpRope
v_Kayaking_g18_c01,Kayaking
v_BalanceBeam_g16_c03,BalanceBeam
v_Hammering_g10_c03,Hammering
v_BabyCrawling_g23_c03,BabyCrawling
v_FrontCrawl_g12_c04,FrontCrawl
v_Hammering_g14_c02,Hammering
v_PlayingSitar_g24_c06,PlayingSitar
v_FrontCrawl_g12_c03,FrontCrawl
v_PlayingGuitar_g08_c04,PlayingGuitar
v_CricketBowling_g17_c04,CricketBowling
v_Rowing_g22_c01,Rowing
v_Billiards_g10_c04,Billiards
v_HandStandPushups_g17_c01,HandStandPushups
v_BenchPress_g09_c01,BenchPress
v_Rafting_g21_c01,Rafting
v_ApplyEyeMakeup_g20_c02,ApplyEyeMakeup
v_JugglingBalls_g20_c01,JugglingBalls
v_YoYo_g08_c01,YoYo
v_HorseRace_g09_c02,HorseRace
v_PlayingCello_g08_c06,PlayingCello
v_ParallelBars_g10_c02,ParallelBars
v_Rafting_g13_c05,Rafting
v_Rowing_g21_c05,Rowing
v_LongJump_g24_c02,LongJump
v_HulaHoop_g08_c02,HulaHoop
v_CricketShot_g21_c05,CricketShot
v_ShavingBeard_g23_c06,ShavingBeard
v_BalanceBeam_g11_c03,BalanceBeam
v_SkyDiving_g20_c03,SkyDiving
v_Knitting_g19_c01,Knitting
v_BoxingSpeedBag_g25_c05,BoxingSpeedBag
v_CleanAndJerk_g16_c03,CleanAndJerk
v_HeadMassage_g23_c01,HeadMassage
v_HulaHoop_g25_c02,HulaHoop
v_Haircut_g18_c01,Haircut
v_Basketball_g19_c03,Basketball
v_Archery_g09_c02,Archery
v_HulaHoop_g12_c03,HulaHoop
v_Drumming_g10_c05,Drumming
v_Rowing_g16_c03,Rowing
v_HulaHoop_g14_c02,HulaHoop
v_ThrowDiscus_g13_c05,ThrowDiscus
v_IceDancing_g20_c03,IceDancing
v_HulaHoop_g13_c04,HulaHoop
v_BlowingCandles_g12_c06,BlowingCandles
v_Skiing_g14_c01,Skiing
v_BoxingPunchingBag_g08_c02,BoxingPunchingBag
v_Drumming_g15_c05,Drumming
v_SoccerPenalty_g13_c03,SoccerPenalty
v_Knitting_g10_c04,Knitting
v_Fencing_g19_c04,Fencing
v_SumoWrestling_g09_c04,SumoWrestling
v_BlowingCandles_g13_c03,BlowingCandles
v_ShavingBeard_g16_c03,ShavingBeard
v_RopeClimbing_g13_c05,RopeClimbing
v_CliffDiving_g11_c05,CliffDiving
v_HammerThrow_g15_c05,HammerThrow
v_MilitaryParade_g17_c04,MilitaryParade
v_RopeClimbing_g11_c04,RopeClimbing
v_GolfSwing_g22_c03,GolfSwing
v_CuttingInKitchen_g18_c03,CuttingInKitchen
v_BalanceBeam_g15_c02,BalanceBeam
v_BasketballDunk_g10_c05,BasketballDunk
v_Billiards_g19_c04,Billiards
v_CliffDiving_g11_c02,CliffDiving
v_ThrowDiscus_g12_c06,ThrowDiscus
v_CricketBowling_g21_c06,CricketBowling
v_Biking_g11_c03,Biking
v_HighJump_g20_c03,HighJump
v_CleanAndJerk_g18_c03,CleanAndJerk
v_Drumming_g23_c06,Drumming
v_BasketballDunk_g25_c01,BasketballDunk
v_UnevenBars_g16_c02,UnevenBars
v_IceDancing_g20_c05,IceDancing
v_FrontCrawl_g20_c01,FrontCrawl
v_PlayingSitar_g20_c07,PlayingSitar
v_Biking_g24_c02,Biking
v_Typing_g13_c02,Typing
v_FloorGymnastics_g15_c02,FloorGymnastics
v_RockClimbingIndoor_g24_c03,RockClimbingIndoor
v_PlayingGuitar_g16_c06,PlayingGuitar
v_YoYo_g21_c02,YoYo
v_PlayingFlute_g13_c05,PlayingFlute
v_RockClimbingIndoor_g25_c02,RockClimbingIndoor
v_Drumming_g15_c04,Drumming
v_SkyDiving_g21_c02,SkyDiving
v_Lunges_g21_c02,Lunges
v_FieldHockeyPenalty_g24_c05,FieldHockeyPenalty
v_BoxingSpeedBag_g08_c04,BoxingSpeedBag
v_TaiChi_g15_c04,TaiChi
v_HorseRiding_g12_c03,HorseRiding
v_Typing_g14_c06,Typing
v_HandstandWalking_g13_c02,HandstandWalking
v_BlowingCandles_g10_c03,BlowingCandles
v_BandMarching_g12_c02,BandMarching
v_PlayingDaf_g10_c06,PlayingDaf
v_BaseballPitch_g12_c01,BaseballPitch
v_HeadMassage_g18_c01,HeadMassage
v_Diving_g12_c02,Diving
v_Hammering_g17_c07,Hammering
v_PlayingCello_g24_c02,PlayingCello
v_PullUps_g08_c02,PullUps
v_VolleyballSpiking_g12_c04,VolleyballSpiking
v_CleanAndJerk_g24_c03,CleanAndJerk
v_HorseRiding_g10_c07,HorseRiding
v_Diving_g19_c02,Diving
v_Nunchucks_g09_c02,Nunchucks
v_CuttingInKitchen_g17_c02,CuttingInKitchen
v_JumpingJack_g17_c03,JumpingJack
v_Mixing_g16_c04,Mixing
v_SalsaSpin_g14_c01,SalsaSpin
v_HulaHoop_g13_c02,HulaHoop
v_Archery_g19_c02,Archery
v_SkyDiving_g25_c03,SkyDiving
v_MilitaryParade_g21_c04,MilitaryParade
v_SkyDiving_g19_c04,SkyDiving
v_Kayaking_g20_c04,Kayaking
v_PlayingTabla_g12_c02,PlayingTabla
v_BoxingSpeedBag_g17_c07,BoxingSpeedBag
v_Nunchucks_g23_c04,Nunchucks
v_CricketBowling_g18_c01,CricketBowling
v_Knitting_g09_c01,Knitting
v_Swing_g17_c01,Swing
v_Nunchucks_g08_c05,Nunchucks
v_BabyCrawling_g24_c01,BabyCrawling
v_BaseballPitch_g23_c07,BaseballPitch
v_Archery_g16_c02,Archery
v_RopeClimbing_g11_c01,RopeClimbing
v_Punch_g19_c02,Punch
v_BabyCrawling_g17_c04,BabyCrawling
v_Kayaking_g08_c03,Kayaking
v_Rafting_g13_c03,Rafting
v_FieldHockeyPenalty_g19_c04,FieldHockeyPenalty
v_Lunges_g19_c01,Lunges
v_ShavingBeard_g16_c01,ShavingBeard
v_PlayingFlute_g16_c06,PlayingFlute
v_Mixing_g13_c02,Mixing
v_ParallelBars_g19_c01,ParallelBars
v_TrampolineJumping_g17_c04,TrampolineJumping
v_SoccerPenalty_g15_c01,SoccerPenalty
v_Knitting_g15_c01,Knitting
v_LongJump_g14_c03,LongJump
v_BodyWeightSquats_g12_c02,BodyWeightSquats
v_Nunchucks_g08_c01,Nunchucks
v_HulaHoop_g20_c05,HulaHoop
v_SoccerPenalty_g23_c02,SoccerPenalty
v_JugglingBalls_g13_c04,JugglingBalls
v_MilitaryParade_g15_c07,MilitaryParade
v_Diving_g20_c04,Diving
v_Swing_g11_c03,Swing
v_Biking_g15_c05,Biking
v_Surfing_g11_c03,Surfing
v_JumpRope_g08_c04,JumpRope
v_MoppingFloor_g15_c01,MoppingFloor
v_BoxingPunchingBag_g16_c07,BoxingPunchingBag
v_CliffDiving_g14_c07,CliffDiving
v_Skijet_g09_c04,Skijet
v_SoccerJuggling_g21_c04,SoccerJuggling
v_CricketShot_g25_c02,CricketShot
v_SalsaSpin_g24_c02,SalsaSpin
v_IceDancing_g25_c02,IceDancing
v_FloorGymnastics_g16_c01,FloorGymnastics
v_BrushingTeeth_g09_c04,BrushingTeeth
v_PlayingDhol_g19_c06,PlayingDhol
v_Fencing_g10_c04,Fencing
v_BlowingCandles_g18_c01,BlowingCandles
v_BlowingCandles_g23_c03,BlowingCandles
v_Diving_g22_c01,Diving
v_BlowDryHair_g19_c04,BlowDryHair
v_IceDancing_g24_c03,IceDancing
v_Biking_g14_c01,Biking
v_SoccerPenalty_g14_c04,SoccerPenalty
v_BalanceBeam_g24_c01,BalanceBeam
v_RopeClimbing_g18_c02,RopeClimbing
v_TennisSwing_g11_c07,TennisSwing
v_SoccerJuggling_g24_c07,SoccerJuggling
v_HandStandPushups_g19_c03,HandStandPushups
v_Biking_g21_c04,Biking
v_PlayingTabla_g13_c04,PlayingTabla
v_Bowling_g15_c06,Bowling
v_LongJump_g09_c01,LongJump
v_MoppingFloor_g23_c04,MoppingFloor
v_JumpRope_g09_c01,JumpRope
v_PlayingViolin_g20_c01,PlayingViolin
v_Punch_g24_c01,Punch
v_Rowing_g15_c01,Rowing
v_Biking_g20_c05,Biking
v_FloorGymnastics_g13_c04,FloorGymnastics
v_IceDancing_g23_c04,IceDancing
v_PlayingCello_g18_c02,PlayingCello
v_HighJump_g19_c03,HighJump
v_HeadMassage_g13_c01,HeadMassage
v_BaseballPitch_g13_c07,BaseballPitch
v_Nunchucks_g10_c01,Nunchucks
v_Drumming_g20_c07,Drumming
v_Biking_g16_c01,Biking
v_BaseballPitch_g13_c04,BaseballPitch
v_Kayaking_g23_c06,Kayaking
v_TennisSwing_g22_c06,TennisSwing
v_Hammering_g22_c04,Hammering
v_PlayingTabla_g16_c02,PlayingTabla
v_SoccerPenalty_g12_c07,SoccerPenalty
v_JavelinThrow_g18_c01,JavelinThrow
v_HorseRace_g22_c04,HorseRace
v_PlayingFlute_g14_c04,PlayingFlute
v_TaiChi_g19_c02,TaiChi
v_Haircut_g24_c05,Haircut
v_Drumming_g11_c04,Drumming
v_BandMarching_g20_c02,BandMarching
v_Basketball_g13_c03,Basketball
v_Rowing_g25_c01,Rowing
v_MilitaryParade_g12_c01,MilitaryParade
v_Biking_g22_c03,Biking
v_JumpRope_g09_c04,JumpRope
v_PommelHorse_g20_c02,PommelHorse
v_HighJump_g22_c01,HighJump
v_FrontCrawl_g17_c06,FrontCrawl
v_Kayaking_g20_c06,Kayaking
v_JumpRope_g12_c05,JumpRope
v_FrisbeeCatch_g22_c04,FrisbeeCatch
v_Archery_g13_c03,Archery
v_HorseRiding_g25_c02,HorseRiding
v_PoleVault_g18_c03,PoleVault
v_CleanAndJerk_g09_c03,CleanAndJerk
v_VolleyballSpiking_g22_c01,VolleyballSpiking
v_PoleVault_g20_c03,PoleVault
v_TaiChi_g21_c03,TaiChi
v_Biking_g09_c04,Biking
v_BreastStroke_g25_c03,BreastStroke
v_IceDancing_g11_c04,IceDancing
v_FrisbeeCatch_g23_c03,FrisbeeCatch
v_PoleVault_g22_c03,PoleVault
v_BodyWeightSquats_g23_c01,BodyWeightSquats
v_MoppingFloor_g19_c03,MoppingFloor
v_Surfing_g22_c04,Surfing
v_SkateBoarding_g16_c01,SkateBoarding
v_SkateBoarding_g22_c04,SkateBoarding
v_PlayingDhol_g23_c02,PlayingDhol
v_WritingOnBoard_g16_c04,WritingOnBoard
v_RockClimbingIndoor_g10_c04,RockClimbingIndoor
v_Diving_g15_c05,Diving
v_SalsaSpin_g17_c03,SalsaSpin
v_CuttingInKitchen_g18_c04,CuttingInKitchen
v_JumpingJack_g11_c02,JumpingJack
v_Swing_g15_c05,Swing
v_BandMarching_g19_c02,BandMarching
v_PlayingDhol_g20_c01,PlayingDhol
v_FloorGymnastics_g18_c03,FloorGymnastics
v_PizzaTossing_g19_c02,PizzaTossing
v_Drumming_g24_c03,Drumming
v_Rafting_g17_c06,Rafting
v_PlayingCello_g20_c03,PlayingCello
v_PullUps_g14_c04,PullUps
v_Basketball_g15_c07,Basketball
v_HandstandWalking_g23_c04,HandstandWalking
v_PlayingDhol_g25_c02,PlayingDhol
v_ShavingBeard_g11_c02,ShavingBeard
v_BodyWeightSquats_g20_c03,BodyWeightSquats
v_HeadMassage_g15_c07,HeadMassage
v_TennisSwing_g09_c07,TennisSwing
v_RockClimbingIndoor_g12_c05,RockClimbingIndoor
v_Billiards_g12_c06,Billiards
v_Biking_g11_c04,Biking
v_BoxingPunchingBag_g21_c07,BoxingPunchingBag
v_HorseRiding_g21_c04,HorseRiding
v_Shotput_g16_c02,Shotput
v_PlayingDaf_g18_c04,PlayingDaf
v_CuttingInKitchen_g09_c04,CuttingInKitchen
v_MilitaryParade_g11_c05,MilitaryParade
v_BoxingSpeedBag_g24_c04,BoxingSpeedBag
v_HandstandWalking_g25_c03,HandstandWalking
v_PlayingDhol_g12_c06,PlayingDhol
v_CricketBowling_g11_c06,CricketBowling
v_PlayingViolin_g09_c02,PlayingViolin
v_WallPushups_g08_c05,WallPushups
v_WritingOnBoard_g10_c03,WritingOnBoard
v_JumpRope_g23_c05,JumpRope
v_TennisSwing_g15_c01,TennisSwing
v_GolfSwing_g25_c07,GolfSwing
v_IceDancing_g23_c07,IceDancing
v_WalkingWithDog_g11_c01,WalkingWithDog
v_TrampolineJumping_g16_c01,TrampolineJumping
v_PlayingGuitar_g18_c04,PlayingGuitar
v_Archery_g12_c04,Archery
v_BenchPress_g17_c02,BenchPress
v_CliffDiving_g13_c03,CliffDiving
v_CricketShot_g18_c01,CricketShot
v_SumoWrestling_g23_c04,SumoWrestling
v_Drumming_g17_c05,Drumming
v_Haircut_g24_c04,Haircut
v_WallPushups_g20_c05,WallPushups
v_JavelinThrow_g25_c01,JavelinThrow
v_SoccerJuggling_g14_c04,SoccerJuggling
v_Kayaking_g22_c05,Kayaking
v_BaseballPitch_g17_c05,BaseballPitch
v_SoccerJuggling_g20_c04,SoccerJuggling
v_Skiing_g23_c03,Skiing
v_FrontCrawl_g21_c06,FrontCrawl
v_FrontCrawl_g20_c04,FrontCrawl
v_HeadMassage_g12_c07,HeadMassage
v_SumoWrestling_g20_c03,SumoWrestling
v_BlowDryHair_g20_c03,BlowDryHair
v_StillRings_g25_c06,StillRings
v_Archery_g22_c04,Archery
v_Kayaking_g13_c04,Kayaking
v_GolfSwing_g20_c06,GolfSwing
v_FrisbeeCatch_g24_c04,FrisbeeCatch
v_FrontCrawl_g13_c03,FrontCrawl
v_Nunchucks_g13_c07,Nunchucks
v_PlayingViolin_g16_c03,PlayingViolin
v_CleanAndJerk_g08_c01,CleanAndJerk
v_BandMarching_g22_c02,BandMarching
v_Biking_g17_c04,Biking
v_Archery_g25_c06,Archery
v_HandstandWalking_g10_c02,HandstandWalking
v_PlayingViolin_g22_c02,PlayingViolin
v_PlayingCello_g15_c06,PlayingCello
v_Lunges_g23_c01,Lunges
v_Rafting_g24_c01,Rafting
v_ThrowDiscus_g12_c02,ThrowDiscus
v_Archery_g20_c05,Archery
v_BlowingCandles_g14_c01,BlowingCandles
v_PlayingCello_g17_c03,PlayingCello
v_PlayingPiano_g24_c02,PlayingPiano
v_PommelHorse_g16_c01,PommelHorse
v_IceDancing_g18_c03,IceDancing
v_FrontCrawl_g09_c01,FrontCrawl
v_Hammering_g18_c01,Hammering
v_MoppingFloor_g19_c01,MoppingFloor
v_PizzaTossing_g24_c06,PizzaTossing
v_BaseballPitch_g15_c03,BaseballPitch
v_BandMarching_g09_c02,BandMarching
v_PoleVault_g19_c05,PoleVault
v_UnevenBars_g12_c03,UnevenBars
v_CricketShot_g13_c01,CricketShot
v_HandStandPushups_g22_c05,HandStandPushups
v_SkyDiving_g20_c04,SkyDiving
v_FrisbeeCatch_g09_c02,FrisbeeCatch
v_Shotput_g09_c04,Shotput
v_RopeClimbing_g21_c01,RopeClimbing
v_PlayingFlute_g25_c06,PlayingFlute
v_BabyCrawling_g19_c02,BabyCrawling
v_HeadMassage_g08_c06,HeadMassage
v_FloorGymnastics_g25_c03,FloorGymnastics
v_HandstandWalking_g21_c02,HandstandWalking
v_PlayingDaf_g12_c02,PlayingDaf
v_BodyWeightSquats_g09_c02,BodyWeightSquats
v_HandStandPushups_g10_c02,HandStandPushups
v_PlayingFlute_g12_c05,PlayingFlute
v_Lunges_g14_c04,Lunges
v_VolleyballSpiking_g23_c03,VolleyballSpiking
v_Diving_g25_c01,Diving
v_Diving_g09_c07,Diving
v_ParallelBars_g23_c03,ParallelBars
v_Fencing_g20_c04,Fencing
v_BaseballPitch_g22_c04,BaseballPitch
v_SoccerJuggling_g22_c01,SoccerJuggling
v_Fencing_g08_c02,Fencing
v_CuttingInKitchen_g25_c04,CuttingInKitchen
v_JumpingJack_g17_c02,JumpingJack
v_Bowling_g13_c05,Bowling
v_Punch_g15_c05,Punch
v_Lunges_g14_c03,Lunges
v_YoYo_g20_c01,YoYo
v_BaseballPitch_g20_c03,BaseballPitch
v_HammerThrow_g25_c03,HammerThrow
v_PlayingGuitar_g08_c01,PlayingGuitar
v_BaseballPitch_g25_c04,BaseballPitch
v_SoccerJuggling_g23_c06,SoccerJuggling
v_UnevenBars_g17_c04,UnevenBars
v_IceDancing_g25_c05,IceDancing
v_PommelHorse_g09_c04,PommelHorse
v_SkateBoarding_g11_c01,SkateBoarding
v_FrontCrawl_g15_c01,FrontCrawl
v_HulaHoop_g12_c04,HulaHoop
v_PlayingDaf_g15_c05,PlayingDaf
v_HulaHoop_g10_c01,HulaHoop
v_UnevenBars_g25_c02,UnevenBars
v_FieldHockeyPenalty_g22_c04,FieldHockeyPenalty
v_GolfSwing_g25_c04,GolfSwing
v_SalsaSpin_g23_c03,SalsaSpin
v_HandstandWalking_g13_c03,HandstandWalking
v_PlayingPiano_g12_c01,PlayingPiano
v_Hammering_g09_c05,Hammering
v_SalsaSpin_g14_c05,SalsaSpin
v_HandStandPushups_g25_c07,HandStandPushups
v_FrontCrawl_g16_c02,FrontCrawl
v_VolleyballSpiking_g21_c01,VolleyballSpiking
v_Biking_g14_c03,Biking
v_CricketShot_g11_c04,CricketShot
v_FieldHockeyPenalty_g10_c04,FieldHockeyPenalty
v_ParallelBars_g12_c04,ParallelBars
v_RopeClimbing_g14_c02,RopeClimbing
v_SoccerJuggling_g08_c02,SoccerJuggling
v_WallPushups_g16_c06,WallPushups
v_WallPushups_g24_c02,WallPushups
v_FrisbeeCatch_g16_c05,FrisbeeCatch
v_CuttingInKitchen_g10_c04,CuttingInKitchen
v_BoxingPunchingBag_g09_c05,BoxingPunchingBag
v_Nunchucks_g16_c04,Nunchucks
v_PlayingSitar_g10_c07,PlayingSitar
v_BabyCrawling_g10_c03,BabyCrawling
v_CliffDiving_g19_c03,CliffDiving
v_WalkingWithDog_g10_c01,WalkingWithDog
v_JumpingJack_g13_c01,JumpingJack
v_PullUps_g24_c04,PullUps
v_UnevenBars_g24_c02,UnevenBars
v_IceDancing_g21_c02,IceDancing
v_Drumming_g12_c04,Drumming
v_Skiing_g08_c04,Skiing
v_Drumming_g19_c02,Drumming
v_BabyCrawling_g18_c05,BabyCrawling
v_SalsaSpin_g09_c03,SalsaSpin
v_BoxingPunchingBag_g21_c02,BoxingPunchingBag
v_PoleVault_g19_c02,PoleVault
v_BabyCrawling_g21_c02,BabyCrawling
v_BoxingPunchingBag_g23_c05,BoxingPunchingBag
v_CuttingInKitchen_g25_c01,CuttingInKitchen
v_BabyCrawling_g11_c01,BabyCrawling
v_HeadMassage_g23_c05,HeadMassage
v_Skiing_g24_c04,Skiing
v_SoccerJuggling_g09_c03,SoccerJuggling
v_PlayingFlute_g10_c03,PlayingFlute
v_BandMarching_g16_c04,BandMarching
v_WritingOnBoard_g10_c01,WritingOnBoard
v_PullUps_g16_c04,PullUps
v_Bowling_g16_c02,Bowling
v_MoppingFloor_g08_c02,MoppingFloor
v_TennisSwing_g17_c06,TennisSwing
v_PlayingDaf_g20_c01,PlayingDaf
v_HighJump_g17_c01,HighJump
v_PlayingCello_g23_c06,PlayingCello
v_PlayingViolin_g17_c04,PlayingViolin
v_Punch_g25_c05,Punch
v_BodyWeightSquats_g24_c05,BodyWeightSquats
v_Nunchucks_g10_c04,Nunchucks
v_PullUps_g21_c01,PullUps
v_FieldHockeyPenalty_g21_c04,FieldHockeyPenalty
v_JumpingJack_g18_c02,JumpingJack
v_FrisbeeCatch_g08_c05,FrisbeeCatch
v_BabyCrawling_g22_c03,BabyCrawling
v_Billiards_g09_c06,Billiards
v_FieldHockeyPenalty_g11_c01,FieldHockeyPenalty
v_PlayingSitar_g16_c02,PlayingSitar
v_Surfing_g22_c03,Surfing
v_Knitting_g16_c04,Knitting
v_PlayingTabla_g20_c03,PlayingTabla
v_BasketballDunk_g20_c05,BasketballDunk
v_Mixing_g19_c01,Mixing
v_ParallelBars_g15_c03,ParallelBars
v_PlayingGuitar_g15_c03,PlayingGuitar
v_CleanAndJerk_g17_c02,CleanAndJerk
v_FloorGymnastics_g14_c02,FloorGymnastics
v_BandMarching_g22_c05,BandMarching
v_PoleVault_g16_c02,PoleVault
v_VolleyballSpiking_g19_c03,VolleyballSpiking
v_ApplyLipstick_g15_c04,ApplyLipstick
v_PlayingPiano_g19_c01,PlayingPiano
v_CliffDiving_g19_c05,CliffDiving
v_FrontCrawl_g23_c05,FrontCrawl
v_GolfSwing_g25_c06,GolfSwing
v_MoppingFloor_g16_c02,MoppingFloor
v_BabyCrawling_g20_c07,BabyCrawling
v_HorseRace_g08_c03,HorseRace
v_Rowing_g09_c03,Rowing
v_Haircut_g12_c03,Haircut
v_TrampolineJumping_g18_c03,TrampolineJumping
v_JumpRope_g13_c01,JumpRope
v_SoccerPenalty_g18_c01,SoccerPenalty
v_PoleVault_g13_c01,PoleVault
v_IceDancing_g09_c06,IceDancing
v_JumpingJack_g14_c03,JumpingJack
v_JavelinThrow_g18_c04,JavelinThrow
v_SkyDiving_g08_c01,SkyDiving
v_BandMarching_g23_c01,BandMarching
v_FrisbeeCatch_g22_c02,FrisbeeCatch
v_JavelinThrow_g14_c06,JavelinThrow
v_Basketball_g12_c03,Basketball
v_PizzaTossing_g20_c01,PizzaTossing
v_WalkingWithDog_g09_c01,WalkingWithDog
v_Bowling_g22_c07,Bowling
v_HammerThrow_g13_c05,HammerThrow
v_Kayaking_g18_c04,Kayaking
v_CleanAndJerk_g16_c01,CleanAndJerk
v_FrisbeeCatch_g09_c04,FrisbeeCatch
v_MilitaryParade_g16_c03,MilitaryParade
v_ApplyEyeMakeup_g10_c01,ApplyEyeMakeup
v_HandStandPushups_g14_c04,HandStandPushups
v_CuttingInKitchen_g20_c04,CuttingInKitchen
v_Billiards_g23_c03,Billiards
v_PlayingFlute_g14_c02,PlayingFlute
v_CleanAndJerk_g18_c04,CleanAndJerk
v_Kayaking_g24_c01,Kayaking
v_IceDancing_g21_c01,IceDancing
v_MoppingFloor_g08_c03,MoppingFloor
v_ApplyLipstick_g15_c05,ApplyLipstick
v_JugglingBalls_g18_c04,JugglingBalls
v_LongJump_g22_c04,LongJump
v_HulaHoop_g16_c01,HulaHoop
v_ShavingBeard_g19_c06,ShavingBeard
v_PushUps_g20_c02,PushUps
v_BenchPress_g13_c06,BenchPress
v_WritingOnBoard_g09_c06,WritingOnBoard
v_HeadMassage_g22_c07,HeadMassage
v_Mixing_g11_c03,Mixing
v_PoleVault_g23_c01,PoleVault
v_MoppingFloor_g22_c01,MoppingFloor
v_HammerThrow_g18_c05,HammerThrow
v_CleanAndJerk_g12_c05,CleanAndJerk
v_BalanceBeam_g09_c04,BalanceBeam
v_WallPushups_g14_c03,WallPushups
v_Diving_g17_c03,Diving
v_CleanAndJerk_g11_c02,CleanAndJerk
v_CuttingInKitchen_g14_c02,CuttingInKitchen
v_PlayingViolin_g11_c04,PlayingViolin
v_BenchPress_g14_c01,BenchPress
v_Typing_g17_c02,Typing
v_JavelinThrow_g22_c02,JavelinThrow
v_Lunges_g25_c01,Lunges
v_PlayingGuitar_g08_c02,PlayingGuitar
v_Skiing_g19_c05,Skiing
v_JumpingJack_g23_c02,JumpingJack
v_BlowDryHair_g13_c03,BlowDryHair
v_PushUps_g16_c04,PushUps
v_BreastStroke_g08_c02,BreastStroke
v_CliffDiving_g22_c06,CliffDiving
v_ApplyLipstick_g20_c03,ApplyLipstick
v_BaseballPitch_g21_c02,BaseballPitch
v_ShavingBeard_g20_c05,ShavingBeard
v_ThrowDiscus_g16_c02,ThrowDiscus
v_MilitaryParade_g17_c03,MilitaryParade
v_TennisSwing_g15_c07,TennisSwing
v_TrampolineJumping_g17_c01,TrampolineJumping
v_PlayingDhol_g14_c05,PlayingDhol
v_YoYo_g11_c04,YoYo
v_Billiards_g16_c03,Billiards
v_PushUps_g08_c04,PushUps
v_PlayingDaf_g20_c07,PlayingDaf
v_HorseRace_g12_c02,HorseRace
v_TableTennisShot_g14_c02,TableTennisShot
v_Shotput_g17_c03,Shotput
v_CuttingInKitchen_g11_c04,CuttingInKitchen
v_BabyCrawling_g13_c02,BabyCrawling
v_WalkingWithDog_g23_c03,WalkingWithDog
v_BlowDryHair_g08_c06,BlowDryHair
v_YoYo_g08_c03,YoYo
v_FieldHockeyPenalty_g15_c03,FieldHockeyPenalty
v_Nunchucks_g21_c04,Nunchucks
v_PlayingFlute_g08_c06,PlayingFlute
v_PushUps_g25_c02,PushUps
v_BasketballDunk_g14_c04,BasketballDunk
v_SkateBoarding_g22_c02,SkateBoarding
v_Drumming_g23_c02,Drumming
v_Archery_g15_c07,Archery
v_BrushingTeeth_g08_c02,BrushingTeeth
v_GolfSwing_g08_c01,GolfSwing
v_BaseballPitch_g24_c03,BaseballPitch
v_GolfSwing_g24_c07,GolfSwing
v_BrushingTeeth_g25_c06,BrushingTeeth
v_FrontCrawl_g24_c03,FrontCrawl
v_HulaHoop_g19_c04,HulaHoop
v_Haircut_g22_c05,Haircut
v_BalanceBeam_g20_c02,BalanceBeam
v_HammerThrow_g11_c04,HammerThrow
v_Archery_g13_c06,Archery
v_TaiChi_g14_c02,TaiChi
v_FloorGymnastics_g21_c04,FloorGymnastics
v_Rowing_g25_c04,Rowing
v_HeadMassage_g14_c06,HeadMassage
v_TennisSwing_g23_c06,TennisSwing
v_BreastStroke_g21_c01,BreastStroke
v_Shotput_g08_c02,Shotput
v_TrampolineJumping_g14_c03,TrampolineJumping
v_Basketball_g21_c03,Basketball
v_HandstandWalking_g08_c04,HandstandWalking
v_TableTennisShot_g23_c04,TableTennisShot
v_BlowDryHair_g10_c06,BlowDryHair
v_IceDancing_g18_c05,IceDancing
v_ShavingBeard_g20_c01,ShavingBeard
v_UnevenBars_g24_c03,UnevenBars
v_CricketShot_g10_c07,CricketShot
v_BlowingCandles_g14_c04,BlowingCandles
v_PlayingSitar_g23_c07,PlayingSitar
v_Basketball_g09_c04,Basketball
v_CuttingInKitchen_g08_c04,CuttingInKitchen
v_Biking_g15_c01,Biking
v_RockClimbingIndoor_g10_c02,RockClimbingIndoor
v_IceDancing_g21_c06,IceDancing
v_Surfing_g25_c04,Surfing
v_PlayingDhol_g22_c05,PlayingDhol
v_BasketballDunk_g18_c06,BasketballDunk
v_Skiing_g09_c04,Skiing
v_Swing_g24_c03,Swing
v_FrontCrawl_g20_c06,FrontCrawl
v_Rowing_g10_c03,Rowing
v_HorseRace_g25_c03,HorseRace
v_Nunchucks_g08_c03,Nunchucks
v_BalanceBeam_g18_c01,BalanceBeam
v_CliffDiving_g14_c03,CliffDiving
v_Rowing_g08_c04,Rowing
v_WritingOnBoard_g16_c01,WritingOnBoard
v_Lunges_g18_c02,Lunges
v_PommelHorse_g16_c02,PommelHorse
v_BoxingPunchingBag_g21_c03,BoxingPunchingBag
v_VolleyballSpiking_g13_c02,VolleyballSpiking
v_BlowingCandles_g18_c02,BlowingCandles
v_SoccerJuggling_g12_c06,SoccerJuggling
v_HammerThrow_g16_c04,HammerThrow
v_JavelinThrow_g21_c03,JavelinThrow
v_WritingOnBoard_g22_c04,WritingOnBoard
v_GolfSwing_g19_c04,GolfSwing
v_PlayingViolin_g15_c04,PlayingViolin
v_CricketShot_g22_c03,CricketShot
v_PlayingTabla_g16_c05,PlayingTabla
v_HighJump_g11_c06,HighJump
v_HandstandWalking_g15_c02,HandstandWalking
v_Kayaking_g18_c02,Kayaking
v_SoccerPenalty_g24_c01,SoccerPenalty
v_PlayingCello_g16_c01,PlayingCello
v_FrontCrawl_g16_c01,FrontCrawl
v_BoxingPunchingBag_g14_c02,BoxingPunchingBag
v_SoccerPenalty_g17_c02,SoccerPenalty
v_Swing_g20_c01,Swing
v_HighJump_g24_c04,HighJump
v_PoleVault_g10_c03,PoleVault
v_Typing_g20_c07,Typing
v_SoccerJuggling_g12_c01,SoccerJuggling
v_Surfing_g23_c04,Surfing
v_CleanAndJerk_g13_c04,CleanAndJerk
v_YoYo_g13_c01,YoYo
v_BrushingTeeth_g23_c04,BrushingTeeth
v_HeadMassage_g11_c06,HeadMassage
v_PoleVault_g09_c02,PoleVault
v_Swing_g11_c01,Swing
v_Surfing_g17_c06,Surfing
v_CuttingInKitchen_g08_c03,CuttingInKitchen
v_MilitaryParade_g09_c06,MilitaryParade
v_HandstandWalking_g21_c04,HandstandWalking
v_SoccerJuggling_g17_c04,SoccerJuggling
v_CleanAndJerk_g11_c01,CleanAndJerk
v_PlayingFlute_g15_c04,PlayingFlute
v_PlayingCello_g13_c03,PlayingCello
v_FrontCrawl_g10_c03,FrontCrawl
v_Hammering_g24_c02,Hammering
v_BabyCrawling_g21_c01,BabyCrawling
v_UnevenBars_g19_c04,UnevenBars
v_PlayingFlute_g17_c04,PlayingFlute
v_BlowingCandles_g25_c03,BlowingCandles
v_ShavingBeard_g16_c06,ShavingBeard
v_PullUps_g11_c04,PullUps
v_Mixing_g13_c04,Mixing
v_PlayingTabla_g19_c03,PlayingTabla
v_PlayingDaf_g16_c04,PlayingDaf
v_PushUps_g09_c02,PushUps
v_Bowling_g14_c02,Bowling
v_BlowingCandles_g18_c04,BlowingCandles
v_BlowDryHair_g21_c05,BlowDryHair
v_GolfSwing_g11_c02,GolfSwing
v_Typing_g24_c02,Typing
v_Biking_g24_c04,Biking
v_Surfing_g20_c03,Surfing
v_PlayingTabla_g11_c01,PlayingTabla
v_WalkingWithDog_g22_c02,WalkingWithDog
v_FieldHockeyPenalty_g18_c01,FieldHockeyPenalty
v_ParallelBars_g25_c03,ParallelBars
v_BabyCrawling_g12_c04,BabyCrawling
v_JavelinThrow_g19_c04,JavelinThrow
v_WalkingWithDog_g15_c03,WalkingWithDog
v_PlayingGuitar_g22_c01,PlayingGuitar
v_PushUps_g17_c01,PushUps
v_JugglingBalls_g25_c04,JugglingBalls
v_PlayingTabla_g19_c02,PlayingTabla
v_IceDancing_g10_c02,IceDancing
v_TableTennisShot_g09_c02,TableTennisShot
v_PoleVault_g15_c03,PoleVault
v_Rafting_g16_c04,Rafting
v_Diving_g10_c02,Diving
v_BaseballPitch_g18_c01,BaseballPitch
v_UnevenBars_g13_c04,UnevenBars
v_Billiards_g14_c07,Billiards
v_BrushingTeeth_g11_c03,BrushingTeeth
v_BoxingPunchingBag_g11_c01,BoxingPunchingBag
v_HorseRiding_g15_c02,HorseRiding
v_PlayingTabla_g10_c05,PlayingTabla
v_Skijet_g14_c02,Skijet
v_FloorGymnastics_g09_c03,FloorGymnastics
v_BoxingSpeedBag_g24_c01,BoxingSpeedBag
v_Skijet_g21_c02,Skijet
v_TableTennisShot_g23_c07,TableTennisShot
v_Drumming_g11_c01,Drumming
v_FrisbeeCatch_g25_c04,FrisbeeCatch
v_ApplyLipstick_g19_c01,ApplyLipstick
v_FrisbeeCatch_g24_c02,FrisbeeCatch
v_IceDancing_g11_c02,IceDancing
v_HammerThrow_g23_c05,HammerThrow
v_PizzaTossing_g23_c07,PizzaTossing
v_Nunchucks_g15_c03,Nunchucks
v_Basketball_g23_c04,Basketball
v_JavelinThrow_g19_c03,JavelinThrow
v_Shotput_g10_c04,Shotput
v_PlayingCello_g24_c05,PlayingCello
v_PlayingGuitar_g22_c03,PlayingGuitar
v_Typing_g12_c04,Typing
v_UnevenBars_g22_c02,UnevenBars
v_PlayingDhol_g11_c03,PlayingDhol
v_PizzaTossing_g23_c04,PizzaTossing
v_Biking_g19_c04,Biking
v_PullUps_g20_c02,PullUps
v_Fencing_g21_c04,Fencing
v_PoleVault_g19_c07,PoleVault
v_Nunchucks_g11_c04,Nunchucks
v_GolfSwing_g11_c01,GolfSwing
v_JumpRope_g20_c02,JumpRope
v_WallPushups_g15_c04,WallPushups
v_Basketball_g11_c01,Basketball
v_Skiing_g15_c05,Skiing
v_PlayingDhol_g19_c02,PlayingDhol
v_LongJump_g19_c04,LongJump
v_Biking_g21_c03,Biking
v_Haircut_g15_c03,Haircut
v_PizzaTossing_g08_c01,PizzaTossing
v_PlayingDaf_g23_c05,PlayingDaf
v_TableTennisShot_g17_c04,TableTennisShot
v_SoccerJuggling_g14_c07,SoccerJuggling
v_Drumming_g12_c05,Drumming
v_FloorGymnastics_g22_c01,FloorGymnastics
v_Shotput_g16_c04,Shotput
v_Billiards_g20_c01,Billiards
v_PizzaTossing_g11_c01,PizzaTossing
v_Knitting_g17_c06,Knitting
v_BaseballPitch_g24_c02,BaseballPitch
v_FieldHockeyPenalty_g12_c04,FieldHockeyPenalty
v_BlowDryHair_g15_c01,BlowDryHair
v_Rowing_g09_c02,Rowing
v_Lunges_g14_c05,Lunges
v_ShavingBeard_g21_c02,ShavingBeard
v_Surfing_g23_c03,Surfing
v_VolleyballSpiking_g22_c03,VolleyballSpiking
v_RockClimbingIndoor_g10_c06,RockClimbingIndoor
v_SumoWrestling_g23_c01,SumoWrestling
v_CliffDiving_g17_c04,CliffDiving
v_CricketShot_g25_c03,CricketShot
v_GolfSwing_g25_c03,GolfSwing
v_PlayingCello_g16_c02,PlayingCello
v_JumpRope_g18_c05,JumpRope
v_Basketball_g25_c03,Basketball
v_Fencing_g24_c02,Fencing
v_BandMarching_g20_c03,BandMarching
v_FieldHockeyPenalty_g14_c05,FieldHockeyPenalty
v_Nunchucks_g17_c03,Nunchucks
v_YoYo_g10_c01,YoYo
v_PoleVault_g17_c01,PoleVault
v_BalanceBeam_g18_c02,BalanceBeam
v_LongJump_g25_c01,LongJump
v_PlayingCello_g16_c06,PlayingCello
v_FieldHockeyPenalty_g21_c02,FieldHockeyPenalty
v_PlayingViolin_g08_c02,PlayingViolin
v_Hammering_g21_c05,Hammering
v_Haircut_g08_c03,Haircut
v_CricketShot_g23_c05,CricketShot
v_Shotput_g18_c02,Shotput
v_FrontCrawl_g23_c01,FrontCrawl
v_FrontCrawl_g09_c06,FrontCrawl
v_BlowingCandles_g12_c01,BlowingCandles
v_MilitaryParade_g08_c05,MilitaryParade
v_JavelinThrow_g13_c04,JavelinThrow
v_JavelinThrow_g15_c05,JavelinThrow
v_HandstandWalking_g12_c04,HandstandWalking
v_StillRings_g13_c04,StillRings
v_HandstandWalking_g09_c03,HandstandWalking
v_PlayingDhol_g17_c05,PlayingDhol
v_CliffDiving_g11_c01,CliffDiving
v_Typing_g25_c03,Typing
v_BodyWeightSquats_g20_c02,BodyWeightSquats
v_Nunchucks_g15_c04,Nunchucks
v_Typing_g15_c03,Typing
v_Basketball_g10_c02,Basketball
v_PlayingFlute_g08_c03,PlayingFlute
v_SoccerPenalty_g16_c04,SoccerPenalty
v_FloorGymnastics_g12_c01,FloorGymnastics
v_PushUps_g21_c03,PushUps
v_ShavingBeard_g12_c02,ShavingBeard
v_PullUps_g15_c04,PullUps
v_BasketballDunk_g20_c03,BasketballDunk
v_HeadMassage_g14_c01,HeadMassage
v_BandMarching_g15_c01,BandMarching
v_SkyDiving_g16_c02,SkyDiving
v_WallPushups_g20_c01,WallPushups
v_HulaHoop_g18_c03,HulaHoop
v_HorseRace_g18_c01,HorseRace
v_WalkingWithDog_g25_c02,WalkingWithDog
v_Fencing_g08_c04,Fencing
v_Bowling_g24_c01,Bowling
v_Nunchucks_g24_c04,Nunchucks
v_Kayaking_g20_c01,Kayaking
v_PullUps_g13_c03,PullUps
v_ShavingBeard_g24_c03,ShavingBeard
v_HeadMassage_g12_c06,HeadMassage
v_BabyCrawling_g17_c03,BabyCrawling
v_ShavingBeard_g08_c01,ShavingBeard
v_PlayingGuitar_g22_c04,PlayingGuitar
v_PoleVault_g20_c01,PoleVault
v_SkyDiving_g09_c04,SkyDiving
v_JumpRope_g13_c02,JumpRope
v_Knitting_g14_c04,Knitting
v_HighJump_g13_c03,HighJump
v_GolfSwing_g22_c06,GolfSwing
v_IceDancing_g09_c03,IceDancing
v_LongJump_g18_c01,LongJump
v_WritingOnBoard_g17_c02,WritingOnBoard
v_TableTennisShot_g20_c03,TableTennisShot
v_BlowDryHair_g20_c04,BlowDryHair
v_Kayaking_g22_c07,Kayaking
v_PlayingGuitar_g20_c05,PlayingGuitar
v_BenchPress_g17_c05,BenchPress
v_BaseballPitch_g15_c05,BaseballPitch
v_ShavingBeard_g18_c03,ShavingBeard
v_SkateBoarding_g10_c02,SkateBoarding
v_UnevenBars_g24_c04,UnevenBars
v_BlowDryHair_g11_c07,BlowDryHair
v_PlayingDhol_g12_c05,PlayingDhol
v_BenchPress_g15_c04,BenchPress
v_JumpingJack_g24_c03,JumpingJack
v_Lunges_g19_c05,Lunges
v_TennisSwing_g25_c02,TennisSwing
v_Skiing_g15_c03,Skiing
v_Billiards_g13_c06,Billiards
v_Rowing_g17_c03,Rowing
v_Diving_g19_c01,Diving
v_MoppingFloor_g09_c02,MoppingFloor
v_Nunchucks_g15_c06,Nunchucks
v_ShavingBeard_g10_c02,ShavingBeard
v_SkateBoarding_g17_c02,SkateBoarding
v_StillRings_g08_c03,StillRings
v_FrisbeeCatch_g12_c01,FrisbeeCatch
v_BlowDryHair_g15_c04,BlowDryHair
v_WritingOnBoard_g19_c01,WritingOnBoard
v_FloorGymnastics_g17_c05,FloorGymnastics
v_Haircut_g20_c01,Haircut
v_IceDancing_g16_c04,IceDancing
v_CuttingInKitchen_g24_c01,CuttingInKitchen
v_WalkingWithDog_g10_c05,WalkingWithDog
v_HorseRace_g12_c03,HorseRace
v_Diving_g09_c05,Diving
v_PlayingDhol_g10_c05,PlayingDhol
v_PlayingDaf_g24_c02,PlayingDaf
v_Haircut_g08_c06,Haircut
v_BrushingTeeth_g14_c02,BrushingTeeth
v_BlowDryHair_g19_c02,BlowDryHair
v_FieldHockeyPenalty_g17_c01,FieldHockeyPenalty
v_PizzaTossing_g15_c04,PizzaTossing
v_TrampolineJumping_g15_c04,TrampolineJumping
v_PlayingCello_g16_c07,PlayingCello
v_Mixing_g08_c01,Mixing
v_TaiChi_g09_c01,TaiChi
v_BlowingCandles_g09_c01,BlowingCandles
v_PommelHorse_g15_c03,PommelHorse
v_RopeClimbing_g23_c04,RopeClimbing
v_TrampolineJumping_g15_c02,TrampolineJumping
v_BoxingSpeedBag_g19_c04,BoxingSpeedBag
v_Rowing_g09_c04,Rowing
v_Bowling_g08_c02,Bowling
v_PlayingFlute_g21_c02,PlayingFlute
v_Shotput_g22_c05,Shotput
v_FloorGymnastics_g12_c03,FloorGymnastics
v_Nunchucks_g21_c01,Nunchucks
v_BabyCrawling_g18_c03,BabyCrawling
v_PullUps_g14_c01,PullUps
v_BrushingTeeth_g18_c03,BrushingTeeth
v_Knitting_g12_c02,Knitting
v_PushUps_g17_c03,PushUps
v_PullUps_g11_c03,PullUps
v_RockClimbingIndoor_g21_c05,RockClimbingIndoor
v_Mixing_g15_c03,Mixing
v_BlowDryHair_g23_c07,BlowDryHair
v_TrampolineJumping_g25_c01,TrampolineJumping
v_BabyCrawling_g12_c02,BabyCrawling
v_RopeClimbing_g25_c05,RopeClimbing
v_Basketball_g10_c05,Basketball
v_PoleVault_g23_c03,PoleVault
v_Billiards_g24_c03,Billiards
v_PlayingDhol_g18_c04,PlayingDhol
v_SumoWrestling_g12_c05,SumoWrestling
v_TableTennisShot_g25_c06,TableTennisShot
v_PlayingSitar_g20_c05,PlayingSitar
v_CricketBowling_g09_c01,CricketBowling
v_FloorGymnastics_g25_c02,FloorGymnastics
v_RockClimbingIndoor_g24_c07,RockClimbingIndoor
v_StillRings_g21_c03,StillRings
v_ApplyLipstick_g14_c01,ApplyLipstick
v_CleanAndJerk_g14_c06,CleanAndJerk
v_ParallelBars_g13_c04,ParallelBars
v_Knitting_g12_c01,Knitting
v_IceDancing_g15_c01,IceDancing
v_CricketShot_g12_c07,CricketShot
v_HammerThrow_g22_c04,HammerThrow
v_Lunges_g14_c06,Lunges
v_Hammering_g21_c06,Hammering
v_ApplyLipstick_g13_c04,ApplyLipstick
v_BenchPress_g12_c02,BenchPress
v_PoleVault_g18_c04,PoleVault
v_HandstandWalking_g16_c01,HandstandWalking
v_Basketball_g20_c03,Basketball
v_MilitaryParade_g19_c05,MilitaryParade
v_SoccerJuggling_g22_c02,SoccerJuggling
v_Kayaking_g12_c02,Kayaking
v_BreastStroke_g20_c03,BreastStroke
v_VolleyballSpiking_g09_c05,VolleyballSpiking
v_PlayingDaf_g13_c02,PlayingDaf
v_BrushingTeeth_g13_c02,BrushingTeeth
v_HandStandPushups_g17_c02,HandStandPushups
v_JumpingJack_g19_c01,JumpingJack
v_Punch_g23_c02,Punch
v_TennisSwing_g19_c03,TennisSwing
v_SoccerJuggling_g19_c05,SoccerJuggling
v_Rafting_g22_c04,Rafting
v_SalsaSpin_g09_c06,SalsaSpin
v_JumpingJack_g14_c04,JumpingJack
v_BlowingCandles_g20_c03,BlowingCandles
v_BasketballDunk_g15_c01,BasketballDunk
v_WallPushups_g13_c01,WallPushups
v_Drumming_g13_c06,Drumming
v_BasketballDunk_g23_c03,BasketballDunk
v_BodyWeightSquats_g14_c04,BodyWeightSquats
v_TaiChi_g20_c01,TaiChi
v_Mixing_g11_c06,Mixing
v_PlayingGuitar_g24_c01,PlayingGuitar
v_Drumming_g18_c01,Drumming
v_PlayingCello_g20_c02,PlayingCello
v_TableTennisShot_g15_c01,TableTennisShot
v_Rafting_g08_c02,Rafting
v_PlayingSitar_g09_c07,PlayingSitar
v_HandStandPushups_g16_c02,HandStandPushups
v_Bowling_g18_c01,Bowling
v_BandMarching_g14_c03,BandMarching
v_CricketShot_g24_c07,CricketShot
v_Billiards_g17_c02,Billiards
v_PommelHorse_g17_c01,PommelHorse
v_CuttingInKitchen_g11_c01,CuttingInKitchen
v_FrontCrawl_g08_c02,FrontCrawl
v_ApplyEyeMakeup_g25_c07,ApplyEyeMakeup
v_PlayingDhol_g10_c04,PlayingDhol
v_PlayingCello_g17_c05,PlayingCello
v_MilitaryParade_g21_c03,MilitaryParade
v_JumpingJack_g19_c03,JumpingJack
v_FrisbeeCatch_g22_c03,FrisbeeCatch
v_TaiChi_g20_c03,TaiChi
v_JugglingBalls_g16_c02,JugglingBalls
v_BalanceBeam_g18_c04,BalanceBeam
v_RockClimbingIndoor_g21_c02,RockClimbingIndoor
v_HeadMassage_g16_c02,HeadMassage
v_VolleyballSpiking_g22_c02,VolleyballSpiking
v_BrushingTeeth_g17_c03,BrushingTeeth
v_PlayingGuitar_g17_c07,PlayingGuitar
v_PlayingDhol_g08_c03,PlayingDhol
v_BreastStroke_g10_c01,BreastStroke
v_HeadMassage_g11_c03,HeadMassage
v_SoccerJuggling_g10_c01,SoccerJuggling
v_Drumming_g11_c06,Drumming
v_HandStandPushups_g09_c01,HandStandPushups
v_Surfing_g17_c07,Surfing
v_WalkingWithDog_g20_c06,WalkingWithDog
v_PlayingDhol_g11_c07,PlayingDhol
v_Mixing_g13_c06,Mixing
v_TaiChi_g14_c01,TaiChi
v_BasketballDunk_g19_c02,BasketballDunk
v_Rafting_g18_c03,Rafting
v_PlayingDhol_g17_c02,PlayingDhol
v_TennisSwing_g11_c01,TennisSwing
v_CleanAndJerk_g23_c03,CleanAndJerk
v_ParallelBars_g20_c01,ParallelBars
v_BenchPress_g25_c05,BenchPress
v_CricketBowling_g11_c05,CricketBowling
v_PlayingPiano_g16_c01,PlayingPiano
v_BoxingPunchingBag_g12_c06,BoxingPunchingBag
v_RopeClimbing_g10_c05,RopeClimbing
v_TennisSwing_g17_c01,TennisSwing
v_BodyWeightSquats_g16_c03,BodyWeightSquats
v_TennisSwing_g24_c03,TennisSwing
v_Billiards_g11_c01,Billiards
v_Skijet_g16_c01,Skijet
v_Diving_g23_c04,Diving
v_PlayingPiano_g21_c03,PlayingPiano
v_IceDancing_g13_c02,IceDancing
v_Swing_g11_c05,Swing
v_RockClimbingIndoor_g13_c05,RockClimbingIndoor
v_Mixing_g14_c01,Mixing
v_BoxingPunchingBag_g08_c04,BoxingPunchingBag
v_PushUps_g10_c03,PushUps
v_PommelHorse_g10_c01,PommelHorse
v_ShavingBeard_g22_c01,ShavingBeard
v_PlayingCello_g15_c05,PlayingCello
v_Punch_g22_c03,Punch
v_HeadMassage_g22_c06,HeadMassage
v_ShavingBeard_g17_c04,ShavingBeard
v_RockClimbingIndoor_g23_c04,RockClimbingIndoor
v_HandStandPushups_g15_c06,HandStandPushups
v_Typing_g12_c03,Typing
v_BoxingPunchingBag_g19_c06,BoxingPunchingBag
v_RockClimbingIndoor_g23_c06,RockClimbingIndoor
v_Surfing_g12_c06,Surfing
v_WritingOnBoard_g20_c07,WritingOnBoard
v_LongJump_g11_c04,LongJump
v_PlayingSitar_g22_c02,PlayingSitar
v_Nunchucks_g22_c01,Nunchucks
v_JumpingJack_g25_c04,JumpingJack
v_CliffDiving_g18_c02,CliffDiving
v_Biking_g24_c07,Biking
v_Diving_g11_c02,Diving
v_Nunchucks_g12_c04,Nunchucks
v_BlowingCandles_g17_c02,BlowingCandles
v_BlowDryHair_g10_c03,BlowDryHair
v_SalsaSpin_g11_c02,SalsaSpin
v_SoccerPenalty_g14_c02,SoccerPenalty
v_BreastStroke_g08_c04,BreastStroke
v_RockClimbingIndoor_g12_c03,RockClimbingIndoor
v_PommelHorse_g19_c05,PommelHorse
v_SkyDiving_g16_c04,SkyDiving
v_Biking_g10_c02,Biking
v_BandMarching_g15_c05,BandMarching
v_Shotput_g15_c06,Shotput
v_Typing_g09_c06,Typing
v_Basketball_g14_c03,Basketball
v_HandstandWalking_g19_c03,HandstandWalking
v_SumoWrestling_g25_c04,SumoWrestling
v_ShavingBeard_g18_c04,ShavingBeard
v_BreastStroke_g13_c02,BreastStroke
v_PlayingFlute_g21_c05,PlayingFlute
v_ShavingBeard_g08_c06,ShavingBeard
v_Skijet_g24_c01,Skijet
v_Biking_g18_c05,Biking
v_BrushingTeeth_g12_c06,BrushingTeeth
v_Rafting_g12_c02,Rafting
v_CliffDiving_g19_c04,CliffDiving
v_BasketballDunk_g22_c04,BasketballDunk
v_JugglingBalls_g09_c01,JugglingBalls
v_FloorGymnastics_g19_c04,FloorGymnastics
v_Archery_g21_c01,Archery
v_Nunchucks_g17_c05,Nunchucks
v_HorseRace_g18_c03,HorseRace
v_PlayingFlute_g11_c01,PlayingFlute
v_Archery_g18_c04,Archery
v_CricketBowling_g16_c04,CricketBowling
v_BalanceBeam_g17_c02,BalanceBeam
v_BreastStroke_g17_c01,BreastStroke
v_FloorGymnastics_g20_c04,FloorGymnastics
v_TableTennisShot_g25_c02,TableTennisShot
v_CricketBowling_g11_c03,CricketBowling
v_CuttingInKitchen_g16_c04,CuttingInKitchen
v_JumpRope_g13_c04,JumpRope
v_ApplyEyeMakeup_g16_c01,ApplyEyeMakeup
v_UnevenBars_g20_c04,UnevenBars
v_TaiChi_g24_c03,TaiChi
v_HighJump_g19_c04,HighJump
v_HandStandPushups_g18_c04,HandStandPushups
v_HammerThrow_g10_c07,HammerThrow
v_Typing_g14_c02,Typing
v_Hammering_g23_c05,Hammering
v_CliffDiving_g17_c03,CliffDiving
v_HorseRiding_g16_c03,HorseRiding
v_WritingOnBoard_g25_c04,WritingOnBoard
v_WallPushups_g19_c02,WallPushups
v_BabyCrawling_g19_c05,BabyCrawling
v_TrampolineJumping_g19_c05,TrampolineJumping
v_Bowling_g17_c06,Bowling
v_ShavingBeard_g24_c07,ShavingBeard
v_CleanAndJerk_g23_c02,CleanAndJerk
v_GolfSwing_g16_c02,GolfSwing
v_JumpRope_g09_c05,JumpRope
v_PoleVault_g25_c07,PoleVault
v_Biking_g09_c02,Biking
v_PlayingFlute_g12_c02,PlayingFlute
v_PlayingGuitar_g17_c03,PlayingGuitar
v_BoxingPunchingBag_g20_c02,BoxingPunchingBag
v_PlayingFlute_g23_c05,PlayingFlute
v_HorseRace_g11_c07,HorseRace
v_SalsaSpin_g14_c04,SalsaSpin
v_SalsaSpin_g10_c05,SalsaSpin
v_HandStandPushups_g22_c01,HandStandPushups
v_PlayingGuitar_g25_c05,PlayingGuitar
v_BandMarching_g19_c07,BandMarching
v_JumpRope_g20_c07,JumpRope
v_Punch_g08_c03,Punch
v_SoccerPenalty_g11_c05,SoccerPenalty
v_BoxingPunchingBag_g19_c04,BoxingPunchingBag
v_WritingOnBoard_g15_c01,WritingOnBoard
v_Drumming_g11_c02,Drumming
v_PushUps_g23_c02,PushUps
v_PlayingPiano_g09_c02,PlayingPiano
v_ShavingBeard_g22_c03,ShavingBeard
v_PlayingViolin_g14_c01,PlayingViolin
v_CricketShot_g09_c02,CricketShot
v_TaiChi_g23_c01,TaiChi
v_BoxingPunchingBag_g14_c05,BoxingPunchingBag
v_BrushingTeeth_g21_c01,BrushingTeeth
v_SoccerPenalty_g21_c05,SoccerPenalty
v_Lunges_g24_c04,Lunges
v_BaseballPitch_g14_c02,BaseballPitch
v_Basketball_g20_c01,Basketball
v_CricketShot_g19_c03,CricketShot
v_BrushingTeeth_g22_c06,BrushingTeeth
v_Punch_g08_c06,Punch
v_Lunges_g17_c04,Lunges
v_SkateBoarding_g18_c03,SkateBoarding
v_Biking_g17_c05,Biking
v_HandstandWalking_g18_c07,HandstandWalking
v_ParallelBars_g13_c03,ParallelBars
v_BalanceBeam_g14_c02,BalanceBeam
v_Skiing_g23_c02,Skiing
v_HighJump_g22_c03,HighJump
v_BreastStroke_g10_c03,BreastStroke
v_PlayingPiano_g11_c02,PlayingPiano
v_PlayingSitar_g22_c04,PlayingSitar
v_JavelinThrow_g16_c01,JavelinThrow
v_PlayingGuitar_g20_c02,PlayingGuitar
v_TennisSwing_g22_c01,TennisSwing
v_CliffDiving_g10_c03,CliffDiving
v_JavelinThrow_g24_c02,JavelinThrow
v_Archery_g15_c05,Archery
v_PoleVault_g16_c07,PoleVault
v_Bowling_g13_c06,Bowling
v_PlayingGuitar_g13_c05,PlayingGuitar
v_PoleVault_g24_c02,PoleVault
v_HeadMassage_g14_c07,HeadMassage
v_CricketShot_g22_c01,CricketShot
v_BlowDryHair_g15_c03,BlowDryHair
v_Skiing_g13_c05,Skiing
v_BrushingTeeth_g18_c02,BrushingTeeth
v_PlayingCello_g15_c01,PlayingCello
v_TableTennisShot_g23_c06,TableTennisShot
v_SoccerJuggling_g09_c02,SoccerJuggling
v_IceDancing_g19_c04,IceDancing
v_Fencing_g23_c01,Fencing
v_JumpingJack_g16_c03,JumpingJack
v_SumoWrestling_g18_c03,SumoWrestling
v_PlayingGuitar_g13_c07,PlayingGuitar
v_CricketBowling_g17_c03,CricketBowling
v_Hammering_g11_c04,Hammering
v_FloorGymnastics_g25_c01,FloorGymnastics
v_TennisSwing_g15_c05,TennisSwing
v_ParallelBars_g09_c01,ParallelBars
v_LongJump_g12_c02,LongJump
v_Bowling_g13_c03,Bowling
v_CricketBowling_g15_c04,CricketBowling
v_YoYo_g14_c01,YoYo
v_BandMarching_g21_c04,BandMarching
v_Rowing_g20_c03,Rowing
v_MilitaryParade_g21_c02,MilitaryParade
v_BaseballPitch_g20_c02,BaseballPitch
v_BoxingPunchingBag_g14_c04,BoxingPunchingBag
v_CricketShot_g11_c06,CricketShot
v_HulaHoop_g18_c02,HulaHoop
v_GolfSwing_g17_c04,GolfSwing
v_HandstandWalking_g10_c01,HandstandWalking
v_PlayingDhol_g13_c05,PlayingDhol
v_WritingOnBoard_g10_c07,WritingOnBoard
v_Kayaking_g20_c07,Kayaking
v_StillRings_g18_c04,StillRings
v_BasketballDunk_g12_c05,BasketballDunk
v_ApplyLipstick_g15_c03,ApplyLipstick
v_JumpingJack_g23_c04,JumpingJack
v_WallPushups_g09_c01,WallPushups
v_BabyCrawling_g21_c03,BabyCrawling
v_LongJump_g12_c04,LongJump
v_LongJump_g14_c02,LongJump
v_YoYo_g19_c01,YoYo
v_PlayingSitar_g23_c04,PlayingSitar
v_HorseRace_g16_c01,HorseRace
v_BoxingSpeedBag_g22_c03,BoxingSpeedBag
v_SoccerJuggling_g13_c01,SoccerJuggling
v_PlayingTabla_g16_c04,PlayingTabla
v_Haircut_g24_c07,Haircut
v_Lunges_g17_c02,Lunges
v_Shotput_g12_c01,Shotput
v_HulaHoop_g16_c04,HulaHoop
v_Rafting_g23_c04,Rafting
v_Lunges_g08_c01,Lunges
v_PlayingDaf_g14_c04,PlayingDaf
v_Rowing_g23_c05,Rowing
v_BlowDryHair_g11_c02,BlowDryHair
v_Drumming_g19_c05,Drumming
v_Kayaking_g24_c03,Kayaking
v_SkateBoarding_g21_c03,SkateBoarding
v_ApplyLipstick_g20_c01,ApplyLipstick
v_IceDancing_g14_c04,IceDancing
v_Shotput_g20_c04,Shotput
v_IceDancing_g10_c05,IceDancing
v_SkateBoarding_g08_c01,SkateBoarding
v_HighJump_g16_c04,HighJump
v_CuttingInKitchen_g10_c05,CuttingInKitchen
v_StillRings_g21_c07,StillRings
v_HorseRiding_g09_c02,HorseRiding
v_VolleyballSpiking_g25_c04,VolleyballSpiking
v_BlowingCandles_g10_c02,BlowingCandles
v_FloorGymnastics_g22_c04,FloorGymnastics
v_FieldHockeyPenalty_g24_c04,FieldHockeyPenalty
v_FrisbeeCatch_g21_c03,FrisbeeCatch
v_Punch_g17_c07,Punch
v_HorseRiding_g18_c01,HorseRiding
v_CuttingInKitchen_g20_c03,CuttingInKitchen
v_RockClimbingIndoor_g25_c01,RockClimbingIndoor
v_PlayingPiano_g23_c04,PlayingPiano
v_PlayingFlute_g11_c05,PlayingFlute
v_Knitting_g25_c05,Knitting
v_BenchPress_g15_c03,BenchPress
v_Nunchucks_g19_c02,Nunchucks
v_Basketball_g21_c05,Basketball
v_BandMarching_g09_c07,BandMarching
v_Lunges_g09_c02,Lunges
v_FieldHockeyPenalty_g11_c03,FieldHockeyPenalty
v_SalsaSpin_g11_c04,SalsaSpin
v_BoxingPunchingBag_g22_c07,BoxingPunchingBag
v_WallPushups_g22_c04,WallPushups
v_RopeClimbing_g17_c05,RopeClimbing
v_Bowling_g14_c01,Bowling
v_TrampolineJumping_g09_c04,TrampolineJumping
v_Kayaking_g23_c05,Kayaking
v_HighJump_g25_c03,HighJump
v_Billiards_g14_c02,Billiards
v_BaseballPitch_g10_c02,BaseballPitch
v_SoccerJuggling_g25_c04,SoccerJuggling
v_MoppingFloor_g11_c03,MoppingFloor
v_PlayingSitar_g20_c02,PlayingSitar
v_ParallelBars_g15_c04,ParallelBars
v_BlowingCandles_g15_c02,BlowingCandles
v_PoleVault_g24_c03,PoleVault
v_PlayingCello_g14_c02,PlayingCello
v_WritingOnBoard_g14_c03,WritingOnBoard
v_Skiing_g17_c03,Skiing
v_BlowDryHair_g13_c04,BlowDryHair
v_Drumming_g10_c07,Drumming
v_Punch_g12_c07,Punch
v_CuttingInKitchen_g14_c03,CuttingInKitchen
v_Archery_g20_c01,Archery
v_Shotput_g12_c03,Shotput
v_BoxingPunchingBag_g21_c01,BoxingPunchingBag
v_Rowing_g18_c04,Rowing
v_BoxingPunchingBag_g22_c05,BoxingPunchingBag
v_PizzaTossing_g11_c04,PizzaTossing
v_SumoWrestling_g19_c04,SumoWrestling
v_ThrowDiscus_g25_c02,ThrowDiscus
v_BaseballPitch_g13_c06,BaseballPitch
v_StillRings_g13_c01,StillRings
v_Diving_g22_c02,Diving
v_PlayingTabla_g21_c04,PlayingTabla
v_PlayingSitar_g23_c02,PlayingSitar
v_WallPushups_g25_c03,WallPushups
v_MoppingFloor_g17_c04,MoppingFloor
v_Basketball_g15_c03,Basketball
v_Punch_g14_c06,Punch
v_HighJump_g21_c03,HighJump
v_PlayingTabla_g10_c03,PlayingTabla
v_HorseRace_g20_c05,HorseRace
v_GolfSwing_g11_c06,GolfSwing
v_Nunchucks_g11_c05,Nunchucks
v_Shotput_g08_c04,Shotput
v_PlayingSitar_g12_c03,PlayingSitar
v_PizzaTossing_g13_c02,PizzaTossing
v_PlayingDaf_g13_c01,PlayingDaf
v_SoccerJuggling_g16_c04,SoccerJuggling
v_SalsaSpin_g21_c01,SalsaSpin
v_Diving_g11_c06,Diving
v_SoccerPenalty_g12_c05,SoccerPenalty
v_LongJump_g23_c03,LongJump
v_Kayaking_g11_c03,Kayaking
v_ApplyEyeMakeup_g15_c04,ApplyEyeMakeup
v_JugglingBalls_g15_c02,JugglingBalls
v_Surfing_g19_c01,Surfing
v_PlayingCello_g17_c06,PlayingCello
v_Punch_g25_c01,Punch
v_TrampolineJumping_g18_c04,TrampolineJumping
v_Billiards_g17_c05,Billiards
v_CricketShot_g11_c02,CricketShot
v_Surfing_g20_c06,Surfing
v_GolfSwing_g18_c04,GolfSwing
v_PlayingTabla_g12_c04,PlayingTabla
v_CuttingInKitchen_g16_c03,CuttingInKitchen
v_Shotput_g11_c07,Shotput
v_HorseRiding_g16_c06,HorseRiding
v_Skiing_g25_c04,Skiing
v_SoccerJuggling_g11_c02,SoccerJuggling
v_PushUps_g08_c03,PushUps
v_JumpingJack_g19_c05,JumpingJack
v_Surfing_g23_c02,Surfing
v_Knitting_g19_c04,Knitting
v_StillRings_g24_c04,StillRings
v_Drumming_g09_c04,Drumming
v_BrushingTeeth_g24_c06,BrushingTeeth
v_SkateBoarding_g09_c01,SkateBoarding
v_BrushingTeeth_g12_c02,BrushingTeeth
v_WritingOnBoard_g11_c05,WritingOnBoard
v_Bowling_g21_c06,Bowling
v_Punch_g08_c01,Punch
v_Archery_g15_c01,Archery
v_Mixing_g09_c04,Mixing
v_Drumming_g20_c04,Drumming
v_HorseRace_g22_c03,HorseRace
v_BandMarching_g09_c05,BandMarching
v_CleanAndJerk_g20_c04,CleanAndJerk
v_SoccerJuggling_g17_c03,SoccerJuggling
v_Rowing_g13_c01,Rowing
v_Kayaking_g25_c04,Kayaking
v_CricketBowling_g14_c02,CricketBowling
v_JugglingBalls_g14_c05,JugglingBalls
v_WalkingWithDog_g18_c04,WalkingWithDog
v_BasketballDunk_g20_c01,BasketballDunk
v_Rowing_g24_c05,Rowing
v_StillRings_g25_c02,StillRings
v_PlayingFlute_g21_c01,PlayingFlute
v_TableTennisShot_g19_c03,TableTennisShot
v_GolfSwing_g08_c03,GolfSwing
v_BenchPress_g10_c02,BenchPress
v_Punch_g21_c01,Punch
v_SkateBoarding_g10_c06,SkateBoarding
v_ApplyEyeMakeup_g11_c02,ApplyEyeMakeup
v_Swing_g24_c04,Swing
v_PullUps_g10_c03,PullUps
v_BrushingTeeth_g20_c03,BrushingTeeth
v_Nunchucks_g16_c01,Nunchucks
v_HulaHoop_g24_c01,HulaHoop
v_Mixing_g20_c04,Mixing
v_Bowling_g08_c01,Bowling
v_ShavingBeard_g25_c01,ShavingBeard
v_BaseballPitch_g13_c01,BaseballPitch
v_PommelHorse_g15_c04,PommelHorse
v_Knitting_g08_c03,Knitting
v_StillRings_g13_c03,StillRings
v_Punch_g16_c07,Punch
v_ParallelBars_g20_c04,ParallelBars
v_Fencing_g09_c01,Fencing
v_BoxingSpeedBag_g15_c06,BoxingSpeedBag
v_Nunchucks_g09_c04,Nunchucks
v_PizzaTossing_g16_c04,PizzaTossing
v_Punch_g08_c07,Punch
v_PlayingDaf_g20_c05,PlayingDaf
v_Skiing_g19_c03,Skiing
v_Bowling_g16_c03,Bowling
v_ThrowDiscus_g21_c07,ThrowDiscus
v_RopeClimbing_g24_c03,RopeClimbing
v_FrontCrawl_g08_c03,FrontCrawl
v_YoYo_g21_c04,YoYo
v_Rowing_g25_c03,Rowing
v_TableTennisShot_g20_c04,TableTennisShot
v_Skiing_g20_c05,Skiing
v_FloorGymnastics_g23_c02,FloorGymnastics
v_Typing_g14_c01,Typing
v_JugglingBalls_g24_c02,JugglingBalls
v_BabyCrawling_g18_c01,BabyCrawling
v_WritingOnBoard_g10_c02,WritingOnBoard
v_Bowling_g17_c01,Bowling
v_BalanceBeam_g17_c03,BalanceBeam
v_HulaHoop_g17_c03,HulaHoop
v_TrampolineJumping_g22_c04,TrampolineJumping
v_RopeClimbing_g11_c03,RopeClimbing
v_WalkingWithDog_g11_c04,WalkingWithDog
v_BlowingCandles_g15_c04,BlowingCandles
v_Rowing_g12_c02,Rowing
v_SoccerPenalty_g25_c02,SoccerPenalty
v_SumoWrestling_g13_c03,SumoWrestling
v_JumpingJack_g15_c02,JumpingJack
v_PommelHorse_g22_c02,PommelHorse
v_Lunges_g23_c06,Lunges
v_Skiing_g14_c04,Skiing
v_CliffDiving_g12_c03,CliffDiving
v_Rowing_g15_c04,Rowing
v_Knitting_g09_c05,Knitting
v_MilitaryParade_g17_c02,MilitaryParade
v_FieldHockeyPenalty_g10_c03,FieldHockeyPenalty
v_BenchPress_g24_c07,BenchPress
v_YoYo_g12_c04,YoYo
v_CricketShot_g25_c06,CricketShot
v_JugglingBalls_g09_c06,JugglingBalls
v_Diving_g12_c07,Diving
v_HeadMassage_g12_c05,HeadMassage
v_BrushingTeeth_g17_c01,BrushingTeeth
v_UnevenBars_g20_c01,UnevenBars
v_Haircut_g21_c03,Haircut
v_JavelinThrow_g24_c04,JavelinThrow
v_HighJump_g21_c01,HighJump
v_Billiards_g21_c05,Billiards
v_ShavingBeard_g23_c02,ShavingBeard
v_Kayaking_g11_c01,Kayaking
v_Knitting_g08_c01,Knitting
v_HighJump_g13_c05,HighJump
v_BandMarching_g19_c05,BandMarching
v_Knitting_g17_c04,Knitting
v_Skiing_g19_c02,Skiing
v_WallPushups_g21_c03,WallPushups
v_Punch_g09_c03,Punch
v_ApplyEyeMakeup_g15_c05,ApplyEyeMakeup
v_Drumming_g16_c01,Drumming
v_BlowDryHair_g14_c04,BlowDryHair
v_FloorGymnastics_g18_c04,FloorGymnastics
v_HorseRace_g24_c03,HorseRace
v_Drumming_g17_c03,Drumming
v_BlowingCandles_g19_c01,BlowingCandles
v_JavelinThrow_g24_c05,JavelinThrow
v_HammerThrow_g22_c01,HammerThrow
v_HammerThrow_g12_c04,HammerThrow
v_BoxingPunchingBag_g19_c07,BoxingPunchingBag
v_Biking_g08_c02,Biking
v_MilitaryParade_g10_c01,MilitaryParade
v_RockClimbingIndoor_g20_c03,RockClimbingIndoor
v_LongJump_g19_c01,LongJump
v_SalsaSpin_g08_c05,SalsaSpin
v_ShavingBeard_g14_c06,ShavingBeard
v_Typing_g25_c02,Typing
v_TaiChi_g13_c04,TaiChi
v_HeadMassage_g15_c01,HeadMassage
v_PushUps_g11_c02,PushUps
v_CleanAndJerk_g09_c04,CleanAndJerk
v_HulaHoop_g10_c03,HulaHoop
v_BodyWeightSquats_g15_c04,BodyWeightSquats
v_VolleyballSpiking_g10_c02,VolleyballSpiking
v_Diving_g13_c03,Diving
v_Diving_g21_c02,Diving
v_BenchPress_g08_c06,BenchPress
v_BlowDryHair_g11_c05,BlowDryHair
v_SoccerPenalty_g18_c04,SoccerPenalty
v_PommelHorse_g16_c04,PommelHorse
v_Biking_g24_c01,Biking
v_BrushingTeeth_g14_c03,BrushingTeeth
v_SkyDiving_g12_c01,SkyDiving
v_HulaHoop_g24_c02,HulaHoop
v_BasketballDunk_g19_c01,BasketballDunk
v_FrontCrawl_g17_c04,FrontCrawl
v_PlayingCello_g19_c06,PlayingCello
v_Rowing_g19_c03,Rowing
v_SkyDiving_g15_c05,SkyDiving
v_Skiing_g17_c01,Skiing
v_Kayaking_g16_c01,Kayaking
v_Archery_g10_c06,Archery
v_BoxingSpeedBag_g10_c01,BoxingSpeedBag
v_SoccerPenalty_g15_c06,SoccerPenalty
v_WalkingWithDog_g13_c04,WalkingWithDog
v_Knitting_g21_c01,Knitting
v_BenchPress_g11_c03,BenchPress
v_Basketball_g20_c04,Basketball
v_JumpingJack_g23_c01,JumpingJack
v_CliffDiving_g19_c01,CliffDiving
v_Typing_g20_c03,Typing
v_Archery_g16_c01,Archery
v_Lunges_g18_c01,Lunges
v_FrisbeeCatch_g19_c04,FrisbeeCatch
v_PlayingFlute_g18_c02,PlayingFlute
v_HeadMassage_g20_c01,HeadMassage
v_LongJump_g15_c03,LongJump
v_Haircut_g09_c04,Haircut
v_BoxingPunchingBag_g23_c01,BoxingPunchingBag
v_Kayaking_g11_c05,Kayaking
v_TaiChi_g22_c02,TaiChi
v_JumpRope_g11_c04,JumpRope
v_SoccerJuggling_g16_c02,SoccerJuggling
v_HandStandPushups_g19_c04,HandStandPushups
v_GolfSwing_g21_c01,GolfSwing
v_FrontCrawl_g19_c03,FrontCrawl
v_ThrowDiscus_g18_c02,ThrowDiscus
v_CleanAndJerk_g13_c03,CleanAndJerk
v_Mixing_g24_c04,Mixing
v_GolfSwing_g23_c06,GolfSwing
v_CleanAndJerk_g17_c03,CleanAndJerk
v_HighJump_g11_c01,HighJump
v_HulaHoop_g20_c06,HulaHoop
v_MilitaryParade_g14_c02,MilitaryParade
v_JumpingJack_g10_c05,JumpingJack
v_ShavingBeard_g22_c05,ShavingBeard
v_PlayingDhol_g12_c03,PlayingDhol
v_ParallelBars_g24_c04,ParallelBars
v_RockClimbingIndoor_g10_c01,RockClimbingIndoor
v_PlayingDaf_g09_c02,PlayingDaf
v_TennisSwing_g21_c02,TennisSwing
v_Skijet_g11_c04,Skijet
v_PlayingGuitar_g21_c03,PlayingGuitar
v_MilitaryParade_g12_c04,MilitaryParade
v_HorseRiding_g15_c05,HorseRiding
v_PullUps_g11_c02,PullUps
v_HandstandWalking_g19_c04,HandstandWalking
v_LongJump_g09_c06,LongJump
v_Bowling_g21_c03,Bowling
v_Archery_g25_c03,Archery
v_ShavingBeard_g08_c04,ShavingBeard
v_SoccerPenalty_g15_c05,SoccerPenalty
v_Skijet_g23_c03,Skijet
v_HorseRace_g25_c04,HorseRace
v_WalkingWithDog_g18_c01,WalkingWithDog
v_WalkingWithDog_g10_c03,WalkingWithDog
v_HorseRiding_g10_c05,HorseRiding
v_BodyWeightSquats_g17_c03,BodyWeightSquats
v_GolfSwing_g19_c06,GolfSwing
v_TableTennisShot_g13_c04,TableTennisShot
v_ApplyLipstick_g22_c04,ApplyLipstick
v_JumpRope_g10_c04,JumpRope
v_JumpRope_g20_c05,JumpRope
v_PlayingCello_g18_c07,PlayingCello
v_IceDancing_g22_c05,IceDancing
v_PlayingDhol_g20_c02,PlayingDhol
v_HammerThrow_g25_c01,HammerThrow
v_SoccerJuggling_g24_c05,SoccerJuggling
v_FrontCrawl_g09_c04,FrontCrawl
v_Nunchucks_g21_c05,Nunchucks
v_StillRings_g09_c02,StillRings
v_BandMarching_g09_c03,BandMarching
v_PlayingCello_g09_c02,PlayingCello
v_WallPushups_g17_c01,WallPushups
v_SkateBoarding_g19_c04,SkateBoarding
v_HorseRiding_g17_c02,HorseRiding
v_ShavingBeard_g15_c04,ShavingBeard
v_JumpRope_g18_c04,JumpRope
v_BodyWeightSquats_g21_c02,BodyWeightSquats
v_HorseRiding_g21_c03,HorseRiding
v_Nunchucks_g13_c02,Nunchucks
v_JugglingBalls_g20_c02,JugglingBalls
v_RopeClimbing_g23_c02,RopeClimbing
v_SkateBoarding_g20_c02,SkateBoarding
v_SoccerJuggling_g14_c01,SoccerJuggling
v_ThrowDiscus_g25_c04,ThrowDiscus
v_JumpingJack_g08_c03,JumpingJack
v_TaiChi_g10_c03,TaiChi
v_FrisbeeCatch_g08_c04,FrisbeeCatch
v_RopeClimbing_g23_c01,RopeClimbing
v_Diving_g24_c04,Diving
v_Shotput_g21_c03,Shotput
v_PlayingFlute_g22_c02,PlayingFlute
v_RopeClimbing_g16_c02,RopeClimbing
v_BoxingSpeedBag_g18_c03,BoxingSpeedBag
v_SoccerPenalty_g14_c01,SoccerPenalty
v_Rafting_g08_c06,Rafting
v_Archery_g11_c06,Archery
v_PlayingCello_g20_c07,PlayingCello
v_Surfing_g14_c01,Surfing
v_Billiards_g15_c03,Billiards
v_PlayingGuitar_g25_c06,PlayingGuitar
v_RockClimbingIndoor_g18_c04,RockClimbingIndoor
v_ThrowDiscus_g08_c02,ThrowDiscus
v_PlayingDaf_g18_c07,PlayingDaf
v_BaseballPitch_g24_c07,BaseballPitch
v_CleanAndJerk_g19_c02,CleanAndJerk
v_Lunges_g15_c02,Lunges
v_BoxingSpeedBag_g08_c02,BoxingSpeedBag
v_HorseRiding_g14_c04,HorseRiding
v_BlowDryHair_g18_c01,BlowDryHair
v_Haircut_g22_c07,Haircut
v_PoleVault_g21_c07,PoleVault
v_PlayingPiano_g25_c04,PlayingPiano
v_Mixing_g12_c05,Mixing
v_BalanceBeam_g16_c04,BalanceBeam
v_WalkingWithDog_g08_c01,WalkingWithDog
v_Mixing_g10_c02,Mixing
v_Fencing_g20_c01,Fencing
v_WritingOnBoard_g22_c01,WritingOnBoard
v_FieldHockeyPenalty_g15_c06,FieldHockeyPenalty
v_PlayingGuitar_g20_c07,PlayingGuitar
v_IceDancing_g17_c03,IceDancing
v_SkateBoarding_g20_c05,SkateBoarding
v_HandStandPushups_g24_c03,HandStandPushups
v_BrushingTeeth_g15_c03,BrushingTeeth
v_Skijet_g13_c01,Skijet
v_CliffDiving_g18_c03,CliffDiving
v_HorseRace_g20_c01,HorseRace
v_Diving_g22_c06,Diving
v_BabyCrawling_g16_c06,BabyCrawling
v_Haircut_g25_c03,Haircut
v_HorseRiding_g25_c06,HorseRiding
v_BandMarching_g15_c03,BandMarching
v_BaseballPitch_g23_c01,BaseballPitch
v_Billiards_g14_c05,Billiards
v_HeadMassage_g11_c02,HeadMassage
v_PlayingDaf_g25_c07,PlayingDaf
v_BasketballDunk_g21_c03,BasketballDunk
v_WritingOnBoard_g18_c05,WritingOnBoard
v_BabyCrawling_g13_c06,BabyCrawling
v_Skiing_g20_c02,Skiing
v_BlowingCandles_g21_c04,BlowingCandles
v_HulaHoop_g23_c05,HulaHoop
v_Rafting_g14_c02,Rafting
v_JumpRope_g16_c05,JumpRope
v_Typing_g17_c04,Typing
v_PlayingCello_g11_c06,PlayingCello
v_ParallelBars_g09_c04,ParallelBars
v_ShavingBeard_g24_c06,ShavingBeard
v_HammerThrow_g23_c04,HammerThrow
v_ParallelBars_g11_c02,ParallelBars
v_VolleyballSpiking_g11_c04,VolleyballSpiking
v_JavelinThrow_g09_c03,JavelinThrow
v_BasketballDunk_g16_c02,BasketballDunk
v_FrontCrawl_g09_c02,FrontCrawl
v_SkateBoarding_g10_c01,SkateBoarding
v_CricketShot_g09_c03,CricketShot
v_RockClimbingIndoor_g19_c04,RockClimbingIndoor
v_BodyWeightSquats_g10_c05,BodyWeightSquats
v_BalanceBeam_g22_c01,BalanceBeam
v_PoleVault_g15_c02,PoleVault
v_BalanceBeam_g21_c03,BalanceBeam
v_YoYo_g12_c02,YoYo
v_CliffDiving_g22_c01,CliffDiving
v_Skiing_g10_c02,Skiing
v_Fencing_g25_c02,Fencing
v_PullUps_g11_c01,PullUps
v_PlayingCello_g08_c04,PlayingCello
v_PlayingViolin_g15_c01,PlayingViolin
v_BandMarching_g10_c01,BandMarching
v_WallPushups_g17_c07,WallPushups
v_RopeClimbing_g24_c02,RopeClimbing
v_JumpingJack_g18_c01,JumpingJack
v_HandstandWalking_g11_c04,HandstandWalking
v_SoccerPenalty_g08_c03,SoccerPenalty
v_HandstandWalking_g16_c02,HandstandWalking
v_Typing_g14_c03,Typing
v_ThrowDiscus_g25_c05,ThrowDiscus
v_PushUps_g23_c01,PushUps
v_PlayingViolin_g19_c03,PlayingViolin
v_LongJump_g23_c04,LongJump
v_PlayingDhol_g12_c02,PlayingDhol
v_ApplyEyeMakeup_g25_c03,ApplyEyeMakeup
v_SkyDiving_g09_c01,SkyDiving
v_PlayingSitar_g21_c01,PlayingSitar
v_BabyCrawling_g14_c03,BabyCrawling
v_PlayingViolin_g17_c03,PlayingViolin
v_Rafting_g09_c01,Rafting
v_HammerThrow_g10_c01,HammerThrow
v_Biking_g14_c04,Biking
v_PushUps_g09_c04,PushUps
v_SkateBoarding_g24_c01,SkateBoarding
v_TrampolineJumping_g22_c03,TrampolineJumping
v_ParallelBars_g25_c02,ParallelBars
v_PullUps_g24_c03,PullUps
v_Punch_g24_c07,Punch
v_Biking_g20_c06,Biking
v_HandStandPushups_g12_c07,HandStandPushups
v_Diving_g24_c01,Diving
v_PlayingTabla_g10_c04,PlayingTabla
v_HighJump_g13_c01,HighJump
v_Diving_g18_c03,Diving
v_CricketShot_g15_c05,CricketShot
v_BlowingCandles_g16_c03,BlowingCandles
v_TrampolineJumping_g13_c04,TrampolineJumping
v_MoppingFloor_g23_c01,MoppingFloor
v_PizzaTossing_g25_c04,PizzaTossing
v_JumpingJack_g13_c04,JumpingJack
v_HighJump_g24_c03,HighJump
v_Kayaking_g19_c04,Kayaking
v_BlowDryHair_g23_c01,BlowDryHair
v_Rowing_g17_c04,Rowing
v_JumpingJack_g24_c02,JumpingJack
v_HorseRace_g22_c02,HorseRace
v_SoccerJuggling_g17_c01,SoccerJuggling
v_TaiChi_g08_c03,TaiChi
v_JumpRope_g13_c05,JumpRope
v_HorseRiding_g25_c05,HorseRiding
v_IceDancing_g24_c05,IceDancing
v_ShavingBeard_g13_c04,ShavingBeard
v_Skijet_g17_c04,Skijet
v_Drumming_g22_c03,Drumming
v_SalsaSpin_g18_c03,SalsaSpin
v_Typing_g20_c05,Typing
v_RockClimbingIndoor_g13_c04,RockClimbingIndoor
v_Surfing_g10_c04,Surfing
v_SalsaSpin_g08_c03,SalsaSpin
v_MoppingFloor_g14_c01,MoppingFloor
v_TennisSwing_g21_c06,TennisSwing
v_SkateBoarding_g19_c03,SkateBoarding
v_CricketBowling_g20_c04,CricketBowling
v_Shotput_g11_c02,Shotput
v_CleanAndJerk_g20_c03,CleanAndJerk
v_HulaHoop_g13_c05,HulaHoop
v_BasketballDunk_g16_c01,BasketballDunk
v_SkateBoarding_g19_c02,SkateBoarding
v_TableTennisShot_g17_c03,TableTennisShot
v_FloorGymnastics_g25_c05,FloorGymnastics
v_HandstandWalking_g09_c02,HandstandWalking
v_RockClimbingIndoor_g08_c06,RockClimbingIndoor
v_BoxingSpeedBag_g22_c02,BoxingSpeedBag
v_ApplyEyeMakeup_g24_c04,ApplyEyeMakeup
v_Diving_g09_c03,Diving
v_HorseRiding_g17_c04,HorseRiding
v_PommelHorse_g13_c01,PommelHorse
v_StillRings_g09_c03,StillRings
v_PlayingTabla_g14_c01,PlayingTabla
v_Haircut_g10_c02,Haircut
v_Punch_g23_c07,Punch
v_Shotput_g08_c05,Shotput
v_BlowDryHair_g08_c03,BlowDryHair
v_Skijet_g19_c03,Skijet
v_HorseRiding_g19_c06,HorseRiding
v_Basketball_g22_c03,Basketball
v_BalanceBeam_g12_c01,BalanceBeam
v_Diving_g08_c06,Diving
v_Haircut_g24_c06,Haircut
v_HeadMassage_g12_c02,HeadMassage
v_Mixing_g08_c03,Mixing
v_HighJump_g25_c05,HighJump
v_Bowling_g22_c03,Bowling
v_PizzaTossing_g23_c06,PizzaTossing
v_TableTennisShot_g09_c05,TableTennisShot
v_Kayaking_g14_c03,Kayaking
v_BodyWeightSquats_g14_c02,BodyWeightSquats
v_FieldHockeyPenalty_g23_c03,FieldHockeyPenalty
v_Skijet_g11_c03,Skijet
v_Swing_g13_c03,Swing
v_HandStandPushups_g12_c03,HandStandPushups
v_Rowing_g25_c02,Rowing
v_Rowing_g24_c01,Rowing
v_SkateBoarding_g20_c04,SkateBoarding
v_Nunchucks_g13_c01,Nunchucks
v_RockClimbingIndoor_g23_c01,RockClimbingIndoor
v_HammerThrow_g19_c04,HammerThrow
v_Kayaking_g22_c04,Kayaking
v_Lunges_g23_c02,Lunges
v_ApplyEyeMakeup_g09_c02,ApplyEyeMakeup
v_Typing_g20_c06,Typing
v_PullUps_g18_c02,PullUps
v_Lunges_g13_c04,Lunges
v_FloorGymnastics_g19_c01,FloorGymnastics
v_PlayingSitar_g18_c01,PlayingSitar
v_Rafting_g10_c02,Rafting
v_GolfSwing_g21_c06,GolfSwing
v_CliffDiving_g20_c06,CliffDiving
v_VolleyballSpiking_g09_c03,VolleyballSpiking
v_LongJump_g13_c05,LongJump
v_PommelHorse_g21_c04,PommelHorse
v_Nunchucks_g25_c04,Nunchucks
v_Punch_g09_c01,Punch
v_MilitaryParade_g22_c04,MilitaryParade
v_Surfing_g17_c02,Surfing
v_Lunges_g11_c06,Lunges
v_CliffDiving_g12_c07,CliffDiving
v_Mixing_g18_c02,Mixing
v_ParallelBars_g22_c02,ParallelBars
v_Billiards_g18_c03,Billiards
v_RopeClimbing_g08_c04,RopeClimbing
v_PlayingGuitar_g10_c01,PlayingGuitar
v_Haircut_g19_c03,Haircut
v_TrampolineJumping_g08_c03,TrampolineJumping
v_TableTennisShot_g23_c02,TableTennisShot
v_ApplyEyeMakeup_g12_c06,ApplyEyeMakeup
v_RopeClimbing_g25_c02,RopeClimbing
v_Basketball_g17_c02,Basketball
v_IceDancing_g12_c06,IceDancing
v_GolfSwing_g17_c03,GolfSwing
v_PlayingTabla_g18_c04,PlayingTabla
v_BrushingTeeth_g19_c03,BrushingTeeth
v_Swing_g14_c03,Swing
v_Rowing_g08_c02,Rowing
v_Mixing_g17_c02,Mixing
v_PlayingDaf_g14_c06,PlayingDaf
v_RopeClimbing_g19_c04,RopeClimbing
v_BreastStroke_g10_c04,BreastStroke
v_BaseballPitch_g17_c02,BaseballPitch
v_JugglingBalls_g09_c03,JugglingBalls
v_FrisbeeCatch_g16_c06,FrisbeeCatch
v_JavelinThrow_g13_c01,JavelinThrow
v_BrushingTeeth_g18_c05,BrushingTeeth
v_BalanceBeam_g23_c05,BalanceBeam
v_PizzaTossing_g08_c02,PizzaTossing
v_YoYo_g17_c06,YoYo
v_PommelHorse_g13_c02,PommelHorse
v_Surfing_g25_c03,Surfing
v_PlayingDhol_g10_c06,PlayingDhol
v_JumpRope_g19_c01,JumpRope
v_Billiards_g16_c04,Billiards
v_JumpRope_g17_c04,JumpRope
v_ParallelBars_g14_c03,ParallelBars
v_PommelHorse_g09_c01,PommelHorse
v_GolfSwing_g25_c01,GolfSwing
v_BalanceBeam_g08_c04,BalanceBeam
v_HandstandWalking_g24_c06,HandstandWalking
v_HeadMassage_g20_c02,HeadMassage
v_MilitaryParade_g09_c05,MilitaryParade
v_PlayingDaf_g25_c02,PlayingDaf
v_Shotput_g23_c03,Shotput
v_Hammering_g08_c02,Hammering
v_HandstandWalking_g23_c02,HandstandWalking
v_Skiing_g21_c01,Skiing
v_BaseballPitch_g18_c03,BaseballPitch
v_PlayingTabla_g09_c01,PlayingTabla
v_BreastStroke_g09_c03,BreastStroke
v_Drumming_g22_c04,Drumming
v_WritingOnBoard_g21_c06,WritingOnBoard
v_HulaHoop_g10_c02,HulaHoop
v_Punch_g17_c01,Punch
v_PizzaTossing_g12_c02,PizzaTossing
v_FrisbeeCatch_g19_c03,FrisbeeCatch
v_BalanceBeam_g13_c03,BalanceBeam
v_Punch_g18_c04,Punch
v_FrisbeeCatch_g11_c03,FrisbeeCatch
v_Fencing_g14_c04,Fencing
v_HorseRace_g14_c01,HorseRace
v_Drumming_g11_c03,Drumming
v_WallPushups_g18_c01,WallPushups
v_PlayingDhol_g17_c03,PlayingDhol
v_BoxingSpeedBag_g11_c01,BoxingSpeedBag
v_HulaHoop_g14_c05,HulaHoop
v_HammerThrow_g19_c02,HammerThrow
v_PlayingFlute_g09_c07,PlayingFlute
v_BaseballPitch_g22_c02,BaseballPitch
v_PlayingGuitar_g11_c01,PlayingGuitar
v_MilitaryParade_g19_c02,MilitaryParade
v_Basketball_g09_c02,Basketball
v_CliffDiving_g21_c02,CliffDiving
v_RockClimbingIndoor_g22_c06,RockClimbingIndoor
v_Diving_g10_c05,Diving
v_UnevenBars_g20_c02,UnevenBars
v_PlayingGuitar_g21_c06,PlayingGuitar
v_BaseballPitch_g10_c04,BaseballPitch
v_Typing_g12_c05,Typing
v_Diving_g13_c01,Diving
v_BlowDryHair_g15_c02,BlowDryHair
v_WritingOnBoard_g17_c04,WritingOnBoard
v_ApplyLipstick_g21_c01,ApplyLipstick
v_WalkingWithDog_g14_c03,WalkingWithDog
v_RockClimbingIndoor_g16_c05,RockClimbingIndoor
v_UnevenBars_g16_c05,UnevenBars
v_Rowing_g24_c02,Rowing
v_Fencing_g11_c03,Fencing
v_JavelinThrow_g15_c03,JavelinThrow
v_CricketBowling_g13_c04,CricketBowling
v_PizzaTossing_g17_c04,PizzaTossing
v_ApplyEyeMakeup_g18_c03,ApplyEyeMakeup
v_Basketball_g16_c03,Basketball
v_JumpRope_g11_c07,JumpRope
v_WallPushups_g23_c04,WallPushups
v_Bowling_g19_c05,Bowling
v_BasketballDunk_g17_c05,BasketballDunk
v_HulaHoop_g20_c02,HulaHoop
v_SoccerPenalty_g09_c02,SoccerPenalty
v_Surfing_g12_c04,Surfing
v_JavelinThrow_g22_c04,JavelinThrow
v_Hammering_g19_c02,Hammering
v_PlayingCello_g25_c01,PlayingCello
v_HammerThrow_g20_c04,HammerThrow
v_Kayaking_g08_c02,Kayaking
v_JumpingJack_g15_c04,JumpingJack
v_Drumming_g13_c03,Drumming
v_WritingOnBoard_g22_c03,WritingOnBoard
v_BoxingSpeedBag_g23_c05,BoxingSpeedBag
v_BrushingTeeth_g18_c07,BrushingTeeth
v_YoYo_g18_c03,YoYo
v_CricketBowling_g23_c02,CricketBowling
v_BoxingSpeedBag_g13_c03,BoxingSpeedBag
v_Lunges_g09_c01,Lunges
v_VolleyballSpiking_g09_c06,VolleyballSpiking
v_ApplyLipstick_g14_c03,ApplyLipstick
v_TennisSwing_g16_c02,TennisSwing
v_Lunges_g18_c05,Lunges
v_TrampolineJumping_g24_c03,TrampolineJumping
v_Rowing_g13_c02,Rowing
v_Drumming_g19_c01,Drumming
v_Kayaking_g17_c05,Kayaking
v_PlayingGuitar_g22_c05,PlayingGuitar
v_HorseRiding_g18_c03,HorseRiding
v_Billiards_g15_c01,Billiards
v_PlayingDaf_g23_c02,PlayingDaf
v_CricketBowling_g18_c03,CricketBowling
v_WallPushups_g16_c05,WallPushups
v_Surfing_g13_c05,Surfing
v_HandStandPushups_g10_c04,HandStandPushups
v_ThrowDiscus_g23_c05,ThrowDiscus
v_BlowDryHair_g09_c03,BlowDryHair
v_BoxingPunchingBag_g21_c06,BoxingPunchingBag
v_WalkingWithDog_g21_c04,WalkingWithDog
v_Shotput_g16_c03,Shotput
v_ApplyLipstick_g19_c04,ApplyLipstick
v_Billiards_g25_c05,Billiards
v_MoppingFloor_g09_c03,MoppingFloor
v_Shotput_g13_c01,Shotput
v_Lunges_g11_c01,Lunges
v_CricketBowling_g13_c05,CricketBowling
v_PoleVault_g19_c06,PoleVault
v_JugglingBalls_g09_c05,JugglingBalls
v_HorseRace_g20_c03,HorseRace
v_Mixing_g19_c02,Mixing
v_Hammering_g21_c03,Hammering
v_JavelinThrow_g11_c04,JavelinThrow
v_MoppingFloor_g10_c02,MoppingFloor
v_TaiChi_g14_c04,TaiChi
v_PushUps_g23_c04,PushUps
v_BlowingCandles_g22_c02,BlowingCandles
v_BaseballPitch_g21_c04,BaseballPitch
v_HorseRiding_g23_c01,HorseRiding
v_CleanAndJerk_g14_c05,CleanAndJerk
v_PullUps_g08_c04,PullUps
v_HorseRace_g08_c05,HorseRace
v_Billiards_g13_c01,Billiards
v_Billiards_g14_c03,Billiards
v_FrontCrawl_g21_c03,FrontCrawl
v_BlowingCandles_g14_c03,BlowingCandles
v_Surfing_g19_c03,Surfing
v_BenchPress_g17_c04,BenchPress
v_Drumming_g18_c02,Drumming
v_TennisSwing_g21_c05,TennisSwing
v_SumoWrestling_g21_c04,SumoWrestling
v_SkyDiving_g08_c02,SkyDiving
v_BasketballDunk_g15_c07,BasketballDunk
v_BenchPress_g18_c02,BenchPress
v_Mixing_g17_c01,Mixing
v_Biking_g10_c04,Biking
v_TrampolineJumping_g20_c05,TrampolineJumping
v_BenchPress_g21_c04,BenchPress
v_HandStandPushups_g23_c03,HandStandPushups
v_LongJump_g17_c01,LongJump
v_GolfSwing_g16_c04,GolfSwing
v_Drumming_g11_c07,Drumming
v_SoccerJuggling_g22_c03,SoccerJuggling
v_VolleyballSpiking_g13_c05,VolleyballSpiking
v_Rafting_g18_c04,Rafting
v_Kayaking_g18_c03,Kayaking
v_ShavingBeard_g25_c04,ShavingBeard
v_JugglingBalls_g08_c04,JugglingBalls
v_PlayingViolin_g21_c02,PlayingViolin
v_ApplyEyeMakeup_g14_c02,ApplyEyeMakeup
v_PlayingSitar_g17_c06,PlayingSitar
v_Fencing_g23_c03,Fencing
v_BenchPress_g22_c02,BenchPress
v_PommelHorse_g17_c05,PommelHorse
v_HandStandPushups_g12_c04,HandStandPushups
v_SkyDiving_g25_c02,SkyDiving
v_SoccerJuggling_g19_c04,SoccerJuggling
v_PullUps_g19_c03,PullUps
v_FieldHockeyPenalty_g11_c02,FieldHockeyPenalty
v_HorseRace_g12_c04,HorseRace
v_Bowling_g22_c01,Bowling
v_Archery_g18_c02,Archery
v_TrampolineJumping_g15_c03,TrampolineJumping
v_BasketballDunk_g17_c01,BasketballDunk
v_BoxingPunchingBag_g16_c03,BoxingPunchingBag
v_UnevenBars_g12_c02,UnevenBars
v_SalsaSpin_g10_c01,SalsaSpin
v_BlowDryHair_g15_c05,BlowDryHair
v_HulaHoop_g15_c04,HulaHoop
v_SkateBoarding_g12_c04,SkateBoarding
v_JumpRope_g17_c03,JumpRope
v_FrontCrawl_g14_c05,FrontCrawl
v_YoYo_g23_c06,YoYo
v_CricketShot_g20_c04,CricketShot
v_ShavingBeard_g09_c05,ShavingBeard
v_ThrowDiscus_g19_c02,ThrowDiscus
v_GolfSwing_g17_c05,GolfSwing
v_GolfSwing_g21_c02,GolfSwing
v_HulaHoop_g12_c02,HulaHoop
v_BreastStroke_g14_c02,BreastStroke
v_PlayingCello_g16_c04,PlayingCello
v_PommelHorse_g22_c04,PommelHorse
v_Biking_g09_c03,Biking
v_BoxingPunchingBag_g17_c04,BoxingPunchingBag
v_BenchPress_g10_c01,BenchPress
v_Skiing_g09_c02,Skiing
v_Punch_g15_c04,Punch
v_Rafting_g20_c04,Rafting
v_PlayingDhol_g18_c06,PlayingDhol
v_RockClimbingIndoor_g25_c07,RockClimbingIndoor
v_BoxingPunchingBag_g14_c01,BoxingPunchingBag
v_Bowling_g24_c04,Bowling
v_GolfSwing_g18_c01,GolfSwing
v_PullUps_g22_c02,PullUps
v_Skijet_g10_c04,Skijet
v_HorseRiding_g14_c07,HorseRiding
v_Skijet_g09_c03,Skijet
v_CricketBowling_g17_c05,CricketBowling
v_TrampolineJumping_g10_c06,TrampolineJumping
v_HandStandPushups_g13_c05,HandStandPushups
v_SoccerJuggling_g19_c01,SoccerJuggling
v_JumpRope_g17_c02,JumpRope
v_HorseRace_g18_c04,HorseRace
v_Swing_g23_c01,Swing
v_Billiards_g20_c03,Billiards
v_ParallelBars_g23_c02,ParallelBars
v_BandMarching_g16_c02,BandMarching
v_Billiards_g11_c06,Billiards
v_HeadMassage_g23_c06,HeadMassage
v_BenchPress_g22_c06,BenchPress
v_Billiards_g21_c02,Billiards
v_ApplyLipstick_g12_c01,ApplyLipstick
v_HandstandWalking_g15_c01,HandstandWalking
v_HighJump_g09_c03,HighJump
v_VolleyballSpiking_g08_c01,VolleyballSpiking
v_BabyCrawling_g18_c06,BabyCrawling
v_PlayingCello_g13_c02,PlayingCello
v_Biking_g20_c03,Biking
v_HeadMassage_g12_c03,HeadMassage
v_HulaHoop_g09_c04,HulaHoop
v_CleanAndJerk_g19_c01,CleanAndJerk
v_ShavingBeard_g17_c03,ShavingBeard
v_TableTennisShot_g16_c03,TableTennisShot
v_Rowing_g12_c07,Rowing
v_PlayingPiano_g18_c01,PlayingPiano
v_PommelHorse_g11_c02,PommelHorse
v_Mixing_g12_c01,Mixing
v_Hammering_g13_c01,Hammering
v_TrampolineJumping_g11_c01,TrampolineJumping
v_HammerThrow_g23_c07,HammerThrow
v_Rafting_g19_c02,Rafting
v_TennisSwing_g13_c02,TennisSwing
v_JugglingBalls_g08_c01,JugglingBalls
v_Fencing_g25_c03,Fencing
v_UnevenBars_g10_c01,UnevenBars
v_Skijet_g20_c02,Skijet
v_CliffDiving_g24_c02,CliffDiving
v_CliffDiving_g16_c04,CliffDiving
v_ThrowDiscus_g08_c01,ThrowDiscus
v_Billiards_g15_c07,Billiards
v_SoccerJuggling_g20_c03,SoccerJuggling
v_BodyWeightSquats_g17_c04,BodyWeightSquats
v_BlowingCandles_g09_c03,BlowingCandles
v_WallPushups_g17_c05,WallPushups
v_HorseRiding_g09_c03,HorseRiding
v_BenchPress_g20_c02,BenchPress
v_HorseRace_g23_c02,HorseRace
v_MilitaryParade_g17_c01,MilitaryParade
v_PlayingFlute_g24_c04,PlayingFlute
v_BreastStroke_g24_c03,BreastStroke
v_BabyCrawling_g14_c02,BabyCrawling
v_SoccerPenalty_g09_c03,SoccerPenalty
v_Nunchucks_g18_c04,Nunchucks
v_ApplyEyeMakeup_g09_c05,ApplyEyeMakeup
v_TennisSwing_g19_c05,TennisSwing
v_TrampolineJumping_g11_c03,TrampolineJumping
v_Fencing_g11_c02,Fencing
v_PlayingPiano_g20_c01,PlayingPiano
v_WritingOnBoard_g23_c05,WritingOnBoard
v_Haircut_g24_c02,Haircut
v_WritingOnBoard_g20_c02,WritingOnBoard
v_LongJump_g23_c01,LongJump
v_BoxingSpeedBag_g21_c03,BoxingSpeedBag
v_Surfing_g18_c04,Surfing
v_FrisbeeCatch_g17_c02,FrisbeeCatch
v_SumoWrestling_g13_c05,SumoWrestling
v_JavelinThrow_g20_c02,JavelinThrow
v_ApplyEyeMakeup_g17_c03,ApplyEyeMakeup
v_ShavingBeard_g22_c04,ShavingBeard
v_Drumming_g20_c01,Drumming
v_RopeClimbing_g20_c01,RopeClimbing
v_Knitting_g25_c07,Knitting
v_BreastStroke_g23_c02,BreastStroke
v_PlayingCello_g18_c04,PlayingCello
v_JugglingBalls_g14_c01,JugglingBalls
v_ThrowDiscus_g21_c05,ThrowDiscus
v_BrushingTeeth_g16_c01,BrushingTeeth
v_Archery_g09_c01,Archery
v_UnevenBars_g23_c02,UnevenBars
v_HulaHoop_g20_c07,HulaHoop
v_TennisSwing_g16_c05,TennisSwing
v_Skiing_g12_c04,Skiing
v_PlayingSitar_g24_c01,PlayingSitar
v_PlayingTabla_g17_c01,PlayingTabla
v_Biking_g18_c04,Biking
v_Rafting_g16_c03,Rafting
v_Drumming_g24_c06,Drumming
v_Diving_g24_c02,Diving
v_BreastStroke_g15_c04,BreastStroke
v_Basketball_g24_c04,Basketball
v_Bowling_g15_c05,Bowling
v_SoccerPenalty_g24_c03,SoccerPenalty
v_Swing_g08_c01,Swing
v_CricketShot_g15_c04,CricketShot
v_HandstandWalking_g11_c02,HandstandWalking
v_PlayingFlute_g21_c04,PlayingFlute
v_PommelHorse_g12_c04,PommelHorse
v_RockClimbingIndoor_g19_c01,RockClimbingIndoor
v_JavelinThrow_g17_c04,JavelinThrow
v_TrampolineJumping_g10_c02,TrampolineJumping
v_WalkingWithDog_g16_c03,WalkingWithDog
v_HorseRiding_g24_c02,HorseRiding
v_CricketShot_g18_c05,CricketShot
v_JavelinThrow_g25_c03,JavelinThrow
v_CuttingInKitchen_g10_c01,CuttingInKitchen
v_Shotput_g17_c05,Shotput
v_PoleVault_g19_c04,PoleVault
v_SumoWrestling_g08_c07,SumoWrestling
v_HandStandPushups_g08_c04,HandStandPushups
v_Mixing_g21_c02,Mixing
v_WallPushups_g17_c02,WallPushups
v_HammerThrow_g21_c05,HammerThrow
v_Billiards_g08_c04,Billiards
v_JugglingBalls_g17_c03,JugglingBalls
v_PommelHorse_g18_c01,PommelHorse
v_Mixing_g24_c03,Mixing
v_BandMarching_g18_c02,BandMarching
v_HeadMassage_g24_c01,HeadMassage
v_BenchPress_g14_c07,BenchPress
v_Nunchucks_g19_c01,Nunchucks
v_HandstandWalking_g12_c03,HandstandWalking
v_VolleyballSpiking_g18_c02,VolleyballSpiking
v_JugglingBalls_g25_c05,JugglingBalls
v_PlayingSitar_g18_c06,PlayingSitar
v_SkateBoarding_g11_c03,SkateBoarding
v_Fencing_g18_c03,Fencing
v_HorseRiding_g19_c05,HorseRiding
v_ThrowDiscus_g12_c03,ThrowDiscus
v_FloorGymnastics_g09_c07,FloorGymnastics
v_Billiards_g22_c01,Billiards
v_JugglingBalls_g14_c04,JugglingBalls
v_HammerThrow_g17_c03,HammerThrow
v_PlayingDhol_g21_c05,PlayingDhol
v_PlayingGuitar_g24_c04,PlayingGuitar
v_Fencing_g15_c02,Fencing
v_PlayingGuitar_g11_c04,PlayingGuitar
v_ShavingBeard_g21_c06,ShavingBeard
v_JumpRope_g16_c01,JumpRope
v_PlayingSitar_g20_c03,PlayingSitar
v_BoxingPunchingBag_g24_c01,BoxingPunchingBag
v_HighJump_g19_c01,HighJump
v_BlowingCandles_g13_c02,BlowingCandles
v_Knitting_g11_c06,Knitting
v_HeadMassage_g21_c02,HeadMassage
v_Basketball_g21_c02,Basketball
v_Billiards_g17_c01,Billiards
v_GolfSwing_g23_c01,GolfSwing
v_YoYo_g10_c04,YoYo
v_PlayingFlute_g20_c03,PlayingFlute
v_Knitting_g25_c02,Knitting
v_UnevenBars_g18_c02,UnevenBars
v_BlowingCandles_g09_c04,BlowingCandles
v_PlayingSitar_g16_c05,PlayingSitar
v_CliffDiving_g13_c04,CliffDiving
v_ThrowDiscus_g19_c01,ThrowDiscus
v_Shotput_g20_c02,Shotput
v_Basketball_g14_c04,Basketball
v_JavelinThrow_g24_c03,JavelinThrow
v_PlayingDaf_g09_c05,PlayingDaf
v_PlayingFlute_g13_c02,PlayingFlute
v_BoxingPunchingBag_g13_c01,BoxingPunchingBag
v_PlayingSitar_g19_c07,PlayingSitar
v_Bowling_g20_c05,Bowling
v_BoxingSpeedBag_g09_c02,BoxingSpeedBag
v_PlayingCello_g09_c05,PlayingCello
v_HandStandPushups_g16_c05,HandStandPushups
v_Drumming_g13_c04,Drumming
v_JumpRope_g15_c05,JumpRope
v_PlayingCello_g18_c05,PlayingCello
v_Rafting_g17_c04,Rafting
v_Drumming_g23_c07,Drumming
v_ApplyLipstick_g09_c02,ApplyLipstick
v_JumpRope_g16_c04,JumpRope
v_ShavingBeard_g10_c07,ShavingBeard
v_HandstandWalking_g15_c04,HandstandWalking
v_PushUps_g25_c01,PushUps
v_Typing_g11_c02,Typing
v_Haircut_g24_c01,Haircut
v_WalkingWithDog_g16_c01,WalkingWithDog
v_BalanceBeam_g19_c04,BalanceBeam
v_Surfing_g12_c03,Surfing
v_HighJump_g18_c02,HighJump
v_HandstandWalking_g08_c03,HandstandWalking
v_Bowling_g23_c01,Bowling
v_BandMarching_g11_c07,BandMarching
v_BandMarching_g17_c01,BandMarching
v_Rafting_g15_c03,Rafting
v_BodyWeightSquats_g22_c03,BodyWeightSquats
v_Typing_g12_c02,Typing
v_BoxingSpeedBag_g09_c07,BoxingSpeedBag
v_CricketShot_g18_c04,CricketShot
v_HeadMassage_g08_c01,HeadMassage
v_HorseRiding_g19_c07,HorseRiding
v_JumpingJack_g25_c05,JumpingJack
v_BalanceBeam_g14_c01,BalanceBeam
v_BreastStroke_g22_c03,BreastStroke
