youtube_id,label
E2rA-Mo7MyU_000034_000044,laughing
AuAnTC7m9aQ_000001_000011,blowing_nose
WJHtV_Ccq7g_000107_000117,playing_drums
KVos7qTCkuU_000304_000314,singing
WFNRqKvrCrA_000050_000060,playing_saxophone
KXQ1ZBVHHmM_000043_000053,laughing
CAf-e4S9gHA_000074_000084,playing_piano
8BG2QE2Y3uY_000003_000013,tapping_pen
gcP1Qa5SdZw_000010_000020,mowing_lawn
Nvbf-Z1Mf_g_000442_000452,playing_bass_guitar
H1qGodOYk2o_000000_000010,playing_bagpipes
OFgdciKWWmo_000005_000015,playing_harmonica
VizHrTUMH6k_000889_000899,tickling
gP4m4MNLhCQ_000094_000104,shoveling_snow
eAHYZqII8i4_000276_000286,playing_bass_guitar
5H6__XDbVOg_000018_000028,playing_trumpet
GccSMC_1TZs_000004_000014,playing_piano
b4I5mWgMeKI_000277_000287,playing_saxophone
R0pfO5YF07g_000008_000018,playing_harmonica
fUYk7avVL5Y_000022_000032,playing_violin
ALZqVPcFbi0_000001_000011,mowing_lawn
epB_-RTSetw_000165_000175,tickling
SGlrm7d0VwQ_000009_000019,ripping_paper
H4un_w-jFNA_000237_000247,playing_bass_guitar
aVMP6Q71NH8_000048_000058,playing_saxophone
SvYwmsjVZDU_000073_000083,playing_violin
QayqsHUdmik_000005_000015,playing_trumpet
2V1l6w2s9uw_000018_000028,mowing_lawn
-yGyuo_jONs_000014_000024,playing_bagpipes
hBMHZ5-1m_k_000220_000230,playing_keyboard
NxtNtyLs-0M_000001_000011,playing_trumpet
DRXyEUi61fc_000109_000119,tapping_guitar
fz0ZHvBZOOQ_000124_000134,singing
a7raYjjs3-c_000062_000072,playing_bass_guitar
X4AgYDUkGe8_000048_000058,playing_violin
Bmm7JUb1YLo_000350_000360,playing_harmonica
dL-O9RLSAso_000014_000024,playing_guitar
_ydUScfXRjs_000001_000011,playing_saxophone
2gxDaP7L9mg_000000_000010,blowing_nose
OuxRZKDaoV8_000017_000027,singing
OuKHTNQPZBw_000235_000245,playing_bass_guitar
8fXQOYJpHYE_000049_000059,tapping_guitar
4l--TlI3k_E_000040_000050,tap_dancing
SWugpV8P9HI_000069_000079,shoveling_snow
M_3o7YW5C0w_000001_000011,tickling
YDTB6MG1Nvo_000208_000218,playing_guitar
gqzqcL0lNvw_000010_000020,blowing_out_candles
Um25TC8xJmM_000108_000118,playing_clarinet
Yn5fNKoSBgc_000003_000013,playing_organ
_YX_EvtuImI_000219_000229,playing_drums
Fm7DrFPMz-o_000057_000067,tapping_pen
Pho3ogd_umQ_000065_000075,playing_xylophone
14LpqkFfn94_000040_000050,playing_trumpet
9Y1YLlSD_ic_000182_000192,shuffling_cards
Mfo8ip_pHHk_000003_000013,playing_clarinet
30yKB4Xdbxw_000072_000082,chopping_wood
2Wek5108ijQ_000002_000012,blowing_out_candles
OCbRn1b5ctY_000001_000011,playing_trumpet
7eyqQkvQSic_000015_000025,blowing_out_candles
9cKL3vXLe3Q_000003_000013,playing_harmonica
QnDfFeAm3Zw_000060_000070,shuffling_cards
DpTZMFv81xs_000052_000062,mowing_lawn
NNa8kCSVJ4g_000093_000103,playing_guitar
HZPR7c2vkwI_000309_000319,playing_bass_guitar
3SE2qI593Iw_000065_000075,tapping_pen
Czo9ULxwcUk_000027_000037,bowling
J3o0vuPS5NM_000040_000050,playing_trombone
IelSW1oYros_000054_000064,tapping_guitar
VP0voZiRO5g_000001_000011,bowling
PdnRbW1J9T8_000153_000163,playing_bass_guitar
UmWRKaRyt1Q_000002_000012,playing_keyboard
0M4c-KFH9Bg_000090_000100,playing_piano
SsGAiov-9fg_000003_000013,ripping_paper
OwaHp-vrcI8_000033_000043,playing_trombone
8Lhcdgf3Ruo_000269_000279,singing
6Ivmc7Ocijk_000046_000056,tapping_guitar
XQcncZI3kjI_000002_000012,playing_violin
-c7TtG--GTc_000050_000060,mowing_lawn
ZAR4avwfW34_000047_000057,playing_guitar
-MMxEvltTLo_000024_000034,playing_guitar
1xbxPZPZdYU_000014_000024,playing_clarinet
c-Q6EZZdVy0_000004_000014,playing_bagpipes
1zUMvLUxfpE_000035_000045,playing_violin
4t3XIqXmW1c_000018_000028,playing_xylophone
L1-6Jouce3E_000012_000022,shuffling_cards
Adrc7Q9ixEU_000036_000046,playing_guitar
_NSu78HQtwI_000004_000014,mowing_lawn
hCr3L5ObzuI_000130_000140,playing_saxophone
gOAlzLerTKU_000060_000070,playing_trombone
TgOdwIfRp64_000000_000010,playing_violin
avWQmoGokfg_000009_000019,playing_xylophone
Cp8yK6wqkRg_000001_000011,chopping_wood
esMy6HLrrPY_000030_000040,playing_bagpipes
O_jxsPzQfwM_000000_000010,stomping_grapes
TjETBJsSPd4_000015_000025,singing
ELLNAdbL9uc_000059_000069,chopping_wood
C9ayFMqreGk_000080_000090,playing_piano
2f2IKTkMlRk_000162_000172,playing_organ
Sftt3I4Ouew_000115_000125,laughing
EWZoACAXy0Q_000054_000064,playing_saxophone
NJGfo323SFA_000225_000235,playing_trombone
KYoU6zaQW8w_000603_000613,playing_violin
BIzJi3dWmns_000000_000010,playing_xylophone
KXKr7KqR6rI_001344_001354,tickling
K_LleW_pN7A_000095_000105,playing_saxophone
5a9JvkzFItI_000000_000010,tickling
E2mB_L5wvF8_000004_000014,tapping_guitar
_5sOEUyMq0M_000025_000035,playing_accordion
RCHVpgruiu8_000009_000019,dribbling_basketball
NMYOtBGA1VQ_000007_000017,playing_trombone
6iGH-3Ig_l0_000000_000010,bowling
KgJ1O5C-pI4_000001_000011,playing_trombone
H10EZphKG7w_000013_000023,tap_dancing
bpAtBm1Mnms_000224_000234,playing_guitar
2r3CnyMtHec_000065_000075,tapping_pen
WRaMPH7Bk3c_000004_000014,stomping_grapes
RInXUty9SoI_000018_000028,playing_saxophone
ddwEoq3KphI_000015_000025,singing
VWJTfRlfAH0_000022_000032,playing_piano
FUgERWFUrOA_000104_000114,playing_clarinet
gCt0Xj3GTDc_000094_000104,shoveling_snow
eieTxynuER8_000008_000018,playing_trumpet
0tQKbIfaBoA_000003_000013,playing_bass_guitar
UZdU4ZavMOI_000003_000013,blowing_out_candles
NE9WBFE-glo_000001_000011,playing_harmonica
fbvF2fFklqM_000025_000035,mowing_lawn
emJ6zoMUyIA_000042_000052,playing_guitar
Ccl-wN0fTJk_000071_000081,singing
MOa2fe-fP_0_000084_000094,playing_drums
NsQkrY9Tcl0_000004_000014,laughing
4TZDHJn2DGE_000105_000115,playing_trombone
ZJ6lN1Y9ec4_000155_000165,tapping_guitar
PpC4kPd5KfA_000133_000143,bowling
XOH00ay-cxk_000000_000010,playing_xylophone
Dc_sFmNLMHk_000012_000022,blowing_out_candles
Vy1MIDXCeW4_000058_000068,playing_harmonica
Ej-h3Iq8n84_000172_000182,laughing
MNgQiGshDcw_000002_000012,playing_xylophone
dPODKqxtlXc_000054_000064,playing_saxophone
PTcX4E7ODT4_000476_000486,playing_clarinet
NNNk3xdW3HU_000105_000115,playing_trumpet
JNa53FCKVc0_000020_000030,bowling
G1QYk_NT6_s_000024_000034,bowling
ZSqE2_-76mw_000160_000170,tap_dancing
1kgFsFFxsQ8_000076_000086,playing_clarinet
RjuQ7NR9JRs_000149_000159,chopping_wood
1rxpVuUORA0_000009_000019,tap_dancing
Qt9457wngII_000188_000198,dribbling_basketball
IwtYsvoMW64_000000_000010,dribbling_basketball
5d8dpclgEkI_000001_000011,playing_harmonica
TWTEoE1QWDQ_000101_000111,playing_bass_guitar
2Delt3QUFkY_000176_000186,tapping_pen
3YBGpevfc00_000079_000089,dribbling_basketball
gN1s8e8iNFY_000000_000010,mowing_lawn
K3sE55c36Ag_000004_000014,playing_piano
So69719Jo70_000020_000030,bowling
XSu5dteR2Ko_000013_000023,playing_harmonica
K4TMpwQOXnM_000057_000067,laughing
O8pbfj5KkaI_000325_000335,playing_clarinet
PqfkfYofhqo_000020_000030,playing_harmonica
_7d78UQBpNk_000011_000021,chopping_wood
E2XhUvPriOU_000054_000064,playing_harmonica
MJK6_-D-7hk_000006_000016,shuffling_cards
QzLvpqBry3g_000184_000194,playing_violin
0RpOfc9ERm8_000037_000047,playing_bass_guitar
1W_KSb8rQm4_000001_000011,blowing_out_candles
Omh3VV-3keg_000009_000019,playing_drums
ereVNShRt2U_000107_000117,playing_drums
CwMQEmwgPaA_000052_000062,playing_harmonica
A4k00DaLlNU_000062_000072,bowling
d5i1gBlPCjM_000137_000147,playing_drums
3gZn4KWZhL4_000000_000010,playing_piano
G6cHBN-hf0Y_000248_000258,shuffling_cards
U865g2tzmv4_000001_000011,shoveling_snow
WNH5L6ArSNU_000004_000014,mowing_lawn
8fr2aR2DlDE_000015_000025,playing_keyboard
KuqgwKXEIKU_000084_000094,tap_dancing
InR2Hh30lHs_000000_000010,blowing_nose
0W9deLvCCQk_000003_000013,blowing_out_candles
6onWZ_TWIZQ_000105_000115,tickling
DSfH2_5UC_U_000040_000050,tapping_pen
EW-eaX5Ss6Q_000004_000014,playing_piano
ZGoiqlHNyxA_000015_000025,playing_harmonica
4dlO1IMlptM_000023_000033,playing_violin
JowQG1e0Rjw_000146_000156,dribbling_basketball
TyJCYAfgL_k_000033_000043,tapping_pen
LMhzGWKLWdk_000008_000018,playing_piano
MEthJ16GOig_000079_000089,shuffling_cards
4tgozIhJfbY_000001_000011,playing_xylophone
311ZHmI9QL4_000105_000115,shuffling_cards
ddX52bTJVjc_000208_000218,playing_guitar
TXWqJSLntiY_000004_000014,playing_organ
5_hPnY45s7M_000000_000010,playing_bagpipes
E6wfaR-7QAM_000132_000142,playing_guitar
aZD2qUvg0pQ_000010_000020,laughing
3G0KZ9Pwa30_000624_000634,playing_piano
JXxGPSdPyNk_000000_000010,mowing_lawn
DTGxQf_1eqA_000005_000015,tap_dancing
WBpmZLBBv-s_000019_000029,blowing_out_candles
gQIxn7MtB2Q_000007_000017,playing_xylophone
V4-dr9Gu8n8_000001_000011,shoveling_snow
GbBKnZoROMk_000187_000197,playing_clarinet
URTlFWeksuk_000091_000101,playing_violin
X859XQm-Kxw_000421_000431,playing_keyboard
eM0FUowh19c_000070_000080,tapping_guitar
WZH_qnlSPj4_000011_000021,singing
ZkBd8hud-3A_000067_000077,blowing_out_candles
fT78eNbwPn4_000004_000014,playing_xylophone
13WXyYwjMNA_000000_000010,playing_violin
4Tom9GQYRhw_000003_000013,playing_organ
e8hloQzn0to_000172_000182,tapping_pen
frxtC-4Uxsg_000147_000157,playing_bass_guitar
U7YkkQ2fAjM_000080_000090,stomping_grapes
HO1xuuozDPM_000004_000014,ripping_paper
HgOlLJL1UoY_000052_000062,blowing_out_candles
F-JlQxPu3co_000048_000058,singing
SR7CpC5wHJM_000076_000086,playing_guitar
Qnvz3QbnKTI_000002_000012,mowing_lawn
6zYV4tnXU3k_000515_000525,playing_saxophone
G373nt2anik_000002_000012,playing_guitar
ZlyT-AJiXfI_000003_000013,playing_trumpet
NER5QqliiM4_000020_000030,blowing_out_candles
P_uSW80GlP0_000145_000155,playing_piano
6F65QlahSL4_000000_000010,playing_guitar
c_gTGQBLUC0_000073_000083,tap_dancing
V76csyVac0s_000022_000032,playing_trumpet
QgIcIIVGTWM_000075_000085,playing_violin
FL-p4_aI6pY_000105_000115,playing_bass_guitar
5RMwhk8Gzdo_000113_000123,stomping_grapes
cnbbOIFULRI_000012_000022,playing_harmonica
ghG-bQtp7UQ_000069_000079,playing_drums
ZmAwui3any0_000031_000041,playing_keyboard
LaRXbnKvwSo_000016_000026,stomping_grapes
IujWQouRui4_000092_000102,laughing
dpZT6wUL-_I_000047_000057,playing_trumpet
_1Imx7_g92w_000035_000045,playing_guitar
fatrxk9C4EQ_000000_000010,dribbling_basketball
VRPAAwXDC4g_000004_000014,playing_harmonica
Uelov8pxTm0_000015_000025,shuffling_cards
3-fWjk4X7xY_000213_000223,tapping_pen
HbbnLS_WiYI_000079_000089,bowling
Z7oLhMNcTvU_000026_000036,laughing
OAfHveS6cMw_000085_000095,tap_dancing
7XpkILef2vw_000038_000048,mowing_lawn
IcNETywuQ9E_000140_000150,playing_violin
cfrDJ9fMEWg_000046_000056,tap_dancing
YZ7x8-cmeG8_000247_000257,playing_trombone
GtwcNHSR0Bg_000023_000033,blowing_out_candles
QaH5_C0FlIE_000020_000030,blowing_out_candles
K2wtB0eXk_4_000007_000017,shuffling_cards
GVZ41Jz4pxw_000002_000012,playing_piano
h6uU_jzAkbU_000057_000067,dribbling_basketball
5ZUaZTE1S44_000132_000142,playing_trombone
MFxE0ap39VA_000085_000095,playing_keyboard
3NAWlrD7Kwk_000045_000055,shuffling_cards
08giIwmGdqs_000004_000014,singing
7nkKmKuuehw_000005_000015,shuffling_cards
3KKD75lI_OM_000057_000067,mowing_lawn
EDq7dC63-EI_000007_000017,ripping_paper
JfOGeCIJMpo_000090_000100,playing_saxophone
gCGuqxwO5ds_000005_000015,shoveling_snow
CnE3q5MasHA_000088_000098,playing_violin
Tc17FW9UVfE_000027_000037,tickling
JFQdhtrhEIQ_000026_000036,tickling
3iWeov7FRlo_000029_000039,playing_organ
8nbXvZJ3OS0_000003_000013,blowing_nose
OfWjMBBCD88_000013_000023,blowing_out_candles
0RQ2zAcFfvA_000182_000192,playing_trumpet
gKeNHn36R3k_000000_000010,playing_clarinet
TzGG_XBiFFk_000034_000044,dribbling_basketball
FuKe3tcMqto_000162_000172,playing_saxophone
AwbInAggOOA_000110_000120,mowing_lawn
Ds4hs2Za-NE_000037_000047,tickling
USVRiBK6C6U_000000_000010,playing_bass_guitar
6-VHN9Tl9kw_000226_000236,playing_drums
5FrsOFo9Xsg_000924_000934,playing_clarinet
Gkd5uh2HFY8_000045_000055,laughing
AE3RrQv2Rxo_000091_000101,laughing
essRoH7xSHY_000676_000686,playing_clarinet
ZtinGBb7bWI_000003_000013,mowing_lawn
4z8HTrCvEsc_000105_000115,tap_dancing
_OlH-M97EIg_000009_000019,playing_clarinet
ZKzXuAG7rmw_000050_000060,shuffling_cards
Y4bVrRt8WDM_000050_000060,playing_drums
h5cMZsBGNWU_000002_000012,blowing_out_candles
Nv8g8Fu-FHk_000136_000146,playing_clarinet
G_0uSU8b0LM_000009_000019,bowling
2bz3WZ1cQA0_000046_000056,bowling
drPcYht-AIc_000192_000202,playing_harmonica
O-kypg_vVcQ_000131_000141,playing_piano
3WfX6JqdVx4_000061_000071,singing
H0aQqogDGJ4_000024_000034,playing_clarinet
JTIBVvfwJsM_000031_000041,blowing_out_candles
-EiGTBZm9qo_000014_000024,shuffling_cards
d-Ny3eN2054_000047_000057,playing_saxophone
QN9rubEfAg4_000028_000038,tap_dancing
-A3A2GgRkyQ_000002_000012,dribbling_basketball
1d39ZJ25hgc_000019_000029,playing_trumpet
ZiXIiUTweH8_000029_000039,tap_dancing
45th535mj0Q_000023_000033,playing_drums
MtFHibrSDMw_000134_000144,playing_guitar
HWqD_JdmOK8_000000_000010,bowling
CunP48AVYb0_000004_000014,chopping_wood
bKMWZ17xE8s_000251_000261,playing_trombone
Z4xxrrisUco_000120_000130,singing
Tj4-cZN4tkI_000095_000105,shoveling_snow
dLkuLsHaaz8_000018_000028,ripping_paper
P7Wn6s-JsDs_000009_000019,shuffling_cards
HiaxN4pJ_Sg_000120_000130,tapping_pen
RjQ-NM_dCEE_000002_000012,playing_harmonica
Rlnlg4TakAM_000032_000042,playing_organ
5Znrg3KdfX4_000055_000065,tap_dancing
f9c-AIqKrGk_000006_000016,playing_violin
VhH5Yzkmjp0_000125_000135,tapping_pen
4iEtLj_0yB4_000091_000101,playing_guitar
TZLf80ikpks_000266_000276,playing_violin
a5wqajTmaXA_000309_000319,playing_bass_guitar
J-sp5Tnj3ko_000042_000052,dribbling_basketball
WareYBKqbzs_000157_000167,playing_violin
d98ETEiYSAM_000062_000072,playing_piano
MXmBsjUnH0c_000025_000035,playing_bass_guitar
BPudyboGWzc_000276_000286,playing_drums
LT2sf2QrCiI_000000_000010,playing_violin
CaTQOpief8I_000003_000013,playing_guitar
CCDB3CZUgS0_000006_000016,playing_bass_guitar
XWk3ozkhw2c_000078_000088,playing_saxophone
2wGmNe4rwW0_000068_000078,tapping_guitar
EcAeymj8v2U_000003_000013,blowing_out_candles
dGQZeff9GhU_000006_000016,playing_violin
HNgJve4dv2Y_000145_000155,playing_trumpet
gD44D-2TsE8_000014_000024,blowing_out_candles
V8jxyJXXBbQ_000000_000010,playing_organ
4Xz4OSGt9sw_000140_000150,playing_organ
SC3fIFJhrFc_000002_000012,playing_xylophone
h8jRIyx5tAM_000034_000044,tap_dancing
fKSORtIbiQM_000029_000039,playing_accordion
58GPGceze6M_000183_000193,tapping_pen
PFT0gErTjrQ_000006_000016,shoveling_snow
9MiGcXX_pOM_000043_000053,tapping_guitar
bbAyVsjdO_A_000149_000159,laughing
BwpS-0NafGg_000028_000038,playing_accordion
9pfP8r1ZcWU_000000_000010,tap_dancing
BaXPOuhw6Co_000039_000049,blowing_out_candles
LsqXIT_yB94_000002_000012,playing_organ
7wMubUpETTE_000100_000110,tapping_guitar
KePjANsq3HM_000067_000077,bowling
gAJvo5gpKM4_000167_000177,shuffling_cards
J7bVmJjSkm0_000075_000085,tapping_pen
HofQK0Ee78w_000001_000011,mowing_lawn
IaHhTjduSjA_000002_000012,tapping_guitar
FHl22zYLDSc_000004_000014,playing_trumpet
-LmFPtnbal0_000008_000018,chopping_wood
UgoOh_7SZSM_000045_000055,playing_organ
CC7q_VhUEuM_000033_000043,playing_harmonica
CyRHYVDLzzo_000008_000018,blowing_out_candles
OlJO3WNWRNo_000085_000095,playing_guitar
8Omi5OKO2h0_000004_000014,singing
Jx_Hx70zVkI_000290_000300,singing
AQgkbHRFR2s_000039_000049,playing_bass_guitar
KZvtBRqBABw_000003_000013,playing_accordion
XTgLBGu3L-Q_000018_000028,playing_organ
2KlA2Ssd5Bg_000015_000025,playing_trombone
9zS5IXVc4uI_000004_000014,playing_piano
YX5UozDIuDU_000029_000039,singing
_zr8TML07KQ_000005_000015,playing_organ
fxPd4zoj0wU_000088_000098,playing_organ
JinwvpzMwkM_000029_000039,playing_drums
DiGFLbKEq18_000102_000112,bowling
QoHOc1C4H0o_000267_000277,playing_clarinet
Dz4_wTZU5kg_000000_000010,bowling
ObhlPPwncxI_000021_000031,chopping_wood
fO7zvMOA5RE_000038_000048,shoveling_snow
dNQik_iL440_000188_000198,playing_accordion
WclwDN2-czQ_000004_000014,blowing_out_candles
0gl7ftgE-LU_000195_000205,playing_guitar
Qf27zM3-aSc_000021_000031,blowing_out_candles
IvEPfozbfzo_000087_000097,playing_guitar
XRJU4ASJdec_000004_000014,playing_accordion
8-gR3EerzO8_000016_000026,blowing_nose
T6oPbpkbvsY_000006_000016,playing_trombone
LHYHGvHNMLo_000001_000011,playing_accordion
PFYDIw4-hW4_000536_000546,playing_violin
aW1uRB4c2fI_000047_000057,playing_bagpipes
Uigc3OZ6Lso_000028_000038,singing
ZjMCiZ4M1po_000036_000046,dribbling_basketball
EvUS3xdUE9k_000011_000021,tapping_pen
37AImhES_IU_000021_000031,playing_bagpipes
VDD6MtuZuPU_000004_000014,playing_xylophone
DAdTfPYgBIc_000111_000121,tickling
GtgYUjK6jQY_000035_000045,playing_guitar
-l2yvybjqhI_000034_000044,tickling
62I5M9jwJEA_000007_000017,playing_xylophone
cpQe4Mo7v8k_000008_000018,stomping_grapes
D_ZSrrNQb14_000006_000016,tapping_guitar
3B92JWYZkQU_000026_000036,playing_keyboard
BdR8wL6QkbM_000344_000354,tapping_guitar
Xi46jFzEsJ4_000012_000022,blowing_nose
1W0UMeQUbV0_000002_000012,tap_dancing
OcfcTiRkYNc_000126_000136,playing_bagpipes
ScZAUtVAShI_000016_000026,playing_trombone
VrT8zyx0moI_000004_000014,shoveling_snow
0qXt8zULXJw_000022_000032,mowing_lawn
MHu1xkU7oxo_000000_000010,shoveling_snow
PO8i_AK9ngI_000002_000012,playing_piano
-lJzDCqh_CI_000012_000022,shoveling_snow
DUnB-InKQAk_000013_000023,dribbling_basketball
Ummxiz5RFuE_000022_000032,playing_trumpet
SNH-WQjZSsE_000020_000030,playing_harmonica
5SYvdXQ0jC8_000102_000112,stomping_grapes
EtV6RzLCBlU_000173_000183,playing_guitar
KdlhbSn6TQs_000219_000229,playing_bass_guitar
QFd9kfV3cp0_000000_000010,chopping_wood
K-AyeJSTOKs_000072_000082,playing_drums
39RjPTDKz4U_000035_000045,shuffling_cards
UQW-33FjDOc_000031_000041,blowing_out_candles
9-eveJdVJqc_000013_000023,playing_bass_guitar
cb0On-k-BPY_000008_000018,playing_piano
aA6n18krh2I_000195_000205,playing_bass_guitar
-3lhp17hpGw_000083_000093,shuffling_cards
cg8z0lLrKz8_000034_000044,playing_trumpet
A67DsnZCaEU_000120_000130,playing_piano
YX5Mn0viq-M_000112_000122,singing
DHwfOHIk08U_000034_000044,chopping_wood
AyccjmQs19I_000008_000018,playing_violin
DpOskMwh4Fo_000307_000317,playing_guitar
QR8GDcRL6RU_000000_000010,chopping_wood
ZeAtvxd42pA_000034_000044,playing_saxophone
aD6qCmkr3YM_000015_000025,mowing_lawn
0zFAutMx200_000026_000036,playing_harmonica
e-bL9LND6B4_000001_000011,tickling
Tk6Cd93L7cM_000279_000289,playing_clarinet
fXZCNyjL_v0_000297_000307,bowling
R6Gkk1-5hO8_000539_000549,laughing
R5Stvk8v98k_000002_000012,singing
DlFBY8VvQxw_000035_000045,mowing_lawn
RYWL463xfQg_000369_000379,tapping_guitar
L8HLYDltTH4_000034_000044,blowing_out_candles
GhP0YhPrv_A_000045_000055,tapping_guitar
2TOLKx-1kNs_000013_000023,blowing_out_candles
NJ_om3COSo4_000016_000026,shoveling_snow
KXwc5Ti3py8_000027_000037,tap_dancing
6uwhWdx25Ds_000005_000015,ripping_paper
cqc3snLAxeA_000806_000816,ripping_paper
QAPK1zIxV7A_000003_000013,playing_bass_guitar
9IGKZJgYt2M_000000_000010,playing_piano
dF4jpY1p8Qc_000028_000038,playing_drums
DDMbffKHy3Q_000018_000028,ripping_paper
XsQGS1I4nUA_000057_000067,bowling
2RSsFUscsTA_000002_000012,playing_trombone
IkkH7tMztZY_000201_000211,playing_drums
Y3ndheELSi8_000040_000050,singing
6wmdFWU8Y-E_000001_000011,shuffling_cards
0TTDwMdPeZU_000001_000011,blowing_out_candles
A-93KTyw7i8_000056_000066,playing_guitar
8pUPHDXTNL4_000006_000016,playing_bagpipes
ZfX1UPakfa4_000065_000075,chopping_wood
AIru-L6N_MA_000048_000058,stomping_grapes
cRaNs3g7T9g_000000_000010,playing_violin
UopsscdweAc_000047_000057,playing_harmonica
Qv4MmSEXVtw_000074_000084,playing_drums
1hAguxnlD38_000016_000026,blowing_out_candles
IN0HvWZJe3c_000153_000163,playing_organ
DKKRZgnzoMA_000016_000026,blowing_nose
QxubCl1KKDw_000013_000023,playing_saxophone
YJ2yJD-insA_000099_000109,chopping_wood
4rl9oQBCNtQ_000001_000011,playing_bagpipes
0Hr1KO_XVK4_000090_000100,mowing_lawn
dU3-oh0im4Y_000020_000030,bowling
9fLKcfCUFs4_000044_000054,playing_harmonica
DoI9b99kXOM_000001_000011,chopping_wood
1_jCOf5tTrc_000013_000023,playing_guitar
5nOGINuRe4M_000532_000542,mowing_lawn
2-G24ec9g_c_000023_000033,blowing_nose
Su4lmen8WZs_000284_000294,playing_clarinet
bGq1qqXz5KQ_000118_000128,playing_bass_guitar
b6yJeXfmhm4_000136_000146,playing_drums
PMwTTSdx-4M_000012_000022,tapping_guitar
0_tNR_eU_Ss_000168_000178,singing
KJV6khjON9s_000060_000070,playing_xylophone
8AEhuk846F8_000083_000093,playing_clarinet
R_8xwBq7AoI_000079_000089,playing_xylophone
BM9w93BuuBk_000000_000010,bowling
N79M53Ql0O0_000001_000011,tapping_guitar
XugjHc5VCvU_000217_000227,playing_bass_guitar
0jVfElwRIQ8_000195_000205,shoveling_snow
aEFYi0OHXL0_000004_000014,playing_piano
WIqKSWTbtuc_000029_000039,playing_violin
gpgfbakmmfU_000074_000084,playing_bagpipes
0pznVln9yhw_000024_000034,ripping_paper
14vkNiEiVY0_000001_000011,dribbling_basketball
6sBKSz35U10_000049_000059,playing_organ
e-_b84pJNkM_000008_000018,bowling
TtUg9u1OoRY_000016_000026,tap_dancing
8pzf_3mztGE_000210_000220,playing_bass_guitar
EqLQ8wt7MjQ_000041_000051,bowling
YddiM3dvCk4_000218_000228,playing_guitar
GN69lok98PA_000278_000288,playing_bass_guitar
FJMggkm-PrQ_000001_000011,playing_bagpipes
ax4dfvT9hEA_000069_000079,playing_clarinet
Qt4V8FyLpHo_000017_000027,blowing_out_candles
K7Pr1aEeWcU_000158_000168,playing_clarinet
6o-RAlLeAes_000010_000020,shoveling_snow
SUv0RD0-R0o_000001_000011,playing_trombone
8qavH7izpZ8_000247_000257,tap_dancing
I8jiWmaWcO4_000043_000053,tapping_guitar
QldhKqSXvTE_000039_000049,playing_trombone
JMWa-C9Vvhg_000070_000080,playing_guitar
-OpCe8xgLGo_000018_000028,mowing_lawn
VyNAmELaN64_000002_000012,playing_trumpet
dm_C2qaBwFc_000005_000015,mowing_lawn
I5Lnqtao6Ng_000057_000067,tapping_pen
JF8QVwA6-Rs_000026_000036,playing_harmonica
8B3sbsmuEeI_000048_000058,blowing_nose
XbIcxeRM_3o_000052_000062,playing_keyboard
T_D5l8rQwvk_000000_000010,playing_bagpipes
5EI4HejtUuU_000210_000220,playing_bagpipes
gKJrqbpnlqE_000061_000071,bowling
gv7p7QZxmu4_000092_000102,laughing
1xUcNMhYwjI_000005_000015,playing_keyboard
8dIRKyHJ4Dc_000149_000159,playing_trombone
W3kTO-BsHI8_000086_000096,tap_dancing
fxwljOXG8TA_000044_000054,chopping_wood
MF-HGKvGa10_000001_000011,ripping_paper
NgpW7lCmnEQ_000054_000064,playing_accordion
a4SzbxoBD04_000041_000051,playing_bass_guitar
IU6I_43kjL4_000031_000041,playing_guitar
Mr-INCbvcJY_000000_000010,tapping_guitar
VgyC-63AdzA_000122_000132,playing_bass_guitar
UAZ42dU_scs_000015_000025,playing_xylophone
MGgFt4v5aDg_000233_000243,bowling
1oo-I_6vXYk_000000_000010,tapping_guitar
eHyut4-_FuE_000040_000050,playing_xylophone
BEqjNmroFj0_000206_000216,singing
ZqNLXTwN1r8_000076_000086,playing_organ
W0aHacwUZMk_000034_000044,playing_bagpipes
4eGTDraVFcQ_000039_000049,singing
IMvx2OokWpU_000010_000020,playing_bagpipes
YTAxisdUlDI_000000_000010,dribbling_basketball
9q_v2_hDE0Q_000011_000021,dribbling_basketball
QEj1pb5IkVQ_000153_000163,dribbling_basketball
Y3XciVymhGo_000002_000012,shoveling_snow
O2axmR1i5kU_000002_000012,singing
aDhwLaVUw90_000004_000014,ripping_paper
52pDdjsBGqM_000053_000063,playing_bass_guitar
WltxhmSdcTw_000038_000048,tap_dancing
-gZeSY1XHHA_000091_000101,playing_violin
THggcTYe1_I_000156_000166,mowing_lawn
a0eeSa7o9Ec_000016_000026,playing_guitar
g3EopacZato_000037_000047,playing_clarinet
Cnstc671TRA_000028_000038,singing
J4JqWEZmUco_000015_000025,tapping_pen
JXJ5Bem1ktY_000001_000011,mowing_lawn
HjjsVmLOdBU_000024_000034,blowing_out_candles
hHhlWqOuEHc_000014_000024,stomping_grapes
Hn1ZslLXips_000033_000043,chopping_wood
aolfBFGZq30_000048_000058,playing_harmonica
McmEPpNk3i0_000023_000033,playing_drums
Cq8NbvEOd3E_000035_000045,laughing
U3FJq0tuU-s_000074_000084,playing_bass_guitar
d4UPBCKdhvc_000230_000240,playing_clarinet
PcC2yLdxxHo_000005_000015,shoveling_snow
Gzd-PYnV-xs_000011_000021,playing_bass_guitar
JfcZrkIaEvA_000003_000013,playing_accordion
UViSz6TLkDk_000003_000013,chopping_wood
SZ6iGQxlGuI_000083_000093,singing
ZIsgQoDzZRA_000025_000035,playing_bass_guitar
_asCAhH7Cws_000004_000014,chopping_wood
HW3P3kgRzTw_000075_000085,playing_guitar
0eZzAavRayM_000099_000109,playing_drums
RsAfZElmq18_000012_000022,playing_harmonica
2UJKTiKaCHM_000004_000014,playing_saxophone
Yl3AnEtEFVc_000000_000010,playing_organ
C_OOEnIDOzA_000010_000020,playing_piano
MgCQAUOxK6g_000078_000088,tapping_pen
0xe0Jp5GiAk_000009_000019,chopping_wood
Qdkv6FIcJKM_000060_000070,playing_harmonica
BR2z_gasw58_000193_000203,dribbling_basketball
YXczfPgvtm0_000021_000031,playing_keyboard
gGeGo4RXN-0_000181_000191,playing_guitar
CfOws0v03BA_000001_000011,playing_keyboard
gy7K8HNrKdI_000000_000010,mowing_lawn
RX-IKqP-vdk_000077_000087,playing_saxophone
Q3rLOBkdXT0_000013_000023,playing_trumpet
G6lf6BZMEug_000000_000010,blowing_out_candles
XKNJd71RPwk_000018_000028,tapping_guitar
glxVK5oNUHI_000001_000011,shoveling_snow
D9tQXsaWLnc_000057_000067,playing_saxophone
9boCfvLvbPU_000160_000170,playing_organ
89qCaOlNWX8_000004_000014,ripping_paper
R1lZRWAnSzI_000036_000046,laughing
WLhzV-d6D_I_000004_000014,laughing
GulQnLdUy74_000026_000036,playing_drums
S2nnpIqo5v8_000001_000011,bowling
WyemdEsvycs_000043_000053,playing_clarinet
XP9-mpcwAS8_000000_000010,playing_saxophone
4pacxKS7PTw_000024_000034,playing_trombone
aOPtUENRZcI_000138_000148,tap_dancing
1hQMO7nzd_Y_000011_000021,playing_trumpet
CFsTuTy2SGM_002410_002420,playing_clarinet
WSSAH2GbpzQ_000023_000033,chopping_wood
ZJuxEnCUDl0_000005_000015,playing_xylophone
KyZpo9lUZ7o_000150_000160,shoveling_snow
Nu3iCKZhlDQ_000109_000119,bowling
GpQHZl-Pc6Y_000000_000010,tickling
9_Z1ZcSTPbQ_000048_000058,shoveling_snow
E-RmUOgoxN8_000001_000011,dribbling_basketball
Yd_1dmopDK4_000062_000072,blowing_out_candles
DOFpneaSWq8_000055_000065,shuffling_cards
WbZyG2nlSFo_000124_000134,shuffling_cards
HmsEznIzuDQ_000019_000029,playing_bagpipes
dYfqCq0jo_c_000002_000012,playing_harmonica
g278Hn2O-BM_000152_000162,playing_xylophone
2HU1yJZ0JLU_000004_000014,playing_harmonica
LwMPsWwVb6s_000139_000149,tapping_pen
Ip-NwMmC3Ao_000004_000014,shoveling_snow
XEVB3P5N8TU_000264_000274,tapping_guitar
D5_xKlXBKyw_000022_000032,playing_keyboard
ShTmYUGMcyg_000020_000030,mowing_lawn
U4rkHeZ3x5o_000122_000132,playing_xylophone
Hx4wElfKTkY_000022_000032,playing_guitar
HD5Mo0_8x2U_000024_000034,chopping_wood
bRJi95-UbIs_000001_000011,blowing_nose
5M0LkVEBxhk_000064_000074,playing_keyboard
Qo1J1Eeyhgw_000009_000019,playing_trombone
5zJAVGnE0K0_000001_000011,bowling
49GGTP9K84E_000029_000039,tickling
NopfI7Oq-Co_000058_000068,playing_bagpipes
CfTQ_SfMKZg_000045_000055,singing
EvsNiU_VWQo_000083_000093,playing_keyboard
_cklywq9g6E_000017_000027,dribbling_basketball
YbZ0lhJNGqk_000054_000064,blowing_out_candles
TKf0I-LIxxE_000002_000012,playing_saxophone
RjhYN4LlBIg_000118_000128,playing_piano
-Nx8SzhbsXM_000039_000049,playing_bagpipes
VUiHu-JkXOc_000030_000040,playing_piano
S29l10kcDBM_000009_000019,tickling
7NukjWcxZr8_000037_000047,ripping_paper
7C7i6q0X3xc_000064_000074,playing_organ
X_hGdOYhnB0_000014_000024,playing_harmonica
7LY_KQwGuU4_000000_000010,blowing_nose
OpB0zUuY_Sc_000001_000011,playing_organ
C66KiaMQFDc_000232_000242,singing
5buTKoaekyI_000032_000042,stomping_grapes
9KB1UlON2Zo_000027_000037,shoveling_snow
TJfJXEqi0do_000072_000082,playing_violin
YPaacAZJN1s_000008_000018,laughing
fNvCpoa4Ask_000001_000011,mowing_lawn
TRW3Am--UZc_000092_000102,playing_drums
Zc-SJsbOFiI_000003_000013,shoveling_snow
fivHX77rMRw_000043_000053,playing_clarinet
INCYwI4cNdk_000172_000182,singing
Kb95q6Spfpw_000050_000060,tickling
Uij7QYjlW0E_000247_000257,mowing_lawn
4VjiocmTIMQ_000019_000029,playing_saxophone
_Cy_5qTOM7c_000005_000015,ripping_paper
ACFTfmcDrBQ_000004_000014,playing_harmonica
KVDCH8HmiD4_000003_000013,mowing_lawn
1A191XqZSQw_000166_000176,laughing
PJNjv3VrGb8_000033_000043,playing_violin
9VsenZ0XbaI_000064_000074,playing_drums
MUwN-eO4mIw_000005_000015,playing_keyboard
Ttih4GIKIzk_000018_000028,dribbling_basketball
LpzDjwLZBb4_000066_000076,shoveling_snow
7l4vgplZOYY_000001_000011,playing_keyboard
RaekcctwbEA_000008_000018,tickling
6rlApa2JiQw_000207_000217,playing_clarinet
FKQIdqjY9nI_000033_000043,playing_bagpipes
7Lg390vmVBo_000505_000515,playing_guitar
AztXZwpbeR4_000003_000013,playing_trumpet
Bq3HXb8eV7o_000000_000010,playing_bagpipes
18ceUgqcSb8_000042_000052,playing_harmonica
MIsSsRMOGl0_000113_000123,playing_piano
1-CTGzsuoI4_000109_000119,playing_guitar
KmiXmY7QQa8_000077_000087,playing_bass_guitar
IFCOo7JLLJo_000018_000028,tap_dancing
4MR4jfzmlxo_000084_000094,tickling
SQp0MUyF_N8_000429_000439,bowling
LyTmmgeUQ70_000037_000047,tap_dancing
bn-PIK7n4TU_000028_000038,playing_piano
c_l9JluAyl8_000015_000025,playing_harmonica
BL5q0EDmAt8_000006_000016,shoveling_snow
BrOcWVmMqhE_000032_000042,dribbling_basketball
dHkEbKERU10_000058_000068,stomping_grapes
Ppus3zwC2GI_000074_000084,shoveling_snow
IewGFIwNOeo_000135_000145,mowing_lawn
eIcPMutBDT8_000276_000286,laughing
c1W7hXZaby8_000164_000174,playing_saxophone
Cdc0p5wZw1Y_000022_000032,playing_trumpet
V7X4nPH4ry4_000226_000236,playing_harmonica
OKrMWVRu34w_000002_000012,playing_trombone
0L435d3zKFc_000166_000176,singing
6UTWdwg56Ug_000024_000034,playing_drums
UaDk5AIUfc8_000069_000079,blowing_out_candles
SdosUSMK5XA_000001_000011,playing_violin
1MFaLsm8GTU_000000_000010,playing_guitar
E47D_PZ2Zec_000069_000079,playing_trumpet
BVFR6AYD9rw_000000_000010,playing_trombone
dewJZ9pf774_000000_000010,playing_keyboard
YYWhWtyBLKY_000001_000011,chopping_wood
2ANDH2ZiteQ_000120_000130,playing_saxophone
gIo9STzSLso_000015_000025,shuffling_cards
6eLq2W9gSEY_000055_000065,tap_dancing
4n22Q_S_MOc_000043_000053,dribbling_basketball
IhgIvzOYXJU_000081_000091,tickling
FBUlALPgwgA_000017_000027,mowing_lawn
2WLWD2ML26M_000004_000014,playing_trombone
B5eU0OVY8Kw_000117_000127,playing_trumpet
JpakbdkStvA_000063_000073,playing_guitar
8popo4lpXsg_000116_000126,playing_clarinet
KNcfqn9QGMY_000022_000032,playing_bagpipes
FutxoMp5OtE_000026_000036,blowing_out_candles
QwZ302pXKks_000107_000117,tapping_pen
ey_LAauBQKo_000485_000495,playing_clarinet
6_DfXAxY9DU_000003_000013,shoveling_snow
KfKoCE2O-3c_000057_000067,playing_keyboard
7K5jGGIqwO4_000383_000393,playing_keyboard
bQgDKa7pGmc_000150_000160,playing_bass_guitar
KuyeYZd2vHk_000013_000023,ripping_paper
WPxLQojk8VY_000052_000062,playing_saxophone
MFqqixnj1gc_000003_000013,blowing_out_candles
TyI43F0PRWM_000139_000149,tickling
2IWKLz08jZY_000000_000010,playing_guitar
5bkITUmfsEE_000003_000013,ripping_paper
JfMmuDPbqf8_000155_000165,playing_guitar
FwnTQDfr698_000319_000329,playing_guitar
bm-_kwu35ao_000675_000685,playing_bass_guitar
LtoqMvOtV10_000108_000118,playing_clarinet
H3JiSKTzd2I_000001_000011,bowling
BBda_xaBa70_000046_000056,playing_trombone
gEtxVslmSQg_000001_000011,blowing_out_candles
ZQEFQIyqFPI_000025_000035,playing_harmonica
F18HqdylOYU_000139_000149,playing_bass_guitar
JEYTe0lbwBA_000031_000041,shuffling_cards
_Ja2JJcmDKs_000005_000015,playing_bagpipes
g4atIsKntc4_000001_000011,blowing_out_candles
ZWlsk96qqpU_000002_000012,bowling
8eHh5U1IYyY_000001_000011,playing_bagpipes
JKJSuInywEE_000119_000129,playing_saxophone
L8xv3PToYzM_000273_000283,tap_dancing
TTgGtfIPCQ8_000135_000145,tapping_pen
I7M5kWnJCW0_000243_000253,playing_bass_guitar
VEM0JbQVypc_000065_000075,playing_bass_guitar
bSzAbIn-IRE_000001_000011,playing_organ
UwVZzAs9Jww_000004_000014,tap_dancing
F4oVfADne08_000005_000015,shoveling_snow
Ol__fFNnqVc_000052_000062,singing
U6P-Fcdb410_000002_000012,playing_piano
C8FcxKrrbg0_000000_000010,playing_bagpipes
RKaB03DpVJ8_000109_000119,tapping_pen
DWWQqDpSN54_000000_000010,blowing_out_candles
IBmhUil0L7U_000173_000183,shuffling_cards
gOv8RtnIfz0_000113_000123,playing_drums
A0gjKZz5WEM_000004_000014,mowing_lawn
BLG8epH_KEw_000136_000146,tapping_guitar
dtWZ44NhLX8_000018_000028,playing_harmonica
fS8RK9juliE_000012_000022,playing_saxophone
QOFQbQ8oTf0_000012_000022,playing_organ
fXlcr7WKUOg_000004_000014,playing_accordion
g2AE37dOkA0_000051_000061,shuffling_cards
MC7O2sZz14w_000054_000064,blowing_out_candles
E1BPR3llDnk_000003_000013,mowing_lawn
A6goym5NWtw_000036_000046,tap_dancing
7Vd3TvUvBc4_000004_000014,playing_piano
ZWOjj94IIVU_000133_000143,singing
gtpd2XWTwRg_000023_000033,playing_bass_guitar
Ll90qqWE6g8_000013_000023,laughing
gqjtdcJuqSY_000000_000010,playing_guitar
FNCjqpsAzCo_000022_000032,ripping_paper
Sq1s9cNYwmU_000038_000048,playing_trombone
Mu8OUz-O038_000014_000024,mowing_lawn
FOFgtFpggEE_000034_000044,chopping_wood
FajXNYlkL40_000032_000042,blowing_nose
5neyFA5rM5w_000173_000183,playing_accordion
AdKj_1zBccc_000002_000012,bowling
alPkSVAs7ro_000016_000026,shuffling_cards
MMEcP5RPEzw_000053_000063,playing_guitar
BKugx6dslZc_000095_000105,laughing
cj5WTG39aP4_000004_000014,dribbling_basketball
4qZHhThCciw_000106_000116,playing_drums
LivXfNmZQZo_000062_000072,playing_saxophone
Aq_SCLk1Y0Q_000000_000010,bowling
MzkIXWNxjI8_000090_000100,tap_dancing
6GMjptNwZ8g_000162_000172,playing_guitar
fVAYxa96bNo_000026_000036,blowing_out_candles
Y-wxUB6hxl4_000031_000041,shoveling_snow
UyQM7tlgspU_000005_000015,playing_harmonica
bku5-FyYfbk_000188_000198,singing
8T9yeV9oT2o_000415_000425,shuffling_cards
e_pO0Mqrk8I_000004_000014,playing_trombone
_beTktk-3FU_000018_000028,playing_organ
JJjyLfjTwuM_000261_000271,playing_drums
5khoOnpbVQQ_000026_000036,playing_trombone
IaeW3b5fDXA_000035_000045,playing_bagpipes
aebcyzIyZAQ_000008_000018,playing_xylophone
Pg20yDpTR1c_000002_000012,tapping_guitar
NHXER72ZK08_000170_000180,playing_bass_guitar
W99GmMC3b68_000069_000079,playing_accordion
Z7LV4YSLa0A_000005_000015,dribbling_basketball
32RDSTvCR2k_000080_000090,playing_keyboard
LfIgJ2AAhiY_000081_000091,playing_organ
CBJu9QDS6j8_000100_000110,ripping_paper
Uxsulb1fzA0_000262_000272,playing_clarinet
btprl_2lxmk_000178_000188,playing_clarinet
FnY60ZKdVJk_000003_000013,playing_trumpet
czh7vFs0Hj0_000018_000028,playing_trombone
BiiUh94qTpc_000004_000014,playing_trumpet
BZvpMRR4T0I_000029_000039,shuffling_cards
C11ItpTNtnk_000083_000093,playing_drums
cEWlNmKpYdo_000044_000054,playing_saxophone
RwpkhTdNbdw_000034_000044,ripping_paper
Q5Ywy6L7pNU_000015_000025,playing_drums
_8KKhxI2GWQ_000038_000048,playing_bass_guitar
DXpFYgj3FXU_000017_000027,dribbling_basketball
HV6qjst1lWM_000017_000027,playing_accordion
8kGzQav6FJo_000004_000014,playing_bass_guitar
EAD9WrRfXls_000037_000047,playing_trumpet
4htG4AfxZHU_000087_000097,playing_saxophone
WAsIogdOMO0_000000_000010,tapping_guitar
B2-r4jGQHkI_000066_000076,ripping_paper
1XNb4A8FVTc_000137_000147,playing_bass_guitar
BS9B5xhE9F0_000003_000013,playing_trumpet
-av_0U1Ij7M_000319_000329,stomping_grapes
Bzxr-x5Nukw_000000_000010,blowing_out_candles
H3J4Q5g9rUE_000039_000049,playing_piano
7fSEVisouPk_000007_000017,blowing_out_candles
H-a6nnK7P4Q_000004_000014,mowing_lawn
4wTXLzeEmp8_000009_000019,playing_harmonica
3TLLrfmnvOQ_000055_000065,playing_harmonica
QTgri6HKmaM_000139_000149,singing
9ad9eL64CPs_000097_000107,playing_organ
NxBcuF_poCY_000041_000051,tapping_pen
b4HsbiTN4uU_000020_000030,shuffling_cards
166HwDJ7kIo_000179_000189,tapping_guitar
ZvHWR3PPE8A_000042_000052,playing_drums
W-Uz-hE8odM_000028_000038,mowing_lawn
ONUx6r8HAkE_000139_000149,playing_harmonica
aCZmxZNS2LA_000044_000054,stomping_grapes
NPro8hNqF4M_000005_000015,blowing_nose
YBzjtMKAQnU_000018_000028,tapping_guitar
UsL8iBIdxv0_000015_000025,playing_trombone
JJp1HrF0L1Q_000031_000041,shoveling_snow
5NzKv0bSllQ_000027_000037,playing_piano
fFLhptGE-T8_000000_000010,chopping_wood
fVxEHqbatrY_000090_000100,tapping_pen
WHnGo9Q7Q0Q_000161_000171,playing_organ
6F-3fEC2wB0_000005_000015,mowing_lawn
MaQBLRBMc24_000105_000115,playing_guitar
R5Ux7FHkytA_000030_000040,playing_drums
_hT9qeSEqoo_000003_000013,shoveling_snow
gkDisWByEK4_000031_000041,dribbling_basketball
SYQivf5bJ78_000068_000078,playing_piano
HQRUkfFYjbw_000012_000022,chopping_wood
gs7Tw70xZfY_000023_000033,shoveling_snow
7amrET6jbE8_000041_000051,playing_bagpipes
PMZOmcZbGmY_000057_000067,playing_bagpipes
8e1AYNgWfWE_000000_000010,playing_drums
7WfukKCAiw8_000056_000066,singing
e1-mnn63P78_000033_000043,playing_saxophone
gbaPvBVnQsU_000155_000165,tap_dancing
WyQ6OG8FywM_000004_000014,playing_trombone
GkwCl3c755Q_000017_000027,playing_saxophone
cHVaia5J9aA_000173_000183,playing_trombone
JpoI3sn-oNI_000029_000039,tapping_guitar
-hvXrI1Ufcs_000169_000179,playing_bass_guitar
1KSpPr05jgo_000253_000263,playing_bass_guitar
ZGt5K-eAcYo_000000_000010,playing_piano
9x_6HqIBEEI_000043_000053,mowing_lawn
O9RGJXJ2jbg_000000_000010,shuffling_cards
9Bugi4uUgKw_000022_000032,playing_accordion
Qlj2HEcX05Q_000045_000055,playing_saxophone
U_mI7rLMJO4_000022_000032,playing_violin
OaoqttUkxHw_000003_000013,blowing_nose
LEQoCbIDu0w_000151_000161,bowling
U9iqZZnogpA_000099_000109,playing_saxophone
Jbm8KK9fF0A_000024_000034,playing_trumpet
bkrEunphZ-w_000013_000023,playing_violin
GBtfu0nPjbs_000009_000019,playing_trombone
T2ZK5h7vBnc_000003_000013,playing_violin
a1-y00WqeyA_000003_000013,bowling
ekFWVeuQbbU_000000_000010,bowling
4WvByQe6DjI_000002_000012,blowing_out_candles
R8jsatfkNZQ_000785_000795,playing_bass_guitar
-WxSY9sL3qo_000053_000063,playing_keyboard
9HlzrVj7MTs_000003_000013,mowing_lawn
cEoxwZT5Qpk_000000_000010,playing_guitar
YEPWlyiq__4_000030_000040,shuffling_cards
fyS3awDHZnI_000001_000011,blowing_out_candles
DH0fzEYs7Mo_000027_000037,playing_keyboard
Ahkf1d9-o-U_000059_000069,shuffling_cards
A5ud8bXhW28_000129_000139,laughing
3J0GkWd1i2g_000016_000026,playing_harmonica
HZeMLguOdyc_000035_000045,tapping_guitar
TccvhNBYhG0_000001_000011,bowling
MEgGg-c_Sz4_000003_000013,bowling
UDX80Us-y14_000108_000118,playing_bass_guitar
L7jC5BP3vIU_000004_000014,playing_xylophone
IdVQMEcJ4bA_000045_000055,bowling
KX_wkn3-Agg_000060_000070,tap_dancing
Yd0_uHIHPyM_000068_000078,playing_organ
P5xqSt0lgUM_000041_000051,playing_violin
ZU_olCpJbhs_000035_000045,playing_saxophone
Db9NssZFRxk_000024_000034,playing_guitar
bDzcfykVhBU_000012_000022,playing_clarinet
NuVyR5Gh-fA_000101_000111,singing
JLXzlxNJdiY_000004_000014,playing_organ
BN-dhgHRkKw_000094_000104,tap_dancing
YzzNzUKS8Kg_000247_000257,playing_guitar
K5UfP7H7raI_000422_000432,playing_saxophone
AmsxZJQtJF8_000212_000222,playing_drums
O05a3oL8GE0_000050_000060,blowing_out_candles
OAdWS5i20Qo_000002_000012,bowling
CPxi6ThKMKI_000077_000087,singing
3u5OLHR58BA_000002_000012,chopping_wood
ev7l4TjCIcM_000003_000013,playing_organ
5kt2eB-HlZg_000024_000034,blowing_out_candles
HQgS8h36DZs_000093_000103,playing_drums
Gt2YnxQdjp8_000003_000013,chopping_wood
amtpEfOX4RU_000145_000155,playing_trombone
VbekzFCy5sU_000187_000197,playing_violin
2i6ydcGot8s_000007_000017,mowing_lawn
bAFZSUkT8i4_000018_000028,playing_clarinet
T4eF-cp0w48_000107_000117,playing_bass_guitar
fDRo-0jgZio_000001_000011,playing_xylophone
XvNhwFvbdL0_000142_000152,playing_drums
ZehWkXXqIaM_000042_000052,mowing_lawn
KqzUgXMr-60_000000_000010,mowing_lawn
_HBm0kb5ieg_000031_000041,tapping_pen
hA0NT_uR7CE_000061_000071,playing_violin
9QWnj3k9y6U_000026_000036,playing_guitar
B0T6fqJFPQ8_000005_000015,chopping_wood
6JptXaL3JLU_000004_000014,mowing_lawn
3aocvju8VSA_000057_000067,playing_piano
WUJo75l0gS4_000399_000409,tickling
WtXQZwLUQRw_000043_000053,playing_organ
NfIPC0oXMWY_000277_000287,playing_bass_guitar
5VdaWsZDgas_000089_000099,playing_guitar
0zLjcxeoEyM_000104_000114,tapping_pen
G8sCcFtSZtk_000069_000079,shuffling_cards
fHsKffNgoRM_000001_000011,playing_trombone
9Nltd-gmTE8_000153_000163,mowing_lawn
SQ0X43Ck8mg_000008_000018,playing_bagpipes
SCftRKjNAGo_000047_000057,playing_accordion
MpCMk0gWP-w_000081_000091,playing_guitar
FVEJvrIdZOc_000099_000109,tapping_pen
elQX0ainPpk_000002_000012,playing_xylophone
PkBPG-F2_PQ_000042_000052,playing_guitar
KZmQAzaBS5I_000085_000095,playing_bass_guitar
TgIm6fYMs4c_000014_000024,playing_keyboard
HdY0rY_IbnE_000215_000225,playing_guitar
24Xfw39v6lU_000017_000027,playing_trombone
7aw4FzDC9SM_000208_000218,playing_bass_guitar
6T59DK05R_w_000000_000010,blowing_out_candles
6XryIwHLhxs_000014_000024,playing_trumpet
GUxbfilicFA_000002_000012,playing_harmonica
8k4Qf6TAHEM_000072_000082,bowling
fwUFmTOIli8_000057_000067,playing_violin
6QURzuuh2ik_000140_000150,shoveling_snow
KZ6GNizf4Jk_000005_000015,mowing_lawn
Ib0GjKZO6jE_000000_000010,playing_trombone
HmbSBss-DXM_000058_000068,playing_accordion
Wd_GbT37Fx4_000477_000487,playing_clarinet
EbmBI2wOCqM_000003_000013,playing_harmonica
dTkV_dlECWo_000169_000179,tap_dancing
S6-Ak7fk9l8_000017_000027,playing_violin
NwTcDj9jfj0_000004_000014,bowling
Z8OfiBb-lbg_000011_000021,playing_trombone
fW1e088ORHE_000089_000099,playing_saxophone
aYZo2sZtZvU_000087_000097,dribbling_basketball
9BHx9a7YKRk_000023_000033,bowling
S2HWEC1Aluo_000057_000067,playing_trumpet
V97_lb2fodg_000034_000044,playing_bass_guitar
4b80hG433N8_000025_000035,playing_saxophone
C6xRXfh68Qw_000006_000016,playing_keyboard
2yrAiU5adtQ_000002_000012,blowing_nose
TL5xryrKdwE_000017_000027,blowing_out_candles
H5wj_rx1SrY_000057_000067,blowing_out_candles
aWnLkalyFcM_000018_000028,singing
YEDxo-HO58Y_000090_000100,singing
JgsdTBbjRsw_000261_000271,playing_bass_guitar
AqPex_3_Igk_000061_000071,playing_keyboard
UjThs0Ulbpw_000960_000970,playing_guitar
NIKR-s8PHoI_000003_000013,shuffling_cards
avRXvS0Eafo_000231_000241,bowling
Xi68dag0iGo_000060_000070,playing_bagpipes
gGDY6e_kDQk_000213_000223,dribbling_basketball
OmgcUMNaD3g_000049_000059,tap_dancing
NUpistWSSV0_000146_000156,mowing_lawn
TZJ5bRwl1ys_000056_000066,playing_trombone
XcHuoG2w694_000052_000062,playing_keyboard
GDJwx-oOfhU_000143_000153,playing_bass_guitar
1cCusXOOuLg_000003_000013,ripping_paper
flkQ1RzPcy4_001272_001282,tapping_guitar
Vi5M0z7VyOo_000153_000163,playing_organ
O-h6P2oi_c8_000038_000048,playing_trombone
eU86MOIrKtU_000057_000067,playing_trombone
BS3ztOzlhzo_000031_000041,playing_trumpet
Ad7lenMmYJI_000204_000214,playing_guitar
Gbfx746UJN8_000032_000042,tap_dancing
Ifn_nXxnznQ_000197_000207,playing_bass_guitar
0vL9t0GKTts_000084_000094,playing_piano
VP-Bhf8a9BU_000013_000023,blowing_out_candles
VKYSpye6scg_000010_000020,playing_accordion
4jI2t5Iid1s_000071_000081,blowing_nose
KFHeD440eWw_000029_000039,blowing_out_candles
Mdm07JGe8Ko_000042_000052,tap_dancing
MFlrHtI07yQ_000101_000111,tapping_pen
2-uZHLjCNoc_000003_000013,shoveling_snow
__Ezu3Z_N9U_000002_000012,chopping_wood
gp1WV00tgwA_000085_000095,playing_clarinet
RIAtZzlAh4w_000003_000013,playing_accordion
auBPeGIeuJI_000010_000020,playing_violin
QudsV5KviMs_000076_000086,playing_bass_guitar
6pJFpn-GkPI_000041_000051,chopping_wood
9Amzb1ChK9k_000351_000361,playing_bass_guitar
6U0-pWT5C0w_000127_000137,tap_dancing
BfEAoSsDcbI_000085_000095,playing_xylophone
bdU60CP7Ab0_000059_000069,playing_drums
QOF03PpCPxM_000119_000129,playing_violin
EVDLnb23L1o_000153_000163,playing_bass_guitar
4x9T5j2aRDY_000011_000021,bowling
NwkGld-tmdU_000000_000010,chopping_wood
2u0kaJfVs0I_000349_000359,playing_clarinet
gHUuvN39qZQ_000026_000036,playing_guitar
-_KiwxNptjs_000159_000169,dribbling_basketball
T_Ws_yTqhBk_000169_000179,playing_bass_guitar
WwaL2WFzB14_000136_000146,chopping_wood
PFcyyqu13ww_000017_000027,blowing_out_candles
N4hV3pmFhc4_000146_000156,singing
XSTrdWiSMWk_000007_000017,chopping_wood
RmDaoKlK3jM_000083_000093,playing_accordion
a4anJMWl9B4_000239_000249,mowing_lawn
Myq1Uigc9uo_000122_000132,playing_bass_guitar
OZFVp-7yFhU_000209_000219,playing_drums
TZ6SISlCDAw_000015_000025,blowing_out_candles
NGn2xfJUjFQ_000284_000294,tap_dancing
ew0PAI4hHH0_000121_000131,playing_violin
LeSfCMOkqcU_000000_000010,dribbling_basketball
KblvstHnteg_000091_000101,singing
TC7Y7kdVtnc_000220_000230,playing_violin
Ssl8YBd8an4_000050_000060,chopping_wood
ExJN_gjqE58_000094_000104,shoveling_snow
Gqe8_pLDD4w_000016_000026,laughing
Pyiakz9QCbc_000082_000092,mowing_lawn
-qtCebhXbYM_000099_000109,playing_bass_guitar
XUtjvjUHEZQ_000002_000012,playing_harmonica
NwTHqhe-xOg_000119_000129,bowling
-Kp1ZTCMSsQ_000211_000221,dribbling_basketball
ALpX4KHQ0us_000098_000108,playing_bass_guitar
QFNYSFo5ap0_000003_000013,blowing_out_candles
avwqwq2w89A_000017_000027,blowing_out_candles
IOjzYAePoYE_000215_000225,playing_accordion
EkKBrT92v9w_000003_000013,chopping_wood
LncINZUDH00_000111_000121,playing_harmonica
Jx-pmatiB94_000037_000047,singing
FYxNx8LTfLA_000057_000067,bowling
ALnIeNKoWLw_000218_000228,playing_trombone
8hwiuRA_uPQ_000007_000017,blowing_out_candles
MX7-VUsSuc8_000015_000025,playing_harmonica
_ZrjPZ2I0rk_000023_000033,tapping_pen
3Nxsz9NxLjM_000058_000068,mowing_lawn
WJjuc2wjgX8_000010_000020,chopping_wood
K9WA_ULKebw_000019_000029,stomping_grapes
FZLamFSm65E_000056_000066,tapping_pen
ZM94wavGWzw_000108_000118,playing_trumpet
6JcCUEKJMAc_000001_000011,tapping_guitar
5iTmGeloFco_000056_000066,shoveling_snow
88ufE18CfKc_000038_000048,playing_violin
cHcwIlfypp0_000087_000097,playing_bass_guitar
ZHyuFwX9vcI_000056_000066,dribbling_basketball
Mmr43ghk6hY_000001_000011,playing_bass_guitar
e9iND9sAtqU_000091_000101,tapping_guitar
Wcp_FSRhkUU_000683_000693,stomping_grapes
ZHOGIMazaBc_000002_000012,playing_saxophone
aK_wm-_OUOg_000010_000020,laughing
EOVuaNkUd7w_000008_000018,bowling
1EKTmOoYPik_000041_000051,playing_bagpipes
ghelhLgKF8M_000156_000166,shoveling_snow
cBOCiN4MaLg_000022_000032,playing_xylophone
0EjYSj2iJfo_000009_000019,playing_trombone
Ao5Yt4lU918_000033_000043,shuffling_cards
K5NQGEGIJ_o_000005_000015,blowing_out_candles
7aJVyx70HMU_000143_000153,shuffling_cards
R0O4V_gw2q4_000110_000120,chopping_wood
QzBWLEvrKe8_000009_000019,playing_bagpipes
FSApcm7ltpQ_000085_000095,laughing
JH2Qi9c1r-U_000030_000040,playing_guitar
b-lYZafgGK8_000025_000035,playing_drums
1R3W3f2K4_w_000102_000112,tap_dancing
_JZZsgTCMis_000173_000183,playing_trombone
Td8DRIeafi4_000224_000234,laughing
-GE9OvW56nM_000042_000052,playing_bagpipes
AFlyEIjXY_o_000136_000146,playing_clarinet
FEuRAp_a5ZM_000029_000039,tap_dancing
9cXhMRhDin8_000003_000013,playing_accordion
Tbiln4kMAjU_000256_000266,playing_bagpipes
4lg_lRjwACY_000043_000053,playing_bass_guitar
PTyxuP1kero_000000_000010,blowing_out_candles
ZgLYYZCYjko_000036_000046,playing_accordion
_Ry3gjh-fvU_000120_000130,chopping_wood
_X08QKgVw2E_000024_000034,shuffling_cards
YxtKHOaZRoA_000069_000079,playing_trumpet
6u2crLtAZnM_000018_000028,playing_xylophone
Ftcy3zLLAyU_000205_000215,tap_dancing
2sHbG7FxjJQ_000004_000014,mowing_lawn
4MUUvCcFvn4_000053_000063,playing_organ
BKAiNIw7Db4_000008_000018,playing_trombone
KA8a5qibUJU_000207_000217,playing_violin
L9uzgscd_Vo_000068_000078,tapping_guitar
U-eNpJaNrp8_000053_000063,playing_piano
L8R6iGznLjE_000007_000017,dribbling_basketball
B7A5tqr7nv0_000010_000020,mowing_lawn
8YOhQKhy-gI_000105_000115,tapping_guitar
JZyT213xfJM_000031_000041,bowling
ImjD9neXjyY_000043_000053,shoveling_snow
D0ar1RZ26PM_000060_000070,playing_keyboard
IjSclBPZodY_000000_000010,chopping_wood
YX5r-6FVA4c_000000_000010,singing
4T6jqUxCo2Y_000045_000055,chopping_wood
AtY1zNQRfxg_000079_000089,tap_dancing
ND51IlgZsDg_000146_000156,tickling
3ZHXP9p4K2Y_000083_000093,tap_dancing
YSvyK2TWyFQ_000049_000059,shoveling_snow
F4nGBi4cjQY_000008_000018,shuffling_cards
0_tZ4OTT1MI_000256_000266,singing
NHaze5FNaBc_000098_000108,stomping_grapes
GBbaHN1H7RI_000002_000012,tapping_pen
MqG94YRd7lE_000041_000051,playing_bagpipes
FsXfbcBGpyU_000011_000021,playing_trombone
QOFb7ZEFE2w_000067_000077,playing_keyboard
0iX0QmnbrK4_000085_000095,playing_trombone
G_0qErAf0zE_000002_000012,playing_piano
UdL6s92FcDM_000333_000343,bowling
aNM0sDFgGrI_000018_000028,playing_bagpipes
_57zBYVbemI_000404_000414,playing_clarinet
LlViRqBqtGw_000033_000043,laughing
4IKXzRhIvVQ_000039_000049,dribbling_basketball
GHdnaJO4Up8_000114_000124,tapping_guitar
YIDSCqna8bo_000057_000067,shuffling_cards
0Fq6croYsmc_000076_000086,shoveling_snow
QHOjslTzDlQ_000069_000079,bowling
d9d6VeEwqu4_000000_000010,playing_organ
SPd3TAeegEA_000063_000073,tapping_pen
NYBQCD583AU_000053_000063,tapping_guitar
5qjUifx4FDA_000073_000083,tapping_pen
OtClboN0yfg_000003_000013,playing_keyboard
Mmh4cwPyQWY_000000_000010,playing_bagpipes
GdRnQVl_IuQ_000045_000055,tap_dancing
7aKU4U6VkeU_000016_000026,ripping_paper
LIkRusSEcUs_000558_000568,playing_clarinet
9edqkupd0qU_000058_000068,tapping_guitar
SrTIwEZ96Ak_000019_000029,playing_piano
VzLCKRLaU6Y_000431_000441,playing_guitar
_qMErsFAe2M_000265_000275,tap_dancing
H8aoDRBV-Ng_000028_000038,playing_harmonica
H3a3TkA3x6o_000057_000067,chopping_wood
8at_6v1x3dI_000015_000025,playing_trumpet
Zt82OYG8ybg_000023_000033,playing_accordion
Q9vd2uc16Ww_000000_000010,playing_guitar
ZF-pF6v3fb0_000052_000062,playing_accordion
GkSEuJERZ_I_000004_000014,bowling
0ybC_a5ikU4_000379_000389,playing_organ
KJ_3rBNwXrM_000096_000106,playing_violin
X5aQPdgjtn8_000016_000026,playing_accordion
gSynVvHSX_M_000115_000125,playing_organ
MgNMwPJvCQI_000028_000038,tapping_pen
OquXUnQxCjw_000179_000189,playing_xylophone
MZx9e5PxlQ0_000094_000104,playing_trombone
ARlnoWVbhP4_000146_000156,laughing
II4OUnenewk_000002_000012,blowing_out_candles
7YLguqqTDz4_000010_000020,laughing
EVLB5m9yS-8_000038_000048,ripping_paper
Wuz7Y8KVwJI_000045_000055,shuffling_cards
WUyS41g90LU_000001_000011,playing_piano
RCiccPbkxTU_000030_000040,playing_trombone
R4TX4nd4lCk_000050_000060,singing
DgAEUKmWJ6Y_000182_000192,playing_drums
JwkTVQlsy4s_000020_000030,playing_trumpet
QYjeFB-ygSI_000189_000199,playing_violin
0me9SRAg3J4_000023_000033,playing_accordion
KLqYVu-ybdA_000004_000014,playing_xylophone
Sr8yfRgbkt0_000015_000025,playing_violin
2sFIwVeJIv4_000015_000025,playing_saxophone
c0HGIJP5Upc_000248_000258,chopping_wood
7UZ2nWkx0ms_000003_000013,shuffling_cards
8VwO8xnC8VY_000069_000079,playing_drums
AEkWxC5b4Bo_000018_000028,playing_guitar
-Nb91doUk70_000120_000130,tapping_guitar
WehXennSlNQ_000225_000235,tapping_guitar
Sb59JekxkfE_000024_000034,playing_organ
Mt1bgrat1Ck_000020_000030,ripping_paper
h1B9qBAFldk_000016_000026,chopping_wood
QUlMTGbn3i4_000001_000011,laughing
0rVdxGuX5do_000004_000014,playing_accordion
dz_4yEN2VJI_000102_000112,playing_trombone
F9k4yKcdvpE_000421_000431,playing_trumpet
8fWjA1z7RVc_000010_000020,playing_saxophone
CvYv_xviEVA_000010_000020,mowing_lawn
0MuB7oRB148_000047_000057,playing_bass_guitar
1qnqGzNMVYM_000036_000046,blowing_out_candles
Kf97NetazLI_000003_000013,bowling
OuxltJ80k_U_000009_000019,playing_trombone
dbr8_HHY-SY_000024_000034,playing_organ
gSottpGXcoQ_000139_000149,playing_bass_guitar
KgvfLwr287s_000052_000062,playing_trombone
Mukn4Wtwnew_000055_000065,blowing_out_candles
EpVV_Dt7AhI_000013_000023,bowling
VrUwXMvipUQ_000033_000043,tap_dancing
gjjyuMpQrIs_000054_000064,playing_harmonica
1uMxxKPmqBM_000023_000033,chopping_wood
4eZvIpY6gzo_000041_000051,blowing_out_candles
7iJcSqc4OsU_000000_000010,bowling
HQHzjKvOoYo_000016_000026,ripping_paper
EHImzAVCr1g_000133_000143,tapping_guitar
SwBlMed09X8_000002_000012,blowing_out_candles
G-XXiicHaww_000015_000025,chopping_wood
G0Xq2oGzqOo_000142_000152,bowling
96fgX98kQa0_000002_000012,mowing_lawn
SJ1y6W22nDE_000106_000116,chopping_wood
Se2FzgsBSjI_000039_000049,playing_violin
FCnZ-Y2aqNo_000056_000066,playing_clarinet
SIG2gBCr4AA_000002_000012,playing_saxophone
W4bWujqZX6U_000152_000162,dribbling_basketball
59mwdzxLXIA_000001_000011,playing_bagpipes
Jgkb4glQkIw_000154_000164,playing_piano
M_FZWAzcumw_000161_000171,playing_violin
6mT7mc3AdeE_000014_000024,blowing_nose
8OKfXvjREuM_000035_000045,blowing_out_candles
cHbhjQva4t0_000068_000078,tap_dancing
Y1n1ig4icXM_000106_000116,playing_bagpipes
cvJQusMVbAU_000039_000049,singing
NwatdfkuoMA_000078_000088,playing_bass_guitar
TfTQoc3408k_000208_000218,playing_bass_guitar
bAyhNHVYVtU_000050_000060,playing_violin
fSUTMnNlsG0_000027_000037,playing_keyboard
RNnfNDl-RKo_000055_000065,playing_guitar
V2yIWokiarc_000215_000225,playing_saxophone
JSqJmZPqDy8_000002_000012,mowing_lawn
dLA1hou3fCw_000113_000123,shoveling_snow
cOFdZV_ShN4_000030_000040,playing_accordion
95qw4L-_VGM_000041_000051,chopping_wood
clc-nvHvSUA_000028_000038,playing_clarinet
IheicZpGG-I_000187_000197,playing_clarinet
JILMbesuGcM_000064_000074,playing_keyboard
JAufdEDiWEg_000044_000054,bowling
JhiAvgvMkBM_000051_000061,playing_drums
MPjkGHH0wiA_000176_000186,playing_bass_guitar
5R-0t5JvxT8_000011_000021,blowing_out_candles
L8WEgClS4Uc_000079_000089,playing_clarinet
WAkpvVrNC-g_000010_000020,chopping_wood
N8iXV8gr3u4_000111_000121,playing_clarinet
gAa2FEWtcyc_000017_000027,playing_drums
Jm0BuLp2Sys_000022_000032,playing_piano
7yt1RM9QqSQ_000015_000025,blowing_out_candles
gLa3EUTcCsQ_000674_000684,playing_violin
I0sFyyBjQWo_000025_000035,playing_drums
eWkz9fYFst4_000381_000391,playing_guitar
EYlI7IY_DcI_000153_000163,mowing_lawn
2sURckFiO78_000021_000031,blowing_out_candles
5tKHbgobqa4_000076_000086,shoveling_snow
So7EyZ1ficM_000058_000068,playing_harmonica
8pP7gskZwLk_000001_000011,playing_piano
LY2UepyExhM_000045_000055,playing_trombone
6wkVChd5-_s_000149_000159,dribbling_basketball
TNA74w0Vnjc_000014_000024,playing_violin
g3ehsHktLpo_000044_000054,playing_trumpet
Fs5F3uLEazc_000258_000268,playing_accordion
Dk9rB_C7VZ4_000002_000012,blowing_nose
AUKdsimHvYg_000608_000618,playing_piano
EGq4Bj0hNmc_000083_000093,playing_violin
3wJbIFGDAKA_000069_000079,playing_violin
fvsIQK0q43U_000072_000082,dribbling_basketball
4sedEYRYIZQ_000007_000017,shoveling_snow
NMzqNASW9JM_000046_000056,playing_guitar
HXW2IQhhxXE_000027_000037,playing_piano
BHXiIDDJzTY_000011_000021,playing_harmonica
40uIl1qVqPo_000003_000013,bowling
DXj-1kT1d0Q_000018_000028,singing
aH4cu2uFB30_000027_000037,blowing_out_candles
39yUbjNDU_Y_000032_000042,playing_violin
Ri6zBUC-aGs_000088_000098,singing
YIEkc5OPj80_000080_000090,blowing_out_candles
KsKzkw-HJE8_000000_000010,singing
Bc4vxniu3JQ_000170_000180,tapping_pen
WTiG8MFs5ik_000077_000087,mowing_lawn
W2gHwyCx-tI_000276_000286,tap_dancing
2DUNsqMaFz4_000002_000012,blowing_nose
MB67hyzsSzM_000001_000011,mowing_lawn
T7r0dzZK9t0_000039_000049,shuffling_cards
5kUWjEVVzzw_000095_000105,playing_guitar
_GPygwcqFqA_000004_000014,playing_trumpet
3U7CvemVrTw_000018_000028,shuffling_cards
Q_JWVtp06EE_000100_000110,playing_trombone
5N4yChfqn6M_000024_000034,tickling
YbvJ93oJMo8_000001_000011,bowling
hDon-wNJCgU_000119_000129,playing_trumpet
R5nxZMjUask_000058_000068,blowing_out_candles
atJC905qJUU_000113_000123,chopping_wood
gi8BQrk2FnA_000151_000161,playing_guitar
WectKW4BzxE_000001_000011,playing_saxophone
UFHab2wIzX4_000009_000019,playing_accordion
do5WhNDBwXc_000082_000092,playing_saxophone
QFDLn5v1vzg_000044_000054,playing_guitar
AwdHfRgUhVY_000000_000010,playing_bagpipes
9BiW2mVKk0w_000220_000230,playing_saxophone
bUWR9kIzEhQ_000266_000276,playing_bass_guitar
cxXg45UofZY_000004_000014,playing_piano
0mHZbi8z_gI_000349_000359,playing_guitar
RWj8Iksmcn8_000056_000066,tickling
156mFWd2lNI_000029_000039,playing_clarinet
CEcUAnElIYI_000759_000769,playing_trombone
QQdC10At4Y8_000078_000088,tapping_pen
8zTKTKQhuYE_000059_000069,bowling
4wszySOJd10_000133_000143,playing_clarinet
8U3HqeSfbrM_000012_000022,playing_accordion
WO5T2hM-1L4_000056_000066,playing_harmonica
DSYS7nJQ5ZA_000000_000010,laughing
DvzNYOvDx88_000003_000013,dribbling_basketball
QDn5DXX_1Tg_000149_000159,playing_bass_guitar
D7QaHo9qNvg_000014_000024,playing_trombone
Zo_2iktM92o_000000_000010,tickling
ZitC9cmJRtA_000093_000103,playing_bass_guitar
Hh9aiu-5Rpc_000108_000118,shoveling_snow
Lq9FTuxjevo_000089_000099,playing_bass_guitar
BNl5aW99GN4_000037_000047,shuffling_cards
PAfeOmlwZHI_000024_000034,playing_keyboard
ZUGFVJK4rng_000015_000025,bowling
5iicxs-zLp4_000012_000022,chopping_wood
XSQM7GykkVA_000019_000029,playing_harmonica
Z_hwYD3_lBY_000020_000030,mowing_lawn
Lu11cTiviFs_000039_000049,playing_harmonica
TWfZoOxrezI_000003_000013,playing_accordion
6mC35rb9Eyg_000012_000022,dribbling_basketball
-qAs48RJWv4_000073_000083,singing
K9bFX2l4adE_000000_000010,ripping_paper
RjCNQ5AEBHw_000084_000094,playing_clarinet
VwtZUNQy2h8_000075_000085,chopping_wood
CUU2_Msh7YU_000004_000014,mowing_lawn
QQ2nuj4eNps_000016_000026,playing_trombone
RbnyaXQM-bY_000409_000419,shoveling_snow
30PBDxgMXAI_000010_000020,playing_accordion
MikbleaFA8Y_000023_000033,playing_violin
ahmYM_Cznxs_000053_000063,playing_harmonica
Ae5sF2qA4FY_000038_000048,playing_saxophone
KIBsuIp4dW4_000231_000241,tapping_guitar
CBMBAApyBdQ_000012_000022,laughing
Qgqre6AStSs_000026_000036,shoveling_snow
QT7dHBWA7Sk_000011_000021,tapping_guitar
YSpj2v06mkk_000183_000193,playing_harmonica
ami6xsFyb9o_000046_000056,dribbling_basketball
1nzfFpl2e0A_000201_000211,playing_clarinet
ONeFUpDjesE_000083_000093,playing_bagpipes
ITSLK-IDZn0_000003_000013,tapping_guitar
HXWd4kNIzTw_000127_000137,bowling
4VGbJ9O_GfA_000107_000117,playing_organ
PTOVNTSZO4k_000157_000167,playing_saxophone
fUTb3bJhbUU_000212_000222,playing_clarinet
Yj21AdkGox4_000220_000230,playing_bass_guitar
_GbqKGip9Go_000041_000051,blowing_out_candles
Pu2p9BvtwDE_000073_000083,chopping_wood
-JTJZtw_w2Y_000290_000300,playing_clarinet
ASmh6avmIr8_000076_000086,playing_saxophone
c9PZWSwTHzQ_000038_000048,playing_keyboard
0wZ9POw0Rt4_000523_000533,playing_clarinet
YdzJAzF2Sak_000011_000021,playing_violin
_mjbaPq_ph8_000001_000011,bowling
_JPAkPLvq_I_000091_000101,playing_saxophone
IjXuOyeufFI_000029_000039,playing_bagpipes
6woifh7LR94_000016_000026,playing_piano
bAzirL3mq_E_000085_000095,playing_violin
8mbUjBGTaCI_000118_000128,playing_bagpipes
JgCcW8d9ApI_000024_000034,laughing
G1m6fjZYynI_000007_000017,bowling
4E0VCY_d8w8_000006_000016,blowing_nose
GJ3wily-YIM_000086_000096,playing_drums
NtGmQxX-lW4_000191_000201,playing_saxophone
U-pRLha-I7E_000059_000069,playing_drums
JvjMeog0wh0_000000_000010,mowing_lawn
LF7WnKiwqxA_000132_000142,tap_dancing
4P7UNRnnfsE_000056_000066,playing_clarinet
SypocJdQY8A_000671_000681,playing_saxophone
UHkMBtzWt6E_000034_000044,tap_dancing
6hKe5ey9Ilw_000031_000041,blowing_out_candles
LOY73gPdEmU_000034_000044,playing_trumpet
Wy9yuCKnTwg_000035_000045,shuffling_cards
E0vdYgqaNFs_000003_000013,playing_organ
PoIyAm8X1kc_000011_000021,playing_trombone
Ncvint2mBRE_000071_000081,dribbling_basketball
gUlUu2AJ45U_000012_000022,blowing_out_candles
e2kltGkH_8w_000064_000074,playing_harmonica
csBQRKdnBzE_000002_000012,playing_harmonica
RSqUdUmkMfA_000073_000083,tap_dancing
EbrxGPX3X_s_000041_000051,chopping_wood
cK3-aapVFXM_000001_000011,playing_keyboard
QgmMARAPo34_000001_000011,playing_piano
ZEmHBXykINg_000166_000176,playing_keyboard
_I6Y6jUOep8_000001_000011,chopping_wood
gvTUfxien3E_000170_000180,playing_saxophone
0sx-wV02oG0_000030_000040,blowing_out_candles
4tAzIoNM0mA_000022_000032,tapping_guitar
bj--1HS-u6k_000199_000209,playing_trombone
OKSpFmjkSgo_000388_000398,playing_clarinet
PDELj658FLY_000000_000010,playing_bagpipes
A0kLEIUFsbk_000003_000013,ripping_paper
GIy--4FGLSI_000040_000050,playing_accordion
IYC-ZmTYn0M_000016_000026,shoveling_snow
XWvUYNHdNNA_000068_000078,laughing
-V44aYCVuWU_000001_000011,playing_violin
2glYotdX8Eo_000000_000010,playing_trumpet
TNQ-0_zCOGs_000029_000039,playing_organ
1AHVfRfx2Cg_000055_000065,playing_guitar
a3Xd6ryclNk_000202_000212,tapping_pen
27ruMgiNR4g_000041_000051,playing_saxophone
az4M7hqql5M_000000_000010,ripping_paper
Xuj5NbQQAhg_000020_000030,playing_accordion
-5WZ2MfBhz8_000011_000021,blowing_out_candles
cu9-nyyJDIs_000010_000020,bowling
Va7ez2m_HCA_000446_000456,playing_violin
B7t4wHkMi0Y_000011_000021,blowing_out_candles
9lgNgq6uisg_000013_000023,ripping_paper
g6XDObl-IsE_000132_000142,playing_violin
00Wq2ULInyY_000002_000012,dribbling_basketball
OcLVdNjvjcM_000019_000029,playing_trumpet
Pp2HlFLtqBw_000290_000300,playing_trumpet
9wpnYg4RkeA_000007_000017,ripping_paper
M8XzvKkWcI4_000014_000024,playing_trumpet
NBtlwVlLUeQ_000026_000036,playing_violin
hEbBL1t1yDI_000184_000194,playing_bass_guitar
bNDsqAtaozU_000140_000150,playing_violin
0KNJtZdmFPI_000009_000019,blowing_out_candles
N8T7RDie-sM_000003_000013,playing_guitar
4ANOVlhg3Yo_000004_000014,playing_trumpet
Sr3ywN5ZQyI_000025_000035,playing_organ
SDSJJVIQLfo_000372_000382,playing_bass_guitar
R0fExdKtKsg_000145_000155,playing_guitar
aI_syE4iqoY_000006_000016,playing_guitar
G3kxqqbOZwg_000171_000181,playing_clarinet
2VjkKTSsXEY_000002_000012,playing_bagpipes
Ot5OjyxZnOI_000016_000026,dribbling_basketball
EAa4h9yeQsQ_000018_000028,dribbling_basketball
h3DMnGqt-pk_000005_000015,chopping_wood
H_BK9quM_hU_000007_000017,playing_trumpet
8UFHSpe02KM_000018_000028,laughing
0k0mUCgpItw_000017_000027,playing_harmonica
R2PleDR6z0M_000000_000010,playing_xylophone
C2o6QoaBJQo_000035_000045,playing_bass_guitar
6GiwjV2gBXU_000012_000022,mowing_lawn
aYFnwHN9JkA_000003_000013,tickling
62nRXlNniUg_000002_000012,shoveling_snow
Pt5jMqQXTZ8_000001_000011,chopping_wood
Zio4TZ_yq88_000020_000030,tickling
9vlCFO23oJA_000000_000010,blowing_out_candles
W7tMpDS9pig_000026_000036,tap_dancing
Xv8tpiRjgFI_000003_000013,laughing
_2B8CI8iCrU_000008_000018,playing_bagpipes
1bbMhGRBfYo_000031_000041,blowing_out_candles
2zffZ01zl-E_000074_000084,playing_drums
Hbzy3AKh4OE_000399_000409,playing_piano
PU--zduP_IY_000038_000048,mowing_lawn
DW--vaIpXr8_000013_000023,playing_clarinet
KO0i84WOrZI_000094_000104,playing_guitar
2vQSDISAuKE_000004_000014,playing_organ
5rBqLT3hVJ0_000007_000017,chopping_wood
epcyc7Tyuqk_000008_000018,blowing_nose
F5Q9YYRvJFg_000057_000067,chopping_wood
Jdb9PXA4bTU_000150_000160,playing_guitar
g4HjWJoWDnI_000205_000215,playing_harmonica
dDxOOOt5mQ4_000049_000059,playing_organ
FxxfJi3o8FE_000002_000012,bowling
9UMt8jLqnlI_000026_000036,playing_accordion
9CCHo48oz_s_000048_000058,playing_guitar
-js8tMwwM0s_000644_000654,playing_bass_guitar
MNYhQmri7ec_000033_000043,playing_harmonica
PftKLIWo5jQ_000261_000271,playing_trombone
PJFcO9tuM98_000090_000100,playing_accordion
ElRbQCek1Vw_000007_000017,playing_saxophone
Cb33tWcdPck_000009_000019,playing_harmonica
d-t_UlJSQ7k_000020_000030,playing_trumpet
SQQuDFRrNRw_000083_000093,playing_clarinet
eDbHvQeXM5I_000039_000049,playing_drums
UY8gPfDHhfs_000204_000214,shuffling_cards
5oWqNAYbVl0_000003_000013,bowling
8tevfby-7kM_000015_000025,blowing_nose
RClPleQA0V4_000097_000107,playing_organ
MKxoOVvMETw_000032_000042,blowing_out_candles
g67SlWz_fQU_000126_000136,mowing_lawn
_izB_qnZH3s_000164_000174,playing_bass_guitar
4QTOcvGl1L4_000003_000013,playing_accordion
Npg2xhfPjGo_000015_000025,shuffling_cards
MJZlUO7uqGI_000147_000157,laughing
FkGRmA2vHCc_000071_000081,playing_trumpet
5D-Qd0f4VTM_000004_000014,dribbling_basketball
4vALvuq0d_0_000009_000019,playing_drums
4zxDv1rXT0U_000042_000052,tap_dancing
6qOrDX9RKV0_000004_000014,shuffling_cards
_JKOsbS8x5w_000008_000018,blowing_nose
3TUYNyf6IUo_000060_000070,playing_guitar
FlhP--QcVqw_001916_001926,playing_clarinet
W1FvgpGGguY_000114_000124,shoveling_snow
g-q6XvT55Z0_000010_000020,shoveling_snow
-x0GUhry63g_000017_000027,playing_drums
a5eQN6JmoSk_000043_000053,laughing
6PEhKrW0ufA_000032_000042,playing_trumpet
5tQLx2LDHRA_000087_000097,tap_dancing
dOsiwRwwgH0_000051_000061,tapping_pen
66FVg1RDtYE_000441_000451,playing_clarinet
F_jK97DiFmk_000119_000129,playing_violin
__QJVp_Kncs_000167_000177,playing_clarinet
cm_CdB66vGk_000003_000013,tapping_guitar
PUjDUSakmOQ_000025_000035,playing_organ
5bM3yS8Rv3I_000014_000024,playing_bagpipes
bV2A6cLWqO8_000194_000204,tapping_guitar
V-UUeo_VBCU_000287_000297,playing_bass_guitar
ATd-LDQ5MvM_000046_000056,playing_piano
a1OPJrtIEuE_000002_000012,playing_violin
YltjQ5aUfec_000115_000125,dribbling_basketball
_YZSKpNPI4E_000230_000240,singing
2TAWzZKPoZw_000110_000120,playing_organ
gxkXaXN96tA_000109_000119,playing_harmonica
-3EZyImLCXk_000003_000013,playing_guitar
9CihuaE_ZeU_000142_000152,stomping_grapes
8o81SPX6-MQ_000119_000129,playing_guitar
IM6mkbS3TIk_000053_000063,laughing
2FHcGNajPUQ_000275_000285,playing_guitar
62dh0oXHgPw_000001_000011,playing_violin
8VN3pXGBQdg_000051_000061,playing_keyboard
NlSRuD9daf0_000004_000014,bowling
SxQZWvPAQjE_000137_000147,tapping_pen
KWu5aO7yyzA_000338_000348,playing_harmonica
SwgWfV2BIVo_000120_000130,playing_drums
XkNwleiKmXg_000050_000060,bowling
ZDdM_oNS3oA_000280_000290,tapping_guitar
JzEKL-DIQjg_000126_000136,stomping_grapes
VDJed5vdSwE_000180_000190,chopping_wood
Z8fN13LIhos_000001_000011,playing_accordion
GL5tAz0bzSU_000500_000510,playing_trombone
O9Y0uX9Mesc_000015_000025,playing_piano
TPrrzlrwXsk_000062_000072,playing_clarinet
gh2k3Mb6qys_000017_000027,playing_violin
dH8qLb0r82g_000318_000328,shuffling_cards
7oP4R2ntd8M_000029_000039,ripping_paper
MrHhhONwkh8_000019_000029,playing_violin
TrMiBAKO3dI_000096_000106,playing_piano
89rk0AaidDI_000070_000080,playing_drums
VF1Jl-wpXus_000051_000061,playing_accordion
Ye1_FJgeu0c_000004_000014,playing_trombone
Nf6RQHHGni0_000087_000097,playing_harmonica
8S4gB94Onp0_000000_000010,dribbling_basketball
G20m5jUNJkw_000036_000046,blowing_nose
DVYLqfMajSQ_000019_000029,playing_drums
H1q5bWwx4Xc_000013_000023,chopping_wood
PMgBCuuwqsA_000003_000013,chopping_wood
J_BkNC79xQk_000075_000085,tap_dancing
bZrI4OUMl6Q_000003_000013,bowling
BLt_iT8zKH8_000042_000052,stomping_grapes
FzUyL7ZshqE_000136_000146,playing_clarinet
SkVsSjS05fs_000014_000024,playing_violin
dqadWzd7hqI_000072_000082,laughing
Fa5Fob2ZBdU_000014_000024,playing_harmonica
eZkDwJuQkU4_000126_000136,playing_drums
8LbWrQh9iPI_000030_000040,playing_clarinet
TG5n7sjAeCw_000022_000032,playing_harmonica
R9u8NHNcgbg_000027_000037,playing_xylophone
8OWTeEFTi3w_000021_000031,playing_bagpipes
a_TVUaLMcBw_000001_000011,blowing_nose
25-aVQKeoE8_000001_000011,shoveling_snow
-m_zWYs2Yd0_000006_000016,playing_saxophone
6sHlVwLB59A_000006_000016,blowing_out_candles
Hq0zh3EnRgI_000161_000171,tap_dancing
U_g4LigEjCk_000074_000084,blowing_out_candles
A0J_487VquE_000039_000049,shuffling_cards
GyxcMZNJnVs_000011_000021,tapping_guitar
CAavlELXLOg_000090_000100,playing_guitar
FkaYTaqioQM_000081_000091,singing
dc5nGMcDYMs_000030_000040,blowing_out_candles
fcOOqhEUgZE_000025_000035,tapping_guitar
AJfaQYOLOBs_000000_000010,singing
7CGcb2tXSJA_000194_000204,singing
4uSPTNt9wLA_000001_000011,playing_piano
EvzOBpbODnQ_000011_000021,shoveling_snow
3hddZZOKePs_000672_000682,playing_clarinet
bGl2Zk7beYQ_000031_000041,playing_harmonica
4ughMCk6Ytw_000012_000022,shoveling_snow
7CTpAxqTZbw_000023_000033,playing_xylophone
WZGhw_HQgrM_000062_000072,tickling
QNxUTYhhGVE_000024_000034,singing
eAk-GuNPDLc_000050_000060,playing_trombone
GKdQrdUowvg_000304_000314,playing_bagpipes
5hA4hN6tVuI_000009_000019,playing_harmonica
9-gjVmEgFbE_000022_000032,dribbling_basketball
4o5v7aDXU9k_000000_000010,blowing_out_candles
WDQc2mTLlt0_000017_000027,blowing_out_candles
23Hk06e7aDc_000013_000023,blowing_out_candles
KSBmOTWnS_U_000029_000039,tickling
_HAEmrEmgH4_000004_000014,shoveling_snow
3q9ssPiW4HQ_000013_000023,mowing_lawn
6QeTnG4-2u4_000002_000012,playing_accordion
CnukEn38Faw_000003_000013,dribbling_basketball
GoWA5bEZDFk_000107_000117,playing_trumpet
_SG330U0ZtA_000020_000030,mowing_lawn
M3ayMBpHw1w_000031_000041,shuffling_cards
OgMPLBZZpIY_000114_000124,playing_bass_guitar
dr1XVFnZVrw_000005_000015,playing_harmonica
7t8m6z4TJWA_000007_000017,bowling
J-oxkCSf2oU_000026_000036,ripping_paper
9G-iNThCYPE_000080_000090,playing_drums
6KSaPj-Cibk_000017_000027,mowing_lawn
DaGe4H6-aoU_000259_000269,playing_organ
A4BuF4Yj4tQ_000000_000010,blowing_out_candles
4Eq-6AiXYuY_000305_000315,playing_trumpet
f_yl7F-7ygo_000010_000020,playing_violin
9G_fMYyDXvs_000021_000031,blowing_nose
HLKRNHK_aUY_000012_000022,blowing_out_candles
Wo3PBABIPAs_000045_000055,playing_drums
Yn-NT1owycM_000014_000024,blowing_out_candles
WKYLR5MKegE_000003_000013,playing_trumpet
QSDg9lwklCM_000016_000026,mowing_lawn
a4Mu5ZqTb8A_000047_000057,playing_xylophone
DpjA6pyPuHU_000035_000045,playing_bass_guitar
gbZzpIdUgE8_000019_000029,shuffling_cards
DxenJfWzlTI_000021_000031,playing_violin
D3PttW2sVFk_000494_000504,dribbling_basketball
SyAZRoUaN1w_000226_000236,tap_dancing
UZycD2yWq3Q_000003_000013,playing_keyboard
-pC5iSaCLcw_000027_000037,tapping_pen
T8mYdWBxsLU_000075_000085,playing_harmonica
KoyLUIIf7_s_000010_000020,playing_trombone
3aCpI2y1ObI_000001_000011,laughing
ekaLkEIjRNk_000077_000087,chopping_wood
9F7pQvfQPLE_000025_000035,dribbling_basketball
F_Le9OAce3s_000025_000035,blowing_out_candles
NX_ZvU7yivE_000003_000013,playing_piano
JPfdnO6Qcj8_000003_000013,shuffling_cards
Nx4DFFoh0ck_000121_000131,playing_bass_guitar
1j3mktWIn8s_000000_000010,playing_clarinet
Ol2rfUv3zHI_000097_000107,playing_drums
3jELCMLVySs_000091_000101,playing_bass_guitar
cPoPqbGLEYY_000051_000061,playing_clarinet
38vqd5APY-c_000239_000249,dribbling_basketball
TExhCuVyAUw_000007_000017,playing_harmonica
WZC-Bb1K0oc_000039_000049,playing_drums
CI2KeSQmPu8_000006_000016,playing_organ
aJSet-l57AQ_000001_000011,tickling
RNMCWvUmP-Q_000119_000129,playing_trombone
CjvrrLuFLvw_000007_000017,playing_keyboard
8PfUPWPk9yU_000392_000402,ripping_paper
0MVU9SG3nZc_000018_000028,playing_harmonica
cO6HIPxaiHk_000021_000031,playing_saxophone
fk-5jfH7tjc_001421_001431,playing_clarinet
OjNVBY1768A_000000_000010,playing_bagpipes
64u2fvrNY88_000105_000115,playing_organ
2kiRRz3FrKU_000022_000032,playing_violin
P9ij6AuKujQ_000001_000011,bowling
_tzXa79KT10_000023_000033,stomping_grapes
BgOjS98GgEg_000018_000028,mowing_lawn
bIxQNv-T8oQ_000026_000036,playing_guitar
c46Svamecpg_000001_000011,playing_harmonica
DSngLo9qBdE_000021_000031,mowing_lawn
fG4SrPjQwno_000035_000045,playing_trumpet
Kg7vzuBctz8_000266_000276,playing_bass_guitar
7viDt1JX1GY_000016_000026,tap_dancing
TEnwmdvCvTo_000011_000021,playing_bagpipes
-8M6XG8uP_o_000021_000031,blowing_out_candles
B0xp9f3uaX4_000009_000019,bowling
GHf6tKRe5zs_000161_000171,playing_clarinet
CAoiPKi-ogs_000003_000013,playing_harmonica
VD_PNn9irss_000139_000149,singing
JVNUnZKLts4_000034_000044,laughing
I4w2kaTPmko_000022_000032,tapping_pen
SEDlib2lPJU_000070_000080,laughing
_Ar7CKQ8K-U_000082_000092,playing_bass_guitar
CCyoOdWRrGw_000000_000010,ripping_paper
3IFR_z8aHxk_000002_000012,playing_keyboard
Saz5YNGkEf8_000005_000015,playing_bagpipes
6GcrxusVdgs_000828_000838,playing_harmonica
JZz6Zxn6DQ0_000000_000010,playing_bass_guitar
MFZg9X47N8A_000010_000020,playing_violin
fqYHtWsJD28_000010_000020,dribbling_basketball
1ZqHGx-TcZ8_000134_000144,singing
-40Vpi4U4ac_000028_000038,tapping_guitar
1gcj1BFya6M_000002_000012,playing_harmonica
WD29HjymLNQ_000074_000084,shuffling_cards
fykQfCD9P_c_000001_000011,playing_saxophone
I6lhPXzxD4U_000193_000203,bowling
cyKXwq43ksQ_000000_000010,playing_keyboard
RZRHE2arO0A_000163_000173,playing_saxophone
gADglZki8Tg_000007_000017,shuffling_cards
KFqB0fn1hNQ_000000_000010,shoveling_snow
dSUggjE3Ess_000003_000013,playing_harmonica
dmGnt-WvxkI_000011_000021,shuffling_cards
-rKfz35NgHk_000124_000134,playing_harmonica
9nAzQn5NCoo_000042_000052,bowling
RKyHZQwO-0A_000024_000034,playing_keyboard
V08SwWPwZ-I_000021_000031,playing_xylophone
E0pirxTrCn4_000053_000063,laughing
A7Ay9ClCiVE_000057_000067,playing_organ
5_KA3T57MCc_000056_000066,playing_accordion
Pr1WrSJv-X4_000044_000054,playing_trombone
5Gj_KZpSpBM_000084_000094,mowing_lawn
KIToR836yoQ_000023_000033,dribbling_basketball
VxJVVcUgE0I_000074_000084,playing_guitar
NvPTN5LZSDs_000024_000034,tap_dancing
hLHbvRbe3Js_000010_000020,playing_guitar
R1NBzcpfjyk_000085_000095,playing_guitar
CL8RGaehVoM_000086_000096,playing_xylophone
IGd26mBfW0E_000005_000015,playing_trumpet
2LNTF-6IXQI_000048_000058,blowing_out_candles
99PDSX0pjbk_000163_000173,playing_bass_guitar
PWGZRftQoXo_000039_000049,playing_trombone
IH2j9jCLSMo_000092_000102,tapping_pen
2aaYg_hcFyE_000027_000037,tap_dancing
339iWvRXexs_000086_000096,singing
Afct6DPTqKA_000069_000079,playing_clarinet
O59SiA4Yg0A_000145_000155,playing_trumpet
S2iE3-3LFNY_000037_000047,dribbling_basketball
4VXL_EYZs8M_000022_000032,shoveling_snow
cpzPfv_zviU_000034_000044,shoveling_snow
T2Re4PiMqlQ_000033_000043,playing_harmonica
aCXoJcsfvgc_000000_000010,bowling
BridOQyj_mQ_000012_000022,playing_harmonica
5oYfdU9-0y0_000037_000047,playing_trumpet
LxP4k6EeHB4_000089_000099,tap_dancing
eRBrW3jmov4_000071_000081,singing
RrLKFyijjFk_000004_000014,playing_xylophone
IODt716nwo8_000020_000030,tap_dancing
PtATrrpKejs_000446_000456,playing_drums
K1MPEGkA3KU_000032_000042,mowing_lawn
az_yljJbAL8_000273_000283,playing_guitar
MYr1QAW1Rxo_000114_000124,playing_trombone
g79N-Y_h9h4_000023_000033,playing_trombone
O8_uuESVSkI_000222_000232,blowing_out_candles
C0tpZoh9zgc_000014_000024,playing_guitar
OT2dhYascFI_000004_000014,bowling
X0oHL_u3HqQ_000186_000196,singing
MshPaP7R6sM_000091_000101,stomping_grapes
V5BlPrEnKwk_000000_000010,blowing_out_candles
Pzw4qMATFjk_000026_000036,playing_trombone
Fjr6E3rkyY8_000051_000061,playing_bass_guitar
2_Alf8P2NoQ_000093_000103,tapping_pen
EeeDJlCdAU0_000002_000012,playing_accordion
GEOZ31HeZT4_000175_000185,playing_violin
2e5nk-xn3yU_000142_000152,playing_violin
Y56MOqr-aZs_000000_000010,playing_trumpet
G6V_SPNpSg0_000049_000059,playing_xylophone
SgCtFPxroX4_000000_000010,blowing_out_candles
MxSm3ojzzUY_000043_000053,playing_keyboard
eB4MgjBmv1c_000272_000282,playing_clarinet
FKdP_H-pu0I_000034_000044,shoveling_snow
MuBRuIEgXZY_000407_000417,playing_drums
AloxihU6E-w_000422_000432,playing_saxophone
CH_flsfnSnw_000029_000039,playing_violin
9bf7-mecMUg_000116_000126,playing_guitar
85NtgkgLvvo_000055_000065,shoveling_snow
POMV8FLqlvk_000003_000013,blowing_out_candles
IadLoDAcGTM_000013_000023,stomping_grapes
1O_YYrIe4wI_000032_000042,playing_trumpet
1msi2ULh8zQ_000321_000331,bowling
E16AIGnxbiU_000192_000202,playing_drums
EQNI3NiCuhM_000045_000055,tapping_pen
6oJYRXzt3qs_000000_000010,dribbling_basketball
KC4ZI7q9lME_000004_000014,playing_clarinet
8lnKIHXDQxA_000007_000017,mowing_lawn
Pe8k0uyU1Tw_000036_000046,playing_trumpet
IjjXuh4FrrY_000324_000334,singing
DNDXigpX5L8_000277_000287,playing_bass_guitar
fUR_5VMVtIQ_000007_000017,chopping_wood
NwIBnOJJ9dE_000005_000015,playing_bagpipes
bGxXC8M502I_000313_000323,shoveling_snow
gl2-WzYVs5g_000209_000219,singing
EbKi8tsVZGA_000000_000010,ripping_paper
_q0d3bZRw1k_000047_000057,playing_guitar
MKpBtrQMdjM_000059_000069,blowing_nose
_5XGUq5gpHA_000021_000031,blowing_out_candles
FUgrBcAJuk0_000164_000174,playing_bagpipes
YpI_CU98Y8s_000022_000032,dribbling_basketball
RE1PzSTol4Q_000018_000028,bowling
OMVSdm28QKE_000000_000010,chopping_wood
MvM_G9Co678_000008_000018,blowing_out_candles
Qv-1OWKAQCo_000044_000054,playing_saxophone
2xCDjfdrye4_000010_000020,dribbling_basketball
IkQsLDyFu1g_000142_000152,singing
BbEoaiq-gxw_000037_000047,playing_piano
J8nZfjW9BxE_000003_000013,playing_xylophone
On2U211Ebpg_000000_000010,ripping_paper
DnH4nGV2zrM_000036_000046,playing_keyboard
Cv2YMlAspPs_000069_000079,playing_bass_guitar
bTcpVaANU6Q_000000_000010,blowing_out_candles
YRgX6FeyzjY_000016_000026,playing_guitar
-JKF526GGzc_000226_000236,playing_trombone
eMEgrCklEEM_000027_000037,laughing
8lhODyltF2Q_000109_000119,mowing_lawn
JOd6hV_W8Zg_000025_000035,stomping_grapes
_d_EV_yBScg_000237_000247,playing_trombone
b6Z-OKxN0wE_000003_000013,playing_guitar
ZWCQeFbhtMk_000002_000012,playing_bagpipes
Jr97BPd8zjA_000000_000010,playing_drums
JQnXQFJSVb4_000003_000013,blowing_out_candles
22Pd4j-_gCc_000024_000034,playing_drums
PR61NLkMZkk_000096_000106,mowing_lawn
LTgfmUiPjVY_000087_000097,playing_keyboard
Fdp8GAbS3YQ_000039_000049,playing_trumpet
Mj07TcKTEEQ_000000_000010,bowling
MDgmjkY966I_000002_000012,playing_harmonica
MdflGPAoClM_000006_000016,playing_harmonica
etQi_ESE26I_000109_000119,tapping_pen
-n0z-qvK7x4_000045_000055,tap_dancing
4paMQ-LCVn0_000025_000035,mowing_lawn
Z4x-oUnlcsY_000069_000079,singing
Y3r0lJ8prbQ_000163_000173,tap_dancing
KF7CfIoYFbM_000027_000037,playing_accordion
axLGlfEPAlY_000022_000032,playing_bagpipes
JXVjaEk4F8w_000220_000230,playing_bass_guitar
C5DAv9MHKIg_000054_000064,playing_trumpet
S-7XTMF_rCk_000018_000028,ripping_paper
HedZge_G-Gw_000087_000097,singing
A9m39s8mKoU_000043_000053,playing_saxophone
W07hi9Y37Jg_000060_000070,playing_accordion
5v0VuXysBZk_000015_000025,bowling
9A5HB_fguBw_000030_000040,playing_xylophone
JXcdBjPXPtk_000426_000436,singing
Aoo_Wt4TegA_000008_000018,mowing_lawn
Iotg0d-BY2I_000030_000040,mowing_lawn
00Q90Fk4VlE_000212_000222,playing_trumpet
VCC7y4S_csg_000113_000123,chopping_wood
fkoZtpPIgN4_000013_000023,playing_harmonica
3L9IzS4SmtI_000001_000011,mowing_lawn
9XeoouQY8GE_000012_000022,playing_organ
UuEH4wp_mUk_000104_000114,tapping_pen
d7fSRiRTFMw_000009_000019,bowling
b_I6xaiyuiA_000006_000016,tapping_guitar
CnRLVXKErr0_000107_000117,playing_guitar
bsN7Lx25ewU_000049_000059,tap_dancing
KoBeFYTW2yM_000000_000010,tapping_guitar
7r1DLPJNsB8_000054_000064,laughing
NyysGodefh4_000065_000075,playing_bass_guitar
cCzETvRJMoM_000124_000134,tapping_guitar
XJogm5wpMaA_000261_000271,playing_saxophone
_wb3LpemK-M_000070_000080,singing
S_l6fjMRuP8_000000_000010,bowling
A40X_ZM48KQ_000001_000011,chopping_wood
TJZfnAdQmiY_000056_000066,tapping_guitar
RxndohIK7BQ_000189_000199,playing_bass_guitar
aFpBqTWZEJY_000036_000046,playing_harmonica
I_-a9D-hCo0_000021_000031,blowing_out_candles
2CqZo_5mvC4_000028_000038,playing_bagpipes
9XnJ7kmYVFU_000148_000158,tapping_pen
9zNf_eRY-dU_000085_000095,ripping_paper
I6NztDLyOFE_000232_000242,singing
fYjsyg2dy-4_000161_000171,singing
ar-Hp8D3_YQ_000003_000013,blowing_out_candles
7VfOQdxY6Bg_000023_000033,playing_violin
CJsqbQAhV54_000021_000031,playing_drums
UJOa3t2OuPc_000250_000260,playing_trombone
h4w9PKuvES8_000002_000012,chopping_wood
IhL_gDmBYQo_000101_000111,playing_drums
H4dBpNlwS6M_000448_000458,tapping_guitar
8_tzWIVQeu0_000013_000023,playing_trombone
PNA4bvLvcgI_000345_000355,playing_clarinet
H0Vn0LGKsTc_000005_000015,playing_harmonica
8Tj1z1V9NI8_000033_000043,bowling
CDhlQLP6QHQ_000240_000250,playing_clarinet
AWACqX6GWrc_000018_000028,blowing_out_candles
e5W7kLeYqLo_000014_000024,shoveling_snow
gxksPaYc8AA_000003_000013,playing_harmonica
EXFiFg2GX6w_000033_000043,tap_dancing
Ud7x63oS1CI_000015_000025,tapping_guitar
_oObtITB4RU_000025_000035,stomping_grapes
ceWaMLaOPu0_000178_000188,playing_drums
IuycskUAoOE_000039_000049,playing_xylophone
_4273UqJK38_000180_000190,tickling
11vm6DICgWo_000013_000023,ripping_paper
FzxEvHzFQZY_000072_000082,tapping_guitar
aVJ5IDMM-XE_000000_000010,playing_bass_guitar
U6Sap7VpsdY_000002_000012,bowling
X4PEi7ghuEI_000001_000011,playing_bagpipes
0-Gb1q-g_to_000046_000056,blowing_out_candles
b6i074-kSdI_000003_000013,blowing_out_candles
MK1WOqYTEls_000000_000010,playing_guitar
38rMK7wm5aI_000000_000010,tap_dancing
MDa2tT9CjdA_000002_000012,tapping_pen
0pHUvFWkrYg_000101_000111,blowing_out_candles
bIzp4ArOQ2I_000180_000190,playing_guitar
3QNXPexhXaw_000214_000224,playing_bass_guitar
CH_0knWmfsg_000023_000033,playing_accordion
bpW3QwcWGzA_000185_000195,playing_violin
SMpXpcMLRQQ_000002_000012,blowing_nose
HY6AcqOJJ9c_000003_000013,bowling
aN5pSfdJOOw_000015_000025,playing_bagpipes
VgMLZYjVUUA_000017_000027,blowing_out_candles
8TtV8Y9risQ_000059_000069,laughing
1uFmC13MA3E_000000_000010,laughing
OzEoYklF9dM_000023_000033,playing_xylophone
dhUjsIjrbTE_000074_000084,playing_bass_guitar
bQlw3MRQpRg_000073_000083,bowling
-Sw56gTpqS0_000014_000024,playing_keyboard
VcZPisZabL4_000106_000116,tapping_pen
dlXp2pEwJ5Q_000031_000041,tickling
ERXQfxWFaIw_000146_000156,playing_xylophone
LcedwZUDLFI_000000_000010,playing_accordion
LE9jLV4tA4E_000000_000010,playing_xylophone
fb61wQHeqXA_000158_000168,ripping_paper
0VExBIcdjs4_000020_000030,blowing_out_candles
6N9PuKbwN6c_000000_000010,playing_trumpet
aW6hnxS-T4k_002166_002176,laughing
JUEGcbP1AuY_000014_000024,shoveling_snow
GCohofXNSzQ_000181_000191,playing_clarinet
2afxQHquGcY_000019_000029,tickling
R7WH1cIVvcQ_000011_000021,playing_xylophone
cteHfRfg3hg_000101_000111,playing_bass_guitar
JLa6iLgXBMA_000023_000033,playing_guitar
Wd05XPpUOIM_000059_000069,singing
C9oZdzEsGio_000008_000018,playing_bass_guitar
OZV6v3n9Rws_000250_000260,playing_violin
Mj-zEs9xrpc_000242_000252,mowing_lawn
THOjT57HhD4_000576_000586,playing_drums
Ogy2KKZD0VY_000117_000127,playing_saxophone
BWCfhGUFdZk_000102_000112,bowling
STPE10g0INc_000096_000106,playing_violin
19843wjXlZU_000021_000031,playing_drums
_Itwe3XTjP4_000021_000031,playing_accordion
ZSYcPUD1y5o_000003_000013,playing_organ
H5tDowboTbY_000031_000041,playing_harmonica
_e6s3rIti5E_000022_000032,shoveling_snow
BCq42Bf4ANU_000061_000071,playing_keyboard
etoNGjDj4RU_000160_000170,tickling
U_fGs6hR7Vc_000406_000416,playing_trombone
Jx_AnO1l9vU_000003_000013,bowling
Vn_UvKPngG4_000019_000029,bowling
UUzDBz85FeE_000001_000011,playing_xylophone
3kwaAZFNyJE_000308_000318,playing_bass_guitar
7w9D5SuoFOk_000259_000269,playing_trombone
aEvBpBmMscE_000081_000091,playing_bagpipes
DmZkYpcGAUg_000357_000367,playing_trombone
On7aCPY8ONI_000055_000065,playing_clarinet
NprOkfZmS-s_000052_000062,ripping_paper
OXiqQLW_06k_000270_000280,playing_trombone
ehd36vjjop0_000100_000110,playing_bagpipes
hBJOgAH5LIo_000000_000010,playing_trumpet
_xgp_9IXNtc_000005_000015,playing_bagpipes
BnIqK_2o068_000047_000057,singing
1NNtU2-t_OA_000026_000036,chopping_wood
gfuS2ul5zF0_000276_000286,playing_clarinet
Ks3faHPK1K0_000000_000010,blowing_out_candles
275K1osuGq0_000000_000010,playing_xylophone
CAsa7chOm8A_000036_000046,tap_dancing
YIf6nheedBs_000055_000065,mowing_lawn
UEWlpeVELMc_000045_000055,laughing
P_oq6uB0wms_000541_000551,tapping_guitar
GaC8oYqoRJw_000045_000055,tapping_pen
7L3rufJEENw_000085_000095,playing_harmonica
UmQUIcFazB8_000076_000086,shoveling_snow
Pun3vNsMnaE_000019_000029,laughing
ds248wLVAPI_000042_000052,playing_guitar
Z8CQuAiTess_000023_000033,playing_bagpipes
90YvwycM-0U_000030_000040,playing_guitar
gIZDh2pMIMs_000069_000079,playing_trombone
NcDPhp62GJs_000015_000025,playing_trombone
Cywg3-7wAzU_000020_000030,tapping_guitar
9Nfz-zXZeNE_000075_000085,tap_dancing
CTuCRSzeTP4_000034_000044,ripping_paper
euSRtwG53KA_000081_000091,playing_clarinet
0hYiyxqNbsQ_000026_000036,dribbling_basketball
K5ZtlHWTUXs_000025_000035,tapping_guitar
3pgAY4SCZcE_000056_000066,playing_harmonica
KyMmKlGlECg_000166_000176,laughing
3Bim7SeZUzA_000003_000013,playing_trumpet
Kn0C4RxCmcA_000059_000069,playing_saxophone
-LEobPrk_S0_000062_000072,playing_clarinet
aIN5-Bm_ioA_000079_000089,playing_guitar
6zaSMAGX_U4_000627_000637,playing_bass_guitar
7ZQZL9Sc7uc_000000_000010,blowing_nose
P2pVy8BGw2U_000003_000013,playing_xylophone
7pF-bRvK_cE_000003_000013,bowling
R1bkJrKOEW4_000053_000063,playing_bass_guitar
XIGM8jHPoYU_000009_000019,ripping_paper
3PyXKx972nc_000007_000017,playing_trombone
NINm1IZ-wFU_000149_000159,playing_trombone
acxxQME1ae0_000001_000011,playing_keyboard
5_HsXCyDxeA_000028_000038,dribbling_basketball
KsiT_CDxcGk_000006_000016,laughing
Yl6B9xdYdNg_000004_000014,blowing_nose
8zMbHLMeDoE_000108_000118,playing_trumpet
QccWcpCLwuc_000030_000040,playing_keyboard
G030xIR5M-M_000211_000221,mowing_lawn
arV5kBQBgMU_000015_000025,shoveling_snow
KgEHEyz3oKw_000151_000161,shoveling_snow
KRF5EFAMcY4_000064_000074,dribbling_basketball
50bzJwVuI3Q_000084_000094,playing_guitar
e_jLQLi9GD4_000414_000424,playing_guitar
FEyXeoNcAMI_000002_000012,chopping_wood
b7XFP_50IAU_000047_000057,playing_bass_guitar
g2PrbxK6ndQ_000131_000141,playing_violin
c6fAdJwH7y0_000155_000165,playing_bass_guitar
O2nTTI7U6a4_000006_000016,blowing_nose
ThA-2FzfmxA_000404_000414,laughing
dIeNXS_G3mU_000040_000050,playing_organ
FD5USpJ659A_000130_000140,playing_harmonica
DmgPbB8pJKs_000126_000136,playing_accordion
d-JoaKsYewE_000043_000053,playing_harmonica
D8heEox4SRk_000142_000152,playing_keyboard
KPf7_wCIpKA_000000_000010,laughing
-y9wlqiK5C4_000015_000025,playing_trombone
UAV0av2SHTg_000056_000066,playing_organ
II4Mg3AVVkw_000003_000013,chopping_wood
1z8tM16oTr0_000360_000370,playing_bass_guitar
Zd3gAutwCMc_000014_000024,tap_dancing
APoSE_e91ZE_000023_000033,playing_violin
0kRbR1oswVg_000001_000011,blowing_out_candles
G9j7CZu4GhY_000022_000032,blowing_out_candles
StRu87egUsU_000066_000076,playing_organ
a5GVsR6NSag_000066_000076,playing_harmonica
H4iG3D0mFqQ_000026_000036,mowing_lawn
HBts4HMkZYI_000021_000031,chopping_wood
3aJJIgwSHqE_000035_000045,shoveling_snow
SiUpxrnkBs8_000002_000012,singing
SLx85zD387o_000095_000105,stomping_grapes
N9eI1yzvc8g_000009_000019,chopping_wood
ft84FFTP4UM_000020_000030,tapping_guitar
Vg5DZ2mnYyY_000136_000146,chopping_wood
b0hQCOqBuXg_000000_000010,mowing_lawn
Lk-n0h_muVU_000057_000067,dribbling_basketball
e1GvFnSzFCk_000026_000036,tapping_guitar
07xUClqspr8_000018_000028,playing_xylophone
XNYzSANSkh4_000028_000038,playing_organ
9QzdWyZC2Lk_000624_000634,playing_violin
aC54jYICJZk_000109_000119,dribbling_basketball
ZzxDDsa0xdo_000254_000264,playing_violin
dvXf0d_aVpg_000084_000094,ripping_paper
-eq3I7gRqTI_000100_000110,mowing_lawn
VaeUi7QHmGU_000032_000042,shoveling_snow
gONJtMGWLAY_000041_000051,shoveling_snow
M17o2CbRpLE_000050_000060,tapping_guitar
ZVTEqgRSdAE_000001_000011,shoveling_snow
cl42mKCvCbI_000031_000041,playing_trombone
MOOxpT9q2mo_000029_000039,laughing
UhKUFBQ0nd4_000081_000091,playing_trombone
Vn63PhwjalQ_000031_000041,ripping_paper
AJU4aiA5p_w_000044_000054,playing_keyboard
biU2FTQLoRA_000141_000151,mowing_lawn
6IizlpqphN8_000148_000158,playing_drums
eUi3DC8-iaA_000021_000031,playing_harmonica
MZyh8RAnUaw_000000_000010,playing_keyboard
cXSMjqcmZ7o_000009_000019,shuffling_cards
CvtV1ZDaI2Q_000001_000011,playing_trumpet
9cH4tXIPZ38_000002_000012,playing_violin
6IGPouAgPTk_000006_000016,chopping_wood
OgrZ5Dtsi-E_000013_000023,laughing
Sh25cCFGzWA_000003_000013,mowing_lawn
_3doZanHkFQ_000041_000051,playing_bass_guitar
dsPI3gukJLU_000006_000016,tap_dancing
JKKCAHRVq38_000028_000038,playing_accordion
YBdy4uzk95E_000866_000876,playing_clarinet
PeHZmEDm5g0_000051_000061,ripping_paper
LrQpprmMcbk_000003_000013,playing_keyboard
eS5MHp1rYDE_000059_000069,playing_keyboard
gxR70yo0mTo_000048_000058,shuffling_cards
gIoUAzBkVOs_000009_000019,playing_xylophone
WevZZov_o2Q_000741_000751,tapping_guitar
SYhyyHgQ0Dc_000062_000072,shuffling_cards
fdp0MOxHvRA_000130_000140,tap_dancing
Jo0WnxZMiAk_000425_000435,playing_drums
5e7zBZTv6Bo_000834_000844,playing_trombone
S6rT8Dshk1k_000132_000142,playing_saxophone
KrfrTzaEtUw_000061_000071,chopping_wood
93UUtZHwolM_000066_000076,dribbling_basketball
YdldIm4xrFo_000038_000048,playing_trumpet
cVwEZKwJ-II_000282_000292,playing_keyboard
MijsapX31Ws_000047_000057,tapping_guitar
CgcePu8_ZUw_000018_000028,laughing
KUsFndfDYZc_000037_000047,playing_drums
K97WyyB3vM0_000010_000020,shuffling_cards
B9WmApmD0dw_000082_000092,playing_guitar
KH_iN2yEGqw_000004_000014,playing_violin
dHhuuyvaLfs_000021_000031,blowing_out_candles
PvuL9wx4mtA_000053_000063,tap_dancing
FUx7RutnWmM_000021_000031,shoveling_snow
PRPZHdW3EXE_000011_000021,playing_bass_guitar
5eaLUHKLL9I_000244_000254,dribbling_basketball
Sr3kkc_wtqw_000247_000257,playing_keyboard
AkgMlmvkUDY_000000_000010,stomping_grapes
Gc0_G_8NbZ4_000040_000050,laughing
3J4987JUoRs_000065_000075,playing_guitar
N7SKQNWCl6g_000099_000109,singing
H2ykkI9TC9c_000124_000134,playing_violin
Dyefz-UJd6s_000159_000169,mowing_lawn
BEgzvCb6e30_000220_000230,shuffling_cards
WA9kRolLrbM_000000_000010,playing_xylophone
1eDokOxM2Oo_000092_000102,singing
DwHq1QZ9xtM_000003_000013,tapping_pen
9zC62fbUS-8_000027_000037,blowing_out_candles
9PiMS0-HWyQ_000104_000114,playing_harmonica
Ay90LNl7jWo_000159_000169,playing_bass_guitar
-8rCdhZK7rE_000066_000076,playing_bass_guitar
OhVXKv41D-A_000019_000029,playing_keyboard
R1yNPkzNWDU_000002_000012,playing_keyboard
axZSuHWdZj4_000074_000084,shoveling_snow
KDLAR35aosg_000015_000025,playing_keyboard
9Ymq4IqJkbY_000072_000082,playing_guitar
glteVxIlfhg_000109_000119,tapping_guitar
NZL8KZYw0LQ_000032_000042,bowling
9sqI_TlPGWI_000026_000036,playing_guitar
enaIUOz6oPY_000024_000034,playing_bass_guitar
OM61K6jShPA_000071_000081,tap_dancing
W1TxcJ6XStI_000217_000227,playing_clarinet
B6oWByKEblA_000004_000014,laughing
YIXTgUyTGY4_000075_000085,bowling
HZfP6UtUZWs_000088_000098,playing_piano
Hq796Ujk9dM_000002_000012,playing_bass_guitar
KhHu65m1QwQ_000027_000037,mowing_lawn
ZnW3a3b8q24_000033_000043,playing_violin
R9P4CeDoYwQ_000205_000215,playing_drums
IRj0d3cLi6g_000020_000030,playing_bagpipes
I43Xw2eDMOw_000000_000010,blowing_nose
__VyFuSUl6U_000064_000074,playing_bagpipes
LCV1HnzbzYw_000065_000075,playing_organ
aIlXryD5jLw_000058_000068,playing_accordion
3gtNj1T3t6A_000028_000038,laughing
05fDRRpD1cQ_000004_000014,tapping_guitar
cFdZ_2pa9KU_000195_000205,playing_clarinet
OmxN6T2ZD9M_000050_000060,playing_bass_guitar
2YspsxFX1PM_000277_000287,playing_bass_guitar
TXsSbGoEjX0_000003_000013,bowling
4ZGJR3MTnac_000059_000069,shuffling_cards
3qBe-bbDn_s_000000_000010,playing_trombone
L1oKCBbUNd0_000076_000086,playing_keyboard
BOQBnBZC6RU_000097_000107,singing
AMK-vfjdQQ4_000024_000034,playing_bass_guitar
IrJZR0T9CvE_000018_000028,playing_trombone
34EZoQW4CXw_000038_000048,playing_drums
Rwb8otcN2X0_000002_000012,ripping_paper
5BVLXrl9QLY_000172_000182,playing_guitar
0503jIZTbQ0_000000_000010,playing_drums
VQwOmwlNEbk_000011_000021,blowing_out_candles
8zSI0lzRcK4_000003_000013,bowling
LoJaCKppxJA_000035_000045,playing_trumpet
KE7ZWPKUpPA_000082_000092,dribbling_basketball
C5NFtlPgtxQ_000237_000247,playing_keyboard
ELZYVmm1nQs_000049_000059,dribbling_basketball
ITQs82CgTkE_000004_000014,blowing_out_candles
bOXoqLuqlK4_000003_000013,shoveling_snow
ERcyGxDZd5c_000271_000281,playing_piano
0Jm0ojIYia8_000012_000022,playing_xylophone
YonX_xMm3PU_000003_000013,blowing_nose
Vs_cNvy5i8k_000061_000071,playing_drums
Xj5RG2oer-o_000000_000010,playing_guitar
g1yLN58mcKA_000017_000027,playing_bass_guitar
30Neig03nyE_000022_000032,playing_accordion
UktkSYEiW48_000056_000066,playing_bagpipes
Uz4ZMUpuQrs_000001_000011,playing_guitar
4x23PjsxPQA_000050_000060,tap_dancing
CVByGY_kO4Q_000025_000035,stomping_grapes
PdeNH4lvj1I_000008_000018,blowing_out_candles
SqflQsu1zP4_000022_000032,playing_drums
KnO-sy4f6us_000033_000043,blowing_out_candles
_oBjvkcwsRY_000007_000017,shuffling_cards
bg9NwQhPlJ8_000199_000209,chopping_wood
JmIWpLViCuM_000001_000011,mowing_lawn
DPHyeiXHTlY_000126_000136,playing_trombone
I9ZKz5Mx2vs_000002_000012,mowing_lawn
0YYwW9ZG160_000000_000010,singing
6Uos8Gdoy2c_000053_000063,tickling
Gu9dSGLHHxw_000183_000193,playing_bass_guitar
O0JK3ya7WFg_000078_000088,playing_harmonica
PiOAhy-1YcE_000005_000015,mowing_lawn
A0AbbWJRsyI_000020_000030,bowling
QrFx0Ff5CMU_000050_000060,playing_organ
SYyQOqryAcs_000027_000037,playing_saxophone
OcbjmziVpDg_000006_000016,tapping_guitar
0tXk0KzslLk_000087_000097,mowing_lawn
cy8oDKnuPFU_000000_000010,stomping_grapes
d2neQJAfYsw_000178_000188,tap_dancing
TrYgeWptDhI_000003_000013,blowing_out_candles
diEIjlNZuNo_000046_000056,singing
-DCyVd5Ilyk_000039_000049,playing_violin
UfoIZWZGFZM_000014_000024,playing_saxophone
JeD4vKs8aKI_000100_000110,shoveling_snow
Sy-rB8vrJ54_000039_000049,ripping_paper
TPSzREJhBGU_000005_000015,playing_xylophone
DXIV57VKumw_000041_000051,chopping_wood
d6qHYkNRKJ0_000072_000082,playing_guitar
-SIJLK07FM0_000036_000046,playing_xylophone
Y9qCsS3CNdA_000573_000583,bowling
dySvuNW0TrI_000125_000135,playing_bass_guitar
E6NHgazjhWA_000003_000013,playing_harmonica
JQL5nv-J8kw_000059_000069,playing_guitar
8vGbGJL0KLI_000442_000452,playing_bass_guitar
7BHl6T2fAVE_000001_000011,bowling
Ks6SH6NJi44_000515_000525,playing_bass_guitar
SuCv5-puqvY_000046_000056,playing_violin
co1wz2cPRiA_000075_000085,playing_trombone
UZSV92JzGK4_000025_000035,blowing_out_candles
E6R26QSGPwg_000136_000146,playing_violin
0r8_hA-YPpg_000021_000031,blowing_out_candles
6ZiZbK0KJ3o_000046_000056,mowing_lawn
LUkF6QjcklA_000135_000145,playing_saxophone
EL1FegnJt3c_000237_000247,mowing_lawn
gCxLG4hinNw_000007_000017,playing_bagpipes
TZOhIMjwEE8_000003_000013,mowing_lawn
JtE53FNxa6A_000049_000059,tickling
EEvu0D94Jlg_000282_000292,playing_guitar
FAQXXb-nVzo_000060_000070,dribbling_basketball
_OAwfa8PFKE_000087_000097,shoveling_snow
NNngJm2MsRQ_000029_000039,shuffling_cards
Ky5oRIB-sJ4_000007_000017,playing_trumpet
-pgllJa29S4_000003_000013,mowing_lawn
6Tj-9endvOA_000007_000017,playing_keyboard
9ngfKsgD4Sk_000118_000128,tapping_pen
axGFwZfsTSc_000027_000037,dribbling_basketball
3gcveplqBRc_000000_000010,playing_violin
-IElB_PdPwc_000035_000045,singing
fj0udpAfoCk_000032_000042,tapping_guitar
OGf1MKoCyaI_000099_000109,playing_keyboard
PvCDscOJi5o_000080_000090,playing_saxophone
beMmfYEsyAU_000012_000022,tapping_guitar
CKuizN-94ZA_000051_000061,playing_violin
6q1PeH2qJRw_000001_000011,blowing_out_candles
63oB-MJWK5E_000000_000010,playing_xylophone
Qo870g_FU1g_000000_000010,playing_violin
cMdYK1rKGgg_000023_000033,playing_xylophone
J4nh5ccKTc4_000266_000276,playing_saxophone
DRLYGLRCo7o_000055_000065,playing_trombone
Arjd-Gpyq2k_000017_000027,playing_trumpet
W-1Xq9YunTA_000008_000018,ripping_paper
UYaekYLuVBs_000046_000056,playing_trombone
GH6D9q84hP4_000007_000017,playing_xylophone
LYZbN2FJUvs_000043_000053,playing_harmonica
YHCV8hWhHRI_000125_000135,playing_keyboard
SSyq3_ajQJM_000084_000094,playing_bass_guitar
HIQfYSewFbE_000084_000094,chopping_wood
SSp2OtOFeb4_000104_000114,playing_violin
0sC0BzknJKA_000014_000024,bowling
GXg7ruXqqfE_000062_000072,playing_violin
aifr_1v_83A_000004_000014,bowling
5MWOt-khoQk_000001_000011,playing_harmonica
EuQdkwiTbM4_000184_000194,playing_clarinet
CEtSRbky8Og_000004_000014,shoveling_snow
h12JxcFMV4k_000119_000129,singing
d4r2PeRGCis_000000_000010,playing_harmonica
Dydq-4shQSM_000012_000022,dribbling_basketball
fIP0_p2XABs_000055_000065,laughing
Gfo8CktqROc_000029_000039,ripping_paper
bcyEmV5czGY_000048_000058,bowling
O6nx1CXmknM_000000_000010,mowing_lawn
NSHO9KrioWQ_000112_000122,stomping_grapes
S-u0rinI3hw_000128_000138,singing
SR_1ws2ltxA_000001_000011,shuffling_cards
NHIrrVqg9CA_000002_000012,playing_saxophone
PM4y4Qc9gaY_000004_000014,chopping_wood
JWmGhxWXQF0_000002_000012,playing_clarinet
4t7Wc6SIHXo_000240_000250,playing_organ
B98oQzkpeCI_000149_000159,playing_drums
dtRRWDoQUbQ_000065_000075,playing_accordion
_sc5zyRQyBc_000034_000044,blowing_out_candles
RFFWyCrNaps_000009_000019,shuffling_cards
D7N2WpmgLbE_000001_000011,dribbling_basketball
HwYAPW0jEx4_000084_000094,playing_guitar
8bBLlJ7PYgU_000002_000012,playing_bagpipes
d0K0bkQ5m8s_000011_000021,playing_trombone
8gPnjBW5wd4_000017_000027,dribbling_basketball
YBnwhzwgfxg_000080_000090,playing_bass_guitar
881Tu6nhhDg_000004_000014,blowing_nose
0Sqm8RLZTK4_000014_000024,blowing_nose
8yy5Cnz26rg_000090_000100,tickling
2lM1ctAn6Fw_000078_000088,playing_violin
AuGpVJrrpn0_000050_000060,playing_accordion
13W_9xdaOZE_000068_000078,tap_dancing
MiFsgpQ-cEM_000231_000241,playing_guitar
7MXAt4moEdM_000014_000024,playing_keyboard
CDbk0KKNWu4_000062_000072,chopping_wood
GVZS_QnR8rQ_000008_000018,playing_trumpet
Ahps3snEYCM_000052_000062,shoveling_snow
FhOzgDwMHQg_000314_000324,tapping_guitar
OkXmKX6-Vk0_000071_000081,playing_drums
-bdoDGMmaAw_000000_000010,playing_saxophone
fqXYAuPbRu4_000004_000014,mowing_lawn
FIBj3oCNfwQ_000289_000299,playing_trombone
0daXPAF1fxg_000039_000049,blowing_out_candles
8Afn_XhRrlE_000000_000010,chopping_wood
cPOCQ5MK46Y_000015_000025,blowing_out_candles
TK6t4WKqDjk_000083_000093,playing_trumpet
RgRI3xqewN8_000039_000049,playing_bass_guitar
0QqDduDEmeo_000013_000023,mowing_lawn
OLBMsDLWZ1M_000033_000043,tapping_guitar
XAj8_NoaiRg_000185_000195,playing_organ
aBYBEDJtEr0_000056_000066,tickling
Mxpypj8VDOg_000502_000512,singing
0Zqfqhf5jXI_000060_000070,tapping_guitar
BXAMCnwSc7M_000019_000029,playing_bagpipes
bwa8yeag8hQ_000015_000025,dribbling_basketball
Z0RR8j-YCZc_000050_000060,blowing_out_candles
CUMqj2rvGFE_000017_000027,chopping_wood
984q0X_Y_pg_000090_000100,blowing_out_candles
Rqr6sf50e2c_000308_000318,playing_bass_guitar
TkUNgoq3NQU_000048_000058,playing_harmonica
23C3nsyHAKE_000001_000011,blowing_nose
-N4vEATi9Mk_000003_000013,bowling
POuFkscRJ6Q_000004_000014,tap_dancing
DKBcVDFnlAU_000004_000014,playing_trumpet
8ROr9uC5Nak_000002_000012,playing_harmonica
4RdlEHneHZE_000025_000035,tap_dancing
_DdjSn7KjJ8_000023_000033,playing_trombone
XtsRY2OoLNo_000066_000076,tapping_pen
Chyw8-u6k2o_000098_000108,playing_clarinet
VJ4B6Rufgw4_000006_000016,shoveling_snow
ZXT7kipTzso_000000_000010,shoveling_snow
TLqWrnaP0w4_000758_000768,playing_clarinet
7vErMoWi2yg_000177_000187,shuffling_cards
RHaKSHoP-go_000020_000030,playing_trombone
6ZgUf_imehk_000070_000080,playing_clarinet
B6odg1_D7xg_000067_000077,ripping_paper
6ISb7feuP1c_000029_000039,tickling
CqthqcIXKUE_000026_000036,shoveling_snow
YKAjCGFZ04o_000296_000306,tickling
1671PXARM4o_000193_000203,playing_bass_guitar
5JBTwje7ZUQ_000002_000012,blowing_nose
3JPEKV9BdD0_000000_000010,tapping_guitar
D1qeY0tqiKQ_000123_000133,playing_bagpipes
OMUNJitzrgM_000000_000010,playing_piano
aSL1fTPsWWs_000010_000020,blowing_nose
RzExhdmH4oI_000005_000015,playing_xylophone
TQ_JHaSF-D8_000026_000036,tapping_guitar
HQUqcH9zjF8_000008_000018,playing_bagpipes
GuDodyy3bQQ_000015_000025,bowling
P3orZDqrtsE_000003_000013,playing_harmonica
8p1j6xLJMfQ_000002_000012,playing_drums
WJOjaifW8d4_000009_000019,playing_drums
9l8dWNeRl4w_000001_000011,playing_clarinet
gMwVbIeC7IM_000001_000011,chopping_wood
F65mqzPA9ZY_000090_000100,playing_piano
826oCSqFKhY_000330_000340,bowling
2Wi7_uPVQn4_000095_000105,singing
h07O_rYnlV8_000003_000013,playing_bagpipes
fPHCc58gb6o_000035_000045,laughing
fwcyokn4Sf0_000001_000011,tap_dancing
Enpq714lXfc_000138_000148,dribbling_basketball
7CNWYqz4sgY_000027_000037,tapping_pen
HIY3d2O0vEw_000058_000068,playing_violin
TUwdILXVy5I_000003_000013,playing_violin
_vI7HKpRT2g_000076_000086,tap_dancing
9oXrpIr_AN8_000004_000014,blowing_nose
0P4r4EOm3Uw_000097_000107,playing_drums
-CuDMAzj4AE_000062_000072,playing_piano
0qnwyvAzH94_000088_000098,playing_saxophone
KESQKcM6hto_000086_000096,tapping_guitar
WvYkcMZqiPI_000048_000058,playing_bagpipes
CZOYGdatkII_000003_000013,blowing_out_candles
4xqRQqTNeGk_000010_000020,playing_accordion
2HIkuZvQIZ0_000184_000194,laughing
NlMP7AlKamA_000002_000012,bowling
00Dn8_NAlQk_000064_000074,stomping_grapes
LOFoSMBLMzk_000008_000018,blowing_out_candles
YxUpk55WknQ_000003_000013,blowing_nose
TQru-YnL_hA_000090_000100,playing_accordion
4AQf4HC9ygI_000007_000017,tapping_guitar
IkUchP5nBaE_000032_000042,playing_trumpet
1C8x3-LGSo4_000126_000136,mowing_lawn
F0KmQQbc4Z4_000241_000251,playing_guitar
gUxpnDjjE7U_000233_000243,mowing_lawn
_ilEvbl3Vv0_000068_000078,playing_guitar
NVDbmz9PicY_000139_000149,playing_bass_guitar
DaRqOZcNWTk_000003_000013,playing_accordion
Uhyx80-ZyQE_000045_000055,tickling
H2FmeE-n5w0_000089_000099,tap_dancing
_gNLHESrU_0_000563_000573,playing_clarinet
d6wTupD6Ujo_000006_000016,playing_bagpipes
_LBVPwfdGEo_000009_000019,playing_trombone
fMsyFrg2mJc_000020_000030,playing_guitar
5_Zk8mBK2Ds_000031_000041,mowing_lawn
B4_uSXTk1Vw_000040_000050,playing_saxophone
dS144DC8mnw_000031_000041,playing_piano
11TdUFC6kSk_000007_000017,playing_trumpet
Fa2T3bQOf4E_000040_000050,playing_guitar
IXOn_v8yRxM_000064_000074,playing_violin
gY8nUW6qPvA_000153_000163,playing_drums
V0fy7eELHR4_000301_000311,playing_clarinet
ad2IyNRyIN0_000203_000213,playing_guitar
QFD-TVn9-Zs_000079_000089,playing_violin
1lOtwWVEb74_000019_000029,playing_clarinet
Y9t2qrL9Q7I_000093_000103,playing_trombone
h2PxO1veWO8_000045_000055,playing_guitar
B354oo_UvSw_000000_000010,playing_guitar
AZmZCcDNKmY_000002_000012,playing_piano
LYJ2F8draHk_000005_000015,playing_drums
6PESANSGvEU_000000_000010,playing_bass_guitar
HUokZoGEfAM_000213_000223,playing_bass_guitar
K3sb_TrNz9E_000000_000010,playing_keyboard
79P-ttD-GS8_000039_000049,playing_harmonica
8bWQrrZyFVA_000000_000010,playing_drums
aElPHFOfua0_000004_000014,chopping_wood
2PJknKgWSME_000018_000028,playing_xylophone
1Oq2r6RE02M_000004_000014,playing_harmonica
2g8KbBIWcc0_000000_000010,playing_piano
_THZz9KA-DE_000001_000011,playing_bagpipes
YsGr84UBO04_000043_000053,blowing_out_candles
_-8PSMuYcoo_000004_000014,dribbling_basketball
JvXRr3fW0AA_000004_000014,tapping_guitar
R-BNCKZ0myY_000639_000649,singing
MzQGQqdxXrU_000027_000037,shuffling_cards
4MajdgGyqss_000201_000211,playing_harmonica
7Wn8POf2ziI_000002_000012,mowing_lawn
Kfv-7n5UCMY_000396_000406,tapping_pen
bM2c35ka_ZE_000006_000016,shoveling_snow
FfSiYrHCOJE_000021_000031,playing_xylophone
WO0EMHgjncI_000016_000026,playing_bass_guitar
BsBdQWT5aG4_000042_000052,playing_clarinet
3V9AFm_tUtI_000034_000044,tapping_guitar
-24HxQDHOAM_000001_000011,mowing_lawn
aNUJHfDBnRE_000030_000040,shuffling_cards
9KXtP-3V3to_000085_000095,playing_clarinet
OCKyk31qImc_000029_000039,playing_saxophone
dViyDgOeOEs_000003_000013,playing_clarinet
Vi184qCQ-J8_000003_000013,playing_bagpipes
SGrlwbmPn38_000275_000285,playing_clarinet
Ilj-WajnBrM_000137_000147,chopping_wood
fRX0E-OLR4o_000577_000587,playing_harmonica
X4xaB23QGDU_000161_000171,playing_bass_guitar
MIo1UEkD_mw_000006_000016,mowing_lawn
BUN3IsE-8jM_000059_000069,playing_harmonica
au0BePwHAiw_000049_000059,playing_piano
ag-zrsyAPh8_000019_000029,tapping_guitar
INUoyrvmcHQ_000017_000027,mowing_lawn
I_1PCVxVTVY_000000_000010,playing_piano
CncPVXd63b8_000011_000021,playing_harmonica
0eQb87i18v0_000017_000027,blowing_out_candles
Ymmm_NneIAQ_000068_000078,laughing
bUNH_T3q8go_000015_000025,blowing_nose
GMIa0n6PnvA_000012_000022,playing_bagpipes
9N1nFWkjHtQ_000028_000038,playing_trumpet
2zZJEvkivQ8_000010_000020,playing_trombone
2RajWd3KF4k_000059_000069,playing_bass_guitar
JuOOwyCSfNc_000060_000070,shoveling_snow
diJjkiZvvT4_000047_000057,playing_saxophone
A5rGnIsBWV4_000007_000017,mowing_lawn
_2SStbi4lP0_000005_000015,playing_trumpet
W6kRSpNpIf4_000089_000099,playing_bass_guitar
JI6NudGzfXA_000193_000203,playing_saxophone
_75bfQnchsI_000003_000013,playing_saxophone
ZS0o0HphjOI_000005_000015,playing_piano
LECU_Ky7fL8_000095_000105,playing_drums
-3t2tQHIpZw_000001_000011,shuffling_cards
ToHtdCRercQ_000075_000085,blowing_out_candles
1nl-d49r-wA_000009_000019,shoveling_snow
LNHweeCG0a8_000042_000052,shuffling_cards
YX4zpmOKKlE_000000_000010,singing
h4fdowfeASI_000007_000017,mowing_lawn
H4tqp1jra94_000000_000010,playing_trumpet
bUW4Lu6GcDA_000011_000021,blowing_nose
fGY7Jl5UbI8_000005_000015,bowling
REw64cfLHZI_000026_000036,shuffling_cards
1ECLbHJlo5o_000012_000022,mowing_lawn
WMNphp83W_Y_000001_000011,playing_bass_guitar
RBvXqHR79RI_000016_000026,shuffling_cards
O3hViyYl19g_000078_000088,playing_clarinet
R5THuOdhCpg_000001_000011,bowling
A47MZxpVxQk_000061_000071,laughing
1bH41AGlm7s_000048_000058,playing_piano
-qZfxFH0r4E_000050_000060,blowing_out_candles
6b39GSXqCZA_000122_000132,ripping_paper
UTZNGD-TvvY_000061_000071,playing_harmonica
2o1cx6vXMmM_000083_000093,playing_guitar
afCR67WQEzg_000243_000253,singing
g0vzySQMPu8_000118_000128,playing_harmonica
BwDOXQ7YCYM_000025_000035,tapping_guitar
1G0PSqtpz3U_000002_000012,playing_guitar
Qn1U5PP_eRY_000016_000026,playing_trombone
T5L6rrZ4x9s_000116_000126,playing_saxophone
60ztNmktSiY_000046_000056,playing_violin
gihOrSdfEPs_000007_000017,ripping_paper
E42Bkj_IQKQ_000060_000070,tapping_guitar
LymONvil7g4_000001_000011,bowling
bhHWU8b2rCM_000004_000014,tapping_guitar
aKMqCDKD9-0_000000_000010,playing_accordion
AeRq-TDJ1pM_000008_000018,playing_trombone
dUj-mOKhyrc_000152_000162,tapping_guitar
QYoobZ8gn54_000345_000355,playing_organ
YNkTQSLL9U4_000436_000446,playing_guitar
2MmtFyuvAW4_000141_000151,playing_guitar
OgTwUXERu44_000076_000086,shuffling_cards
T_RgGqRNiN4_000018_000028,playing_piano
eU4EamIOmCY_000010_000020,blowing_out_candles
StE-bNfLiyU_000005_000015,tickling
ZmpeTY2urKc_000034_000044,dribbling_basketball
AOFTZF6AFz4_000039_000049,playing_drums
WC2F3lPXp5k_000013_000023,tap_dancing
NTdtioEybxE_000000_000010,tapping_pen
_nwPFtIxouA_000063_000073,tap_dancing
GYz4wed2P_k_000004_000014,playing_harmonica
QveJiCZLCDA_000274_000284,playing_drums
ViaUjNQDWWo_000261_000271,playing_organ
RiXM3sVdRiA_000004_000014,singing
Rlw6TFZSFe8_000001_000011,blowing_out_candles
Yp0tp-W_mGQ_000013_000023,playing_keyboard
HOdku2Tt-gE_000003_000013,playing_trombone
g5Ro62krvEE_000001_000011,playing_xylophone
6r_vM2IjIIA_000079_000089,tapping_pen
_tlq3iqjoeQ_000024_000034,playing_guitar
Maz_RXcQFhs_000078_000088,playing_drums
aMc-RFH0YGo_000076_000086,tapping_pen
dOmYS1A8oWM_000031_000041,playing_bagpipes
Tl4I-iqFCCQ_000055_000065,playing_trumpet
Uz_zLYzjHa0_000002_000012,blowing_nose
Zsr8nfk7j2o_000100_000110,laughing
cTfsOFHCqto_000144_000154,mowing_lawn
ZCz_fzjFVjE_000141_000151,singing
dUEmTBzdT9E_000061_000071,playing_bass_guitar
S0OfZFNKMdM_000054_000064,laughing
LJvDSQkYRuM_000032_000042,playing_keyboard
U6TrsxWT_3U_000000_000010,bowling
Anx40r_xlgI_000235_000245,playing_trombone
OnLzwKFZEs0_000204_000214,playing_drums
Cz1lMapRcYI_000008_000018,dribbling_basketball
cI2n8GvmIjI_000210_000220,playing_clarinet
Ctqi7UNC2g4_000050_000060,tapping_pen
QCJu8FWLPtY_000088_000098,stomping_grapes
SEiTyIrWJfg_000029_000039,shoveling_snow
LB3nLhGBiSE_000003_000013,mowing_lawn
9kUjNszriJg_000075_000085,tapping_guitar
en2OZ2ycZHc_000047_000057,blowing_out_candles
X8TNrMsWGrE_000010_000020,playing_trumpet
VOoJ84_itko_000003_000013,chopping_wood
YT14CPP6KhE_000040_000050,mowing_lawn
aNgZ1TK0h8Y_000060_000070,playing_trombone
_v-HI7tS2LU_000004_000014,playing_trombone
XV2u9iMk43I_000011_000021,blowing_out_candles
8oP7yS4PRCs_000020_000030,tap_dancing
9m5c2G_VjsU_000046_000056,playing_harmonica
DnMLB4v_x-4_000340_000350,playing_drums
2gPs5oJMnEk_000029_000039,playing_harmonica
G7kq2VOiNK0_000040_000050,playing_drums
IR2gxXt99s0_000009_000019,chopping_wood
SIcd8zfmVts_000115_000125,playing_accordion
QcQ1aFsd_rU_000032_000042,blowing_out_candles
GbGfCuDNC64_000041_000051,singing
Yvm3x8hRqBc_000406_000416,playing_clarinet
J_txaf1_ph8_000000_000010,blowing_out_candles
faLjBIcXLZE_000000_000010,singing
K_KefR5T6vg_000124_000134,playing_saxophone
RqAdtdrk2qI_000386_000396,playing_saxophone
BcF2As-ebhw_000061_000071,playing_harmonica
D2xDXRUtP3g_000145_000155,singing
fnIbOeGfVpM_000141_000151,shuffling_cards
2gi1-3Vab_o_000016_000026,dribbling_basketball
I6NYsgo1nA4_000011_000021,singing
XnuGmOGqFXw_000005_000015,playing_trumpet
8DMrhLNBfRQ_000062_000072,playing_bagpipes
3-Wm1nNk1fQ_000021_000031,bowling
-k0zZOzKwus_000020_000030,blowing_out_candles
CDGHh4bvDmo_000116_000126,playing_trombone
fb2a7ZJuJtY_000062_000072,playing_xylophone
UpcNV9h6-6w_000036_000046,playing_bass_guitar
FIsnpFOWHv0_000002_000012,bowling
EP6Q5iM1o8k_000100_000110,playing_trombone
aXnllTmgeqg_000048_000058,playing_drums
D2gVBt8CxZ4_000137_000147,tap_dancing
HAYwTsxXgjw_000010_000020,bowling
94jPKMv27ug_000018_000028,playing_keyboard
9wwrFOHLl0g_000178_000188,playing_organ
VXJtWXERhxE_000008_000018,dribbling_basketball
JBvqhdU9phY_000012_000022,playing_saxophone
VDYeW1vS528_000016_000026,playing_bagpipes
DHrpLc2BdnU_000214_000224,playing_bass_guitar
1hX_nbsx5VE_000523_000533,laughing
MWTwVbPaBV0_000017_000027,ripping_paper
TotrkX6JPm0_000067_000077,laughing
cy2IWru_RSA_000026_000036,playing_organ
FXksPyG5zhQ_000152_000162,playing_trombone
NTpLOEAspiw_000018_000028,tapping_guitar
Fdmkm6r1Ymk_000010_000020,playing_trombone
YpSSOHnovLs_000002_000012,playing_trumpet
GJg7cdFfpnA_000287_000297,playing_trombone
RlijDsdErDM_000455_000465,playing_guitar
0fRhzGBW6tc_000014_000024,chopping_wood
DXwtSe-t2U0_000018_000028,playing_trombone
_T8Tq-NPV74_000011_000021,dribbling_basketball
Y4jcbSFZIvA_000074_000084,tap_dancing
UWn302kGwsQ_000120_000130,playing_guitar
azUnknS5S54_000144_000154,mowing_lawn
ByQb0cEfebo_000123_000133,tapping_pen
Q8i15Zxscxg_000000_000010,stomping_grapes
Ini98RV2r9Y_000098_000108,singing
5GOKcs5kTL0_000001_000011,dribbling_basketball
XFpq05A5Q1k_000010_000020,playing_trombone
4d5jWUfFKL0_000362_000372,singing
bNJAD6NvmN8_000020_000030,tapping_guitar
T3b7GJub-W4_000002_000012,playing_keyboard
0aNBmnq0Dk4_000052_000062,playing_drums
GnB3N-SUMw0_000035_000045,playing_saxophone
OK1FZrTapao_000020_000030,mowing_lawn
1ZBVq3nX7Iw_000012_000022,playing_bass_guitar
fWfAVqBnuus_000096_000106,playing_drums
15CRD7WzDQ0_000001_000011,playing_violin
cj_OGBgSMOc_000201_000211,mowing_lawn
GnLd9rsWsIw_000064_000074,playing_saxophone
4d2K4Z1B7Ko_000002_000012,shuffling_cards
BXc5KIsrUu4_000092_000102,chopping_wood
Sa8a--uKDjs_000034_000044,playing_clarinet
88GSigU7l7w_000006_000016,ripping_paper
eUxvxgkQtEc_000162_000172,playing_harmonica
F7UuU36tbt8_000053_000063,chopping_wood
4jGAIin_YDs_000001_000011,chopping_wood
-8_AxtRflmg_000000_000010,dribbling_basketball
UVnUKfi76L0_000067_000077,playing_guitar
MVVB_-D-IRY_000099_000109,playing_clarinet
e8eA9mc40cI_000021_000031,playing_xylophone
AY9xES4Xa4A_000028_000038,tap_dancing
NX0qDhUid40_000146_000156,playing_clarinet
LBc32YiIxPo_000161_000171,playing_bagpipes
C53B6BZYxrM_000003_000013,tickling
3SFjmG8ykXk_000081_000091,blowing_out_candles
aRKX0Ynj29k_000000_000010,blowing_out_candles
JkLAyj9f5JA_000004_000014,shoveling_snow
bdTc_cnB3UU_000063_000073,tapping_pen
OJQlnlicz5c_000090_000100,playing_piano
Iod4N_GRkck_000007_000017,chopping_wood
Mcz6cSNQA7o_000090_000100,tapping_guitar
QV95U45q_zM_000027_000037,playing_keyboard
DJhD2ne40L4_000003_000013,blowing_out_candles
Xeh1wJfcplM_000000_000010,playing_keyboard
_9FaB6lsvyY_000004_000014,bowling
g9FGF65HFeI_000000_000010,shoveling_snow
QcSLN8U99Q8_000284_000294,playing_piano
aU1DolX_bkY_000063_000073,tapping_pen
g4Z6E3JWMFI_000002_000012,blowing_out_candles
GkigQ__WY7s_000117_000127,singing
ZetkpgLhUGA_000074_000084,tapping_guitar
cDdOgGvvI1A_000003_000013,blowing_nose
G-tgL7R2rC0_000006_000016,laughing
OF4pDm5fHOM_000024_000034,playing_trumpet
FD3SLJbcGDo_000012_000022,playing_keyboard
-TMNOCKit8c_000001_000011,blowing_out_candles
dFC7tIV2P0Y_000014_000024,blowing_out_candles
4WjhQSRD240_000136_000146,mowing_lawn
EXnhlYzT1bQ_000014_000024,playing_saxophone
UOAWIc_BTIM_000072_000082,blowing_nose
-_D_WFt2e-I_000030_000040,playing_xylophone
CRnkdXhBAWo_000058_000068,mowing_lawn
CqUsYl5CpT8_000125_000135,dribbling_basketball
BjqfSGnQsDQ_000011_000021,playing_bass_guitar
1gseP5bOz3Y_000018_000028,playing_harmonica
YcQUtf8-Ia0_000000_000010,playing_bagpipes
VI9IJwGo9Cw_000023_000033,playing_xylophone
_PntUoSoHl8_000043_000053,ripping_paper
IwqZY1IZWbk_000036_000046,playing_harmonica
W1zIJXlrGXY_000037_000047,laughing
R8mFrT-N4WI_000003_000013,blowing_out_candles
EYtDsNM50ow_000002_000012,dribbling_basketball
RFPYNwqgi-Y_000036_000046,playing_drums
HHse_boUlb8_000040_000050,playing_accordion
QUrTwC60kvQ_000005_000015,playing_saxophone
TLo_ZklCGPk_000008_000018,playing_harmonica
1TxGEHDZDQA_000040_000050,playing_xylophone
4cWZb8uoVlk_000092_000102,playing_violin
EuYxbxrDA5k_000000_000010,shuffling_cards
9PcU_WhFIoA_000044_000054,chopping_wood
UCEHlr27piQ_000008_000018,playing_violin
G-B3ZYmQh7k_000025_000035,blowing_nose
JIvs1MrjyFo_000145_000155,singing
22sdTGFkXBE_000001_000011,playing_trumpet
_EZvxL80MkM_000020_000030,tapping_guitar
_hk4OrKqbxw_000002_000012,dribbling_basketball
bOECrNlcIL4_000019_000029,playing_harmonica
9-gMinAJrIc_000106_000116,playing_organ
CmRGW2dSfeQ_000025_000035,playing_drums
VoaZei2JfWk_000124_000134,tapping_pen
FESLUhwiF0A_000249_000259,playing_saxophone
DYAQoOxuskg_000051_000061,dribbling_basketball
TZhqnC-go2I_000061_000071,playing_saxophone
NggLYMX3WWk_000002_000012,laughing
R_49vu6NzKQ_000026_000036,ripping_paper
ThQSbm483HE_000010_000020,playing_harmonica
4eoVK1Yj2n8_000005_000015,tickling
fv8bbDtfG6I_000003_000013,chopping_wood
-90YUx0XA2w_000069_000079,playing_guitar
3_qnYkbCmiY_001462_001472,playing_clarinet
_7Y6BheA9aI_000042_000052,shoveling_snow
N6dBPPogAPQ_000120_000130,playing_drums
Hw_DSfvyFRI_000064_000074,playing_organ
W0v_-EUDLjY_000056_000066,playing_piano
0VKlPcvL3dM_000004_000014,tap_dancing
WMweSebjki8_000031_000041,mowing_lawn
LZBUVpj3M6w_000022_000032,laughing
3HVet3i_1UU_000002_000012,ripping_paper
C9bVQ_VX5XQ_000011_000021,playing_harmonica
QvIvsn8VRls_000043_000053,playing_xylophone
DfDf_Fd-l6g_000001_000011,playing_piano
KOYqK8WS09E_000001_000011,blowing_out_candles
GYdMpyF8l_g_000017_000027,playing_bagpipes
5TFJmh5Lgmo_000010_000020,playing_keyboard
REeITzzRfTA_000003_000013,playing_accordion
55KybCLDhck_000066_000076,laughing
gcDb-ieraa0_000002_000012,playing_bagpipes
P4Jmg9fB7M8_000001_000011,blowing_out_candles
QdZ2iy7uYzM_000018_000028,playing_accordion
EhRYGB0LI28_000009_000019,playing_clarinet
U06oZ6Gs9Sg_000009_000019,playing_piano
EX-PKv5XmcE_000000_000010,tapping_pen
BWkOLBBqAJA_000004_000014,mowing_lawn
7OnaA39E0Nk_000107_000117,singing
g_R6LsX5BLU_000001_000011,playing_accordion
aFjN_w0hMYk_000061_000071,chopping_wood
gsT4RXPf8Bc_000003_000013,playing_organ
2rmM_9pMF5o_000199_000209,singing
SJ4Ps8AycyA_000039_000049,chopping_wood
dXBKNYnpIV4_000075_000085,tickling
Pa-kL6h7pH8_000078_000088,playing_guitar
DVZygHCTQTE_000001_000011,blowing_nose
6EN4xC8x4Rk_000437_000447,chopping_wood
2KVH9jCJrEA_000056_000066,tap_dancing
3OBBdGQqs7I_000057_000067,stomping_grapes
0_eMRgpwd6c_000162_000172,tickling
_8ApIj7_mR0_000092_000102,playing_bagpipes
UHiaCM1SvxA_000000_000010,playing_keyboard
AajfQHK7l54_000082_000092,playing_trombone
ZhGUG3eWbAs_000003_000013,playing_harmonica
RpwpUiaLVGg_000073_000083,playing_harmonica
Sqe61A_C-Ls_000203_000213,playing_bass_guitar
3ZTuZrohU10_000038_000048,playing_violin
PGfzjp84PBE_000011_000021,playing_clarinet
HleXg6SMizw_000100_000110,tap_dancing
bGHlYHfFu1A_000183_000193,playing_guitar
b-nUL_v4MOA_000005_000015,playing_violin
1NujKAfIaGw_000003_000013,blowing_out_candles
8hXWatgeDW8_000053_000063,dribbling_basketball
CMmDT_qLoYM_000031_000041,playing_guitar
UChHsqA4u9M_000042_000052,singing
4twSSerc0J4_000033_000043,laughing
Yvp4AOQk8jA_000033_000043,playing_violin
S_l6xK_9l0Y_000023_000033,shuffling_cards
h-rSZo8QbQg_000019_000029,playing_xylophone
64jGwEFnUCs_000719_000729,playing_clarinet
7nTW_ld2Sm8_000032_000042,tapping_pen
UjPEB8wiW2g_000153_000163,playing_clarinet
Q4hLtWOaYQM_000079_000089,singing
YonOQqLulCs_000004_000014,playing_violin
4_BQsz7E5is_000012_000022,singing
9k4vVvwBzGc_000002_000012,bowling
1anT6f9nagM_000028_000038,playing_guitar
KCqh36Xhjk0_000705_000715,playing_bass_guitar
YWFTOwAFjOA_000105_000115,singing
Sbb0wmj5v-E_000002_000012,shoveling_snow
PpTIB8wpf68_000005_000015,playing_trumpet
E_PeGPzExsI_000001_000011,singing
K2Cus70MVE4_000040_000050,chopping_wood
9S2LdFDWqxU_000012_000022,playing_trumpet
K6mlRKG84iw_000163_000173,laughing
Gy0_25WEuGU_000195_000205,playing_guitar
NqWikPJqG1A_000001_000011,blowing_out_candles
A9BubPJBHms_000047_000057,tapping_guitar
OrlZxXdAzso_000018_000028,mowing_lawn
VIooo8AyqFg_000001_000011,mowing_lawn
6QjdumBo5f4_000051_000061,ripping_paper
Tdbcj_DgUSM_000017_000027,playing_saxophone
ZEvjixjKW0w_000004_000014,tapping_pen
VmcG_CbBEBw_000038_000048,playing_guitar
TccakS2rRqs_000192_000202,mowing_lawn
1DxEe5nw630_000036_000046,playing_trombone
0KUe_fP8oa0_000029_000039,chopping_wood
PCFXlKGJXlc_000002_000012,playing_trombone
04V-Z2eDKMM_000047_000057,shuffling_cards
XLR6Dg4v0Z8_000060_000070,playing_bass_guitar
cF1H-_kw8Q0_000000_000010,playing_harmonica
Ex5A1NGcb_Q_000073_000083,playing_bagpipes
_N_qTSiaUco_000021_000031,playing_violin
4LwQe_pRIyQ_000003_000013,playing_saxophone
NSNF49CWAgo_000095_000105,playing_organ
b-3D6X9ItPk_000000_000010,bowling
Ju0vnmqe7eQ_000007_000017,tickling
3-u5BJQG4_k_000040_000050,playing_saxophone
GbH7xjMhFdk_000004_000014,singing
GGM9cNFptyg_000020_000030,playing_keyboard
Sszc7f78x2Q_000014_000024,chopping_wood
EK87tc540qU_000025_000035,blowing_nose
_s6hvWmHaa0_000017_000027,laughing
Zu5argZzCvw_000012_000022,playing_piano
XWDc8JqZRDM_000006_000016,tapping_guitar
3Zcji5AdkQI_000018_000028,playing_trombone
PiqEsvZfLUA_000006_000016,playing_harmonica
T4CGigqHsvU_000351_000361,playing_trombone
gTeaGN5QgMY_000019_000029,singing
ZJoX5xOaLYs_000013_000023,tap_dancing
KhtvcsETBLw_000108_000118,stomping_grapes
T_ymWQTFcFQ_000071_000081,playing_accordion
YzPdkKwhdEA_000001_000011,playing_accordion
ErVgvl6JNJk_000016_000026,playing_accordion
QqGQdE8Js7M_000000_000010,bowling
-koo4FOfZE0_000070_000080,tap_dancing
HYQjd62oCsg_000085_000095,playing_bagpipes
Ja9c1JPXQBg_000020_000030,dribbling_basketball
Zvf_hBPQSYo_000049_000059,playing_drums
9zT1DYcEiyA_000141_000151,tap_dancing
bB5-Ucb4V4k_000000_000010,playing_guitar
ecZwkSpVkRQ_000002_000012,playing_harmonica
HRWKrexGEC4_000047_000057,shuffling_cards
eA51-Kn6H5c_000076_000086,tapping_guitar
gCKwz0sOSqA_000238_000248,tap_dancing
Zo1erh5s2Ek_000002_000012,dribbling_basketball
0kCfPvBiwug_000134_000144,playing_accordion
fbAyWhn5Mjw_000001_000011,shoveling_snow
GFnZ2NUx8sc_000006_000016,playing_harmonica
EgWaDPZ5cy0_000006_000016,playing_bagpipes
U3kDHjKCIjs_000020_000030,tickling
88G0O5unNuQ_000561_000571,playing_violin
67yXvymk8p0_000019_000029,playing_trombone
BQm27oop0vw_000007_000017,playing_trombone
3TFghtkGZeg_000015_000025,bowling
e4-xHbjeDus_000000_000010,playing_bass_guitar
45or5ZVW9Jw_000147_000157,playing_bass_guitar
E66-uMQTy_k_000043_000053,bowling
U-eefxFZdY0_000025_000035,bowling
MnMJSC6T_-I_000015_000025,chopping_wood
BxYzKDoUv_I_000002_000012,playing_xylophone
77eZvFgHmDc_000011_000021,chopping_wood
UT1UgWvNQlQ_000002_000012,dribbling_basketball
6PNWtXX9qqE_000134_000144,dribbling_basketball
2hecxkR6nIQ_000068_000078,ripping_paper
6hmac6XZulA_000133_000143,playing_bass_guitar
JY8t1peVoFM_000019_000029,ripping_paper
RF43mGNcHJQ_000032_000042,blowing_out_candles
I5tWinWN3H0_000166_000176,tapping_pen
Z9n-jg2sblk_000015_000025,shuffling_cards
NbFI5ul7bgY_000218_000228,playing_trombone
ZKNp1yZOquc_000310_000320,playing_accordion
JxsLorO0Kz8_000160_000170,playing_bass_guitar
IXs1wV7ur2o_000070_000080,tapping_pen
g_3W2SOnKdg_000549_000559,playing_drums
dP7VSk_ZB14_000028_000038,playing_accordion
FWXHBe6beAo_000127_000137,playing_clarinet
J8meqbE6gZI_000155_000165,tap_dancing
VMrCm7k_cjM_000078_000088,playing_harmonica
NB06fO3M_Xw_000325_000335,stomping_grapes
WEQMxu186Ck_000016_000026,bowling
94RkWuEtQJs_000193_000203,playing_violin
HD5U52QtnCY_000025_000035,singing
dIOMRkwmzV4_000059_000069,playing_organ
M1Iurbzf9j4_000089_000099,stomping_grapes
3L0aQQLWQS4_000191_000201,playing_guitar
T_-_H1ZgyVo_000019_000029,mowing_lawn
Hgv8I0xxPOU_000183_000193,playing_bass_guitar
7VqBE9w17jM_000154_000164,stomping_grapes
U1MKbYRDRZY_000051_000061,playing_violin
QpNAu1fjQz8_000000_000010,playing_harmonica
NULgnp6Wisg_000005_000015,shoveling_snow
MwxR_0tbwnI_000071_000081,playing_drums
85OFW8rbDIo_000105_000115,playing_clarinet
NpwJ6ak5jw4_000000_000010,singing
67kPq1rjd_c_000035_000045,playing_saxophone
aO-Dzse2sOo_000001_000011,laughing
XQcLePaBvXY_000011_000021,playing_harmonica
FvejfiNnQ04_000057_000067,playing_drums
MWWGnkojKwQ_000096_000106,playing_bass_guitar
KDHq5hzLT9I_000206_000216,tapping_guitar
hCzuxygAur4_000107_000117,tapping_pen
Oveyt4rhXok_000000_000010,shoveling_snow
8dipTyQmjQg_000016_000026,playing_trumpet
djA-jFj_ogA_000043_000053,laughing
g01VSXbqvog_000125_000135,playing_clarinet
Ztj2OWz9VMY_000022_000032,blowing_out_candles
dX6c5PdJknU_000078_000088,laughing
BcZdu00ksrI_000216_000226,tapping_pen
5oCbw_RyWYg_000027_000037,tap_dancing
OPCDwcxMiPg_000003_000013,dribbling_basketball
a_UXTwF3uBE_000003_000013,blowing_nose
RTfbsprxI94_000001_000011,playing_piano
dc7RgbbxJ-M_000268_000278,playing_violin
MyTpGtR6M6s_000297_000307,mowing_lawn
NpMiUokxx2E_000002_000012,blowing_out_candles
U_EOgn8FyIA_000187_000197,tapping_pen
_cKSkS1Fijw_000035_000045,playing_xylophone
RSI621qXHaA_000006_000016,playing_accordion
Rl2bhEsHAn0_000043_000053,mowing_lawn
L4tOHDk9p1M_000002_000012,tapping_guitar
CkVj7k0rCB4_000018_000028,dribbling_basketball
6BElwB3q6ls_000020_000030,playing_bagpipes
bAo3lOWL0KQ_000002_000012,shuffling_cards
ZgmYzA0qdDk_000173_000183,mowing_lawn
K4xqd9tYFck_000062_000072,playing_clarinet
Jzu0gv0HAoo_000184_000194,playing_saxophone
A5c8daR2liU_000133_000143,singing
ayyqamjL3zs_000003_000013,playing_piano
SPXte_4P-q0_000001_000011,playing_trumpet
HNj_zqYywmo_000062_000072,shoveling_snow
1CcfihQOcEQ_000171_000181,playing_saxophone
SadJlsOs3_4_000104_000114,playing_drums
WXag3wvO0a4_003310_003320,singing
2Sz3-6QGmVo_000012_000022,playing_saxophone
T5utM6pxV4Y_000003_000013,shoveling_snow
Z86Rimfq5qE_000000_000010,mowing_lawn
02dApGdszXY_000025_000035,playing_accordion
OrvJCoH5zdI_000011_000021,blowing_out_candles
7Ip4Z9z_Ro0_000003_000013,playing_piano
0kmG4LxeRjw_000093_000103,dribbling_basketball
2eep4G5Tgho_000016_000026,mowing_lawn
VPMDDTzs8zY_000000_000010,blowing_out_candles
IxfeqmkzFVM_000024_000034,playing_violin
QqiH0VtGN88_000031_000041,ripping_paper
6PT-fe-E4q0_000003_000013,mowing_lawn
IjHG73xnORg_000180_000190,playing_guitar
AeFPmJQIjXI_000125_000135,tap_dancing
EwwMpGDv57o_000035_000045,tapping_pen
2we3nSKKXyA_000041_000051,singing
dGoGtxJzeHw_000093_000103,playing_keyboard
dewbSh89uvA_000080_000090,playing_accordion
-XRUhNpUzfU_000229_000239,mowing_lawn
Q30icbO8xDI_000130_000140,playing_drums
-cqvQ7Pzqpk_000003_000013,tapping_pen
bM3On6DjRuU_000026_000036,blowing_out_candles
0P09Z7TU8Co_000001_000011,playing_keyboard
8nQD8Fk4I8c_000015_000025,playing_guitar
cFfZGlKoCpI_000010_000020,playing_bagpipes
KgbebQ62MsY_000005_000015,playing_drums
YbyrOVvISH4_000027_000037,playing_drums
AKMCjfR39P4_000066_000076,playing_clarinet
CN2lxHoMiag_000001_000011,playing_bass_guitar
KvY4DzTGAr4_001165_001175,playing_saxophone
33dhjqPxOb0_000019_000029,playing_accordion
8ZMoHpk6rOw_000109_000119,playing_saxophone
DLf-rv5tMPw_000172_000182,playing_organ
gSqiLG5aDzQ_000002_000012,blowing_out_candles
SCKBXsm4U7Q_000075_000085,playing_bagpipes
4s-NZL-66vg_000051_000061,ripping_paper
gmFzKFvYXGc_000008_000018,playing_violin
HfI4vN2vbHU_000000_000010,bowling
Le3nfKxl898_000057_000067,singing
dMKKPrgy9Cw_000090_000100,playing_piano
XfrGll_vrHA_000117_000127,playing_bass_guitar
2xXK1J4bldA_000009_000019,tapping_pen
JIhszrWERaI_000006_000016,tapping_pen
--4-0ihtnBU_000058_000068,dribbling_basketball
FB5Mz0Fx7vI_000217_000227,playing_bass_guitar
RjJaVOmC4HM_000144_000154,tickling
HMGbz4xnNpc_000000_000010,blowing_out_candles
6IwL_4D7GPA_000435_000445,playing_drums
SSrlJggctsg_000046_000056,playing_xylophone
_fEVs4drYJg_000041_000051,playing_trombone
NIefSgSRbLQ_000020_000030,singing
9oHZiZVLak4_000049_000059,playing_drums
0Bzn7lSvTmA_000027_000037,laughing
IhjR2pF2Tbo_000012_000022,playing_bass_guitar
Bz2CSr3B2Rk_000171_000181,playing_piano
D4jdyQlmEjg_000039_000049,playing_keyboard
9EooVNwSBBY_000093_000103,playing_clarinet
g75G3MU6Wc0_000105_000115,playing_bagpipes
da8AgnG87RU_000005_000015,playing_bagpipes
MJNhaJxs6hk_000014_000024,tickling
YLKab0O_uRw_000247_000257,tapping_guitar
GHoLwz4eGMo_000010_000020,playing_trumpet
d8m8olx56PM_000050_000060,tickling
C1yP3qtqI4o_000129_000139,playing_piano
_tYrTT0CFsE_000306_000316,playing_bass_guitar
4tOLx_0b-D8_000001_000011,playing_harmonica
D2fbTxHEY-g_000047_000057,playing_accordion
-5Tu_wiNnmg_000032_000042,playing_bagpipes
TBW6d0dGfQM_000027_000037,playing_organ
Rx8gjglRtRA_000088_000098,playing_guitar
GaLVOdzB76E_000001_000011,shoveling_snow
R8cRNiyrbRg_000044_000054,tickling
AGFHvNwP09k_000071_000081,playing_clarinet
F3AJIviaz5I_000052_000062,shoveling_snow
BO0geI_2eao_000465_000475,playing_clarinet
BSeIcE4_cwM_000006_000016,playing_bagpipes
MPsSg8mupNA_000295_000305,tickling
Ro9K-rBx_oc_000041_000051,shoveling_snow
P9i3rFpJJTY_000005_000015,singing
ZkvU7sWOcdQ_000294_000304,singing
5veWf2yfKmo_000001_000011,bowling
ER1LmPnwk_4_000030_000040,playing_bagpipes
GNQ5MABEBPk_000013_000023,tapping_pen
EsWXwx2mw1U_000013_000023,playing_clarinet
VcVL8K94NL8_000141_000151,playing_bass_guitar
6Ssgxf164qQ_000001_000011,dribbling_basketball
Rt2ARgaqDeU_000258_000268,playing_trombone
-KHIKaCGKBY_000051_000061,playing_xylophone
dBhZvHATyGU_000047_000057,blowing_nose
gFCo5hZtTw8_000310_000320,tap_dancing
dtuUU1Z6Z20_000121_000131,playing_bass_guitar
TltjZNoYHE4_000009_000019,blowing_out_candles
8UY19BhqS60_000006_000016,playing_trombone
Rn1jiuOyaBo_000005_000015,playing_trumpet
3DlRjkdlwXg_000032_000042,playing_bagpipes
PdBJzLs_78w_000016_000026,singing
P-UM3uGT724_000124_000134,mowing_lawn
VzXeN3RSRiY_000039_000049,playing_trumpet
GQY_-irM3kY_000003_000013,playing_harmonica
8okYJVm3xIE_000002_000012,mowing_lawn
cKDP3W_db7Q_000053_000063,playing_guitar
7Z2Jku5uOLM_000013_000023,playing_harmonica
e6MaYZFq7wM_000202_000212,playing_guitar
cq91JJyrWDM_000106_000116,chopping_wood
O21k3e0t7EY_000318_000328,playing_trumpet
TxJEIpLI_tI_000081_000091,playing_drums
NP-2iqQnnaU_000072_000082,playing_trombone
Vh-KEFKChvs_000047_000057,tapping_guitar
g2M7Frp85Ck_000000_000010,playing_guitar
QGcVSvXpya8_000022_000032,tickling
boTaq9bITFc_000440_000450,playing_clarinet
9DLdkSU-XnA_000387_000397,playing_guitar
Tnd-BCSCEzI_000325_000335,playing_clarinet
-MZkNqTlygo_000002_000012,blowing_nose
P35bh_NLw1E_000141_000151,dribbling_basketball
bAiLWndre1c_000025_000035,playing_harmonica
XIygaS-9OYA_000025_000035,tap_dancing
P73jqhxYYL8_000049_000059,singing
ajeL7G0Dcnc_000033_000043,playing_bagpipes
0hOiHj9oXlQ_000050_000060,ripping_paper
BIgYXaHou2Y_000000_000010,playing_harmonica
0ba6-onhLJU_000045_000055,playing_accordion
Pg4BNaa794I_000097_000107,tapping_pen
INR16ngaL7U_000003_000013,playing_violin
3mJjtBwf5TM_000079_000089,playing_bass_guitar
NqzGxWoTbos_000002_000012,mowing_lawn
PYg-OLViTb8_000012_000022,blowing_out_candles
GsvMY0jPEJo_000020_000030,shuffling_cards
IQmcQKq6efU_000498_000508,playing_harmonica
Pl3PGbWbe7k_000002_000012,playing_xylophone
7cSrmZ42NXQ_000004_000014,mowing_lawn
ecpA3FEKDQ0_000001_000011,playing_xylophone
QzDeZfudQzs_000004_000014,blowing_nose
A0ji81e0lLo_000429_000439,playing_drums
QmPE19B-Jjc_000015_000025,chopping_wood
Ct5nFq7HFgE_000006_000016,singing
3tvUMfsUXmA_000031_000041,playing_harmonica
IA42f7bhJjE_000023_000033,tapping_pen
EVKsIiDRW1c_000042_000052,singing
DUOR9SVeS-U_001077_001087,tap_dancing
88krmc6AxZs_000015_000025,playing_harmonica
Kr0YTbNRV7I_000000_000010,singing
NmQ_EqdJugc_000023_000033,tapping_guitar
HulLjcifBw0_000009_000019,playing_trumpet
ArUDowybhyg_000018_000028,shoveling_snow
0dl1tKbEjYU_000031_000041,blowing_out_candles
-VZ3LiN_qIs_000045_000055,playing_harmonica
RnwidjJiDEE_000105_000115,playing_drums
Gx2kNVKoLig_000098_000108,stomping_grapes
DyUHpPXaNcQ_000060_000070,playing_bass_guitar
7Lr0hAUc2K0_000003_000013,playing_trumpet
11coAznxbec_000029_000039,shoveling_snow
KZLlmypsunc_000000_000010,chopping_wood
V6WQrbauJEQ_000000_000010,shuffling_cards
F3lweUdYZaw_000002_000012,stomping_grapes
QHU5K7JlaDY_000065_000075,playing_bagpipes
5rbKSNBM7lc_000099_000109,singing
UmQbRngbWxA_000051_000061,playing_bagpipes
YrCBGFc3wXg_000440_000450,mowing_lawn
fHaLqCOfEeY_000449_000459,playing_violin
dWJfilciSRc_000057_000067,playing_clarinet
3aOo-NuyJrk_000345_000355,playing_guitar
0MG-iN-w5UY_000000_000010,blowing_out_candles
Rr9rJ-VRdX4_000004_000014,playing_trombone
OxOGZ48fddk_000063_000073,tap_dancing
BxKTdXckyy0_000000_000010,singing
4aHxCVyALOQ_000290_000300,playing_piano
ge8z7moPav4_000272_000282,playing_accordion
CTPjtzHNDVg_000002_000012,playing_piano
EYJwSnmpg1E_000160_000170,bowling
S1l-uC1Wybk_000014_000024,chopping_wood
6kSvXJhW7Vs_000016_000026,playing_harmonica
NXyC8xTFVwQ_000015_000025,blowing_out_candles
RChG8EhtvCI_000180_000190,laughing
bdLok9YLeMs_000029_000039,blowing_out_candles
7drZkEQXN9E_000040_000050,blowing_out_candles
Flll_Piv7AA_000064_000074,playing_guitar
AJfGaxl1Uew_000006_000016,bowling
OSy4oubWBCE_000113_000123,playing_drums
1q1wmYuN4Is_000010_000020,bowling
0zK8NHangy0_000014_000024,shoveling_snow
b-6lg4FCVxI_000027_000037,playing_trumpet
diMPclOCfAY_000046_000056,ripping_paper
8EVeLlCPbfg_000017_000027,playing_bagpipes
P14N0FRXY90_000079_000089,playing_accordion
DhnJyayAHew_000004_000014,playing_saxophone
I11iy2qk--E_000002_000012,blowing_out_candles
cagBxHqLuKA_000011_000021,playing_trumpet
QfVm3gktQtQ_000113_000123,tap_dancing
bZIAfqqaggw_000025_000035,playing_accordion
QLCVCmRVOSM_000016_000026,blowing_out_candles
Bh0jzELdBMo_000188_000198,laughing
Ab8dr2ArHyM_000184_000194,mowing_lawn
FaI4pySjYWo_000067_000077,playing_piano
FBuKCjj0rbk_000128_000138,singing
HsfRQ3o1SaA_000011_000021,tap_dancing
Ll3FiHmpwcY_000001_000011,playing_violin
L9oDsu9r6Sk_000086_000096,chopping_wood
cBLsBwKr1WU_000006_000016,playing_accordion
QauG9Mu12og_000004_000014,mowing_lawn
ZCFx_QbBfUk_000001_000011,bowling
IXP6RxsAGFI_000681_000691,singing
2hp7P_IT6no_000265_000275,playing_saxophone
Yj_ATNIzdsk_000015_000025,tapping_pen
XCnxbzC-3Uw_000023_000033,playing_keyboard
VnsZt84mN7g_000161_000171,playing_harmonica
LMYU0pjOv5o_000027_000037,shuffling_cards
BZ98d3TtEIY_000137_000147,playing_keyboard
bjKx400zfYY_000048_000058,shuffling_cards
cEBjaFVFVRQ_000000_000010,chopping_wood
XVPnW1W9Yww_000011_000021,playing_guitar
WFrJGNWHJRw_000262_000272,bowling
MZzB4ZuLKZk_000000_000010,bowling
L2wmUDTcx50_000002_000012,playing_bagpipes
erXUkE1m8Fs_000006_000016,playing_trumpet
ZF6_xFTJvY4_000086_000096,tap_dancing
L8P95S8C-Kk_000014_000024,dribbling_basketball
dKN7_-UmByk_000006_000016,playing_violin
7mH1wGFdoFg_000065_000075,playing_harmonica
cjXON2zyfG4_000070_000080,playing_xylophone
g828bRhOoig_000005_000015,playing_bagpipes
HW6RKRyZZic_000004_000014,playing_piano
Loz3tO4T0GM_000142_000152,tap_dancing
1QHiPrY2Ric_000038_000048,playing_drums
-kmstKIbdlQ_000012_000022,bowling
c7zqfmJQS-4_000023_000033,tapping_pen
gYi7y2G7g0Y_000078_000088,singing
Uem7FJ9CYws_000010_000020,playing_harmonica
8iKE1c2riXQ_000003_000013,playing_violin
a2qvsMU80HQ_000013_000023,shoveling_snow
MyXXkUyk0SQ_000003_000013,playing_keyboard
Vwhc2xbq4_U_000067_000077,playing_accordion
AJsNC1ZhbGo_000091_000101,playing_trombone
-osau-6p2AU_000027_000037,shoveling_snow
XeicOgLk84k_000103_000113,bowling
8N_93DrPhgU_000004_000014,ripping_paper
ens4xUisrTA_000014_000024,playing_saxophone
5_MfZfOFJ5E_000202_000212,playing_drums
PVNAGGsZqHM_000026_000036,playing_accordion
A7fvumwhdFk_000127_000137,tap_dancing
JYRVSy54UUY_000052_000062,playing_accordion
6iuD3pSgBcw_000190_000200,playing_drums
Q1RFlE5Ge4E_000027_000037,blowing_nose
VzWVpvG-CPM_000001_000011,playing_xylophone
WUYixXZFrkA_000055_000065,playing_organ
N4cwjYyF0Hk_000166_000176,playing_harmonica
5euuCAFSuEA_000093_000103,playing_keyboard
F_jTNT8Nbdw_000042_000052,playing_guitar
PmHGCwR8Gzk_000001_000011,blowing_out_candles
L0pK2X3jVCk_000144_000154,playing_bass_guitar
-V_FhPVS9wc_000037_000047,playing_trombone
cvFE-ypZcBY_000038_000048,playing_violin
hKfRUizWszc_000042_000052,stomping_grapes
JBrrWBOT2KQ_000140_000150,playing_clarinet
CoN4XTQltMc_000030_000040,bowling
ALkjr58zwFI_000172_000182,tapping_guitar
abhuzE1ZmP4_000009_000019,blowing_out_candles
VZZA0Qnp1Uc_000000_000010,mowing_lawn
4yUFEfJeXTc_000065_000075,shuffling_cards
CCy4K52ONZQ_000146_000156,laughing
GlvfqDfvbKA_000024_000034,playing_drums
Gndg9nC_CYM_000048_000058,playing_violin
IOAEvsJb7m4_000104_000114,shoveling_snow
0zGcksqMOcg_000002_000012,shuffling_cards
WF1FfezIizI_000090_000100,playing_keyboard
N15mPfEa5uI_000255_000265,playing_bass_guitar
G82Q_w3Uvrc_000001_000011,playing_trombone
R22n5VSRje4_000061_000071,playing_violin
4CCUqGntMCQ_000199_000209,playing_bass_guitar
GmiIe_8zLOs_000064_000074,shoveling_snow
CM-_H6puPKA_000024_000034,dribbling_basketball
OSOEQ8qJC7Q_000128_000138,playing_clarinet
d8g2n2XeAeA_000022_000032,tap_dancing
dJIfXN1nw6Q_000151_000161,playing_clarinet
5xSbo4gSbQc_000000_000010,ripping_paper
P1Rq9N7hWGo_000266_000276,playing_accordion
Ch9ueFDsjRQ_000000_000010,playing_harmonica
3kLv3c9gK34_000095_000105,playing_saxophone
ACHuHQgocg0_000069_000079,playing_xylophone
hLaWh4pHGp8_000048_000058,tapping_pen
X7-j6Ujd0JY_000002_000012,playing_piano
eICK7M3I9UI_000025_000035,playing_drums
1ajJEcNy7dQ_000053_000063,playing_guitar
QoMs1Oq75Bw_000066_000076,playing_trombone
6trZpf2PV3I_000001_000011,playing_organ
RHdjsLBLEKc_000005_000015,playing_xylophone
338sYfEX5oc_000088_000098,singing
9y8F4V7NJOM_000181_000191,playing_trombone
8mcnjP9Xopw_000068_000078,tickling
LPV-hBXxMMs_000537_000547,playing_guitar
gHUoQvPJd1s_000049_000059,playing_harmonica
YVYGJlh7RXU_000074_000084,tap_dancing
RuX7sq9Ynp8_000024_000034,bowling
RrGX-PpCxAw_000012_000022,playing_bagpipes
TD9uHU6xJd8_000035_000045,tap_dancing
ePbMY8yTLrI_000169_000179,laughing
8qNEeqoNQJM_000004_000014,laughing
1_IWd8KLnGU_000001_000011,shoveling_snow
OcFyTXmJmeA_000023_000033,playing_trombone
fhgiMAW7vGk_000087_000097,playing_keyboard
FgyCBd9Meko_000094_000104,bowling
0GsiopyhDgI_000021_000031,laughing
bNc1XoNgjNk_000144_000154,tapping_pen
Z22prcb34FU_000005_000015,shoveling_snow
2p3ii4YIFFQ_000031_000041,playing_accordion
YgzI20sTAw0_000016_000026,playing_bass_guitar
2RwQanyYYT4_000076_000086,playing_bass_guitar
HRZ-YC3SNqE_000031_000041,tapping_guitar
YmBFmSMFqJw_000000_000010,blowing_out_candles
Q1QbFyO1wwM_000000_000010,tickling
H10qX9BO4Aw_000048_000058,tickling
7Wf6IA_oW-M_000147_000157,singing
DD9zbV_z77c_000015_000025,laughing
Ek1vbZNGHQo_000000_000010,laughing
SO0cRAoa_LA_000128_000138,playing_harmonica
FhA2hNdDP8A_000043_000053,ripping_paper
Bj66DhI3WNU_000017_000027,playing_violin
VRCb1-xYNdY_000001_000011,playing_harmonica
OkYH9GKIS_U_000022_000032,tickling
cJflGm1_THk_000505_000515,playing_trombone
RTmADz0MeLQ_000027_000037,blowing_out_candles
AYze_X76Yyo_000055_000065,laughing
Eyi_twuFALs_000005_000015,playing_trombone
9NjTOyxpakI_000017_000027,playing_trombone
btBW3K1rAws_000054_000064,playing_violin
ElavoYPY-ic_000069_000079,shoveling_snow
NbKGU2QTzqI_000042_000052,singing
QIj28ukDXoA_000014_000024,laughing
EuGsIMVnMfE_000066_000076,playing_violin
5XgL6wRsEt8_000243_000253,playing_bass_guitar
E_-_r_FZ9v8_000150_000160,tapping_pen
OM0Pf6SXvMk_000013_000023,stomping_grapes
Q3V1LSkNpCk_000042_000052,playing_xylophone
eiVLxkAL0p8_000062_000072,playing_clarinet
9lUbrPLhAqY_000004_000014,shoveling_snow
fGQ2XZHo5mQ_000218_000228,stomping_grapes
7tXwTgKC3Zs_000037_000047,playing_accordion
OTqTIp5fN34_000057_000067,tapping_guitar
IsuzoWdToR0_000014_000024,playing_trombone
2QLcIIEuFbU_000063_000073,playing_violin
8YYD5WrR4jE_000063_000073,stomping_grapes
bdxyA8mcfFU_000001_000011,bowling
2gSgsd_CehI_000080_000090,playing_organ
dFi-9zQt2Qk_000006_000016,tap_dancing
C_v9fFZVzLc_000016_000026,playing_saxophone
HhbTyPnFVIg_000056_000066,chopping_wood
_wlHtEJyMrM_000008_000018,tapping_pen
-Qc1tOylcjc_000044_000054,blowing_nose
CTBundA-s2E_000003_000013,bowling
4jRQGQVRqmE_000083_000093,playing_trombone
MutlTHKR2KA_000005_000015,playing_trombone
VOn9ygYGnpc_000001_000011,playing_saxophone
8IqOegVCNKI_000129_000139,singing
7mUqrjjR47A_000002_000012,bowling
8xVbMEE7fAc_000010_000020,playing_saxophone
cXt-BcDR4_0_000486_000496,playing_violin
1r-zf9IibBs_000005_000015,shoveling_snow
beSxl8zMvho_000049_000059,playing_bagpipes
dTaudMBdPEM_000174_000184,playing_clarinet
YvTkhqNmrIw_000027_000037,shuffling_cards
KHn6sQLctIQ_000032_000042,blowing_nose
Jm0eTm1bVWI_000008_000018,mowing_lawn
dVTxLemkqcE_000127_000137,bowling
F-jXp4teUxk_000049_000059,playing_trumpet
C9rJZkZrzGM_000060_000070,playing_harmonica
5ADwsX7jzUk_000303_000313,playing_guitar
J_Hy2yOpeyw_000016_000026,blowing_nose
Xx46E23Kgyk_000170_000180,tapping_pen
asgbvcHBrys_000002_000012,tapping_pen
_pjeHkmsQ_I_000004_000014,mowing_lawn
_qSddHPSDAs_000053_000063,mowing_lawn
Jn7TdLwQRS4_000145_000155,playing_bass_guitar
DCSPU2-MmYY_000291_000301,playing_violin
ICJOBebOwfg_000110_000120,playing_saxophone
_5MtP_LzpQo_000041_000051,shoveling_snow
Y0-wiLHchi4_000018_000028,playing_piano
XyiNfPddwlc_000136_000146,shuffling_cards
9j_wTzmA-Gc_000004_000014,mowing_lawn
0y4zfUP_gd4_000005_000015,playing_xylophone
HgV3fIqofkM_000002_000012,playing_trumpet
eS-RRb6JD_8_000012_000022,blowing_out_candles
bwrf-tZfpn8_000010_000020,playing_drums
NWr0yaQQ4hs_000000_000010,playing_trumpet
_XK4h1NbIIk_000026_000036,stomping_grapes
8l92qPrn6MM_000215_000225,laughing
BF2CrmIq-mY_000009_000019,shoveling_snow
8I3L7jQ0Yos_000001_000011,shuffling_cards
biWm1DCXmI4_000003_000013,playing_harmonica
G65fBJDz9wI_000174_000184,bowling
HiE1XhWVoRI_000078_000088,dribbling_basketball
E5CKdO8SQto_000043_000053,playing_drums
TPwg9YBuCI4_000101_000111,playing_violin
9RtfOdiO7Og_000084_000094,tapping_pen
ga0sA8xSFZE_000119_000129,playing_trombone
Aed9Abmjp_c_000005_000015,blowing_nose
djC-BMcUFjg_000312_000322,playing_drums
5PXIwV9LNzQ_000734_000744,playing_trombone
O0pzowQcQq8_000012_000022,playing_trumpet
28XTaKmiYI8_000001_000011,mowing_lawn
LeSD362G5gk_000095_000105,playing_bagpipes
Rg5emohIMxI_000093_000103,playing_bagpipes
3DxqwkHqVEc_000062_000072,shuffling_cards
M8LiTTMT3V4_000069_000079,laughing
Zk4NfNTB1io_000012_000022,ripping_paper
OdC3xCPpYao_000002_000012,playing_saxophone
df7b012oMvQ_000062_000072,playing_bass_guitar
-ID7HUQnT5g_000010_000020,bowling
3Bm6rwEC0QM_000034_000044,shuffling_cards
7UcbAa86JzE_000001_000011,shoveling_snow
WVxQGjn1Rog_000232_000242,playing_guitar
S-jgTyB3E4A_000001_000011,ripping_paper
eNv5eNMQL8g_000016_000026,blowing_out_candles
PeZQAhttGHQ_000054_000064,playing_organ
5rD8QETPEds_000002_000012,bowling
MT_YAO_LWL4_000000_000010,playing_trombone
dYfMQF0-pHU_000167_000177,playing_violin
87x5e72LlEQ_000014_000024,playing_keyboard
fZS22HDKunk_000012_000022,blowing_nose
4w9-rttQv4Q_000240_000250,singing
eFf_ZpkiinA_000023_000033,laughing
2K8Zo7PVcr4_000001_000011,bowling
8vNw0ZvnKzs_000050_000060,playing_drums
TFbJk0jEcz8_000051_000061,playing_clarinet
d5KrF9YQroI_000004_000014,playing_guitar
SAEdvD73L2o_000034_000044,mowing_lawn
EBG1hQ-Puqg_000602_000612,playing_keyboard
Ejcqrty-cpI_000003_000013,mowing_lawn
HahcVBqbYVU_000230_000240,tapping_pen
W16wbscrUbs_000030_000040,blowing_out_candles
B9TaETbM8Ek_000042_000052,blowing_out_candles
4Gwx-SxXeEY_000011_000021,tapping_pen
8H8BCa-TTws_000011_000021,playing_trombone
WR4MxnrOhOY_000000_000010,playing_bass_guitar
Pka1ONug6g0_000054_000064,laughing
faMGgwNblN4_000075_000085,singing
_uOhm_9yXxs_000007_000017,bowling
ctFwXzohkgI_000073_000083,playing_harmonica
F7cxtOM1fsI_000148_000158,playing_clarinet
-nQBEE7a3wc_000165_000175,mowing_lawn
YBjzG2nH2g0_000016_000026,laughing
3vQrXOHTlkM_000133_000143,tapping_pen
HuZtAJL6UTg_000618_000628,playing_guitar
g6yqRXTbCrU_000002_000012,playing_harmonica
csKSWZhEhc8_000039_000049,playing_trumpet
DLJ_GoUkGy0_000044_000054,laughing
TGQ6LKs2jg0_000004_000014,playing_organ
TdbAav01KsY_000049_000059,playing_violin
82FB476CJw4_000047_000057,playing_bagpipes
3pw9ionLS3M_000003_000013,playing_trombone
XBCtbhfn8Y4_000056_000066,shoveling_snow
DvFkJk4qr6g_000037_000047,stomping_grapes
74Ap4yGLFOI_000000_000010,bowling
d8fFRO4-ZsY_000027_000037,playing_drums
8znubvG5siQ_000000_000010,playing_organ
R-BfixOEL68_000011_000021,bowling
5QldD-AOPD4_000000_000010,playing_accordion
2W0uj90TZbk_000127_000137,playing_clarinet
9375CFtXu6E_000018_000028,tapping_guitar
5y5qV9GMZDA_000090_000100,playing_trombone
GY7xiWElF1Q_000001_000011,laughing
PmRqw4_zzsg_000193_000203,playing_trombone
gW3VJKTbkQY_000002_000012,playing_xylophone
Ad-crKWqT1o_000035_000045,playing_bagpipes
YNBy52lJC0A_000000_000010,playing_violin
1q_UpMrKuYM_000069_000079,playing_accordion
d_9jLqW9VkU_000117_000127,playing_guitar
J5gkj32rjB8_000033_000043,playing_trombone
Wm_p534ORhU_000197_000207,singing
NcVEjgFKeTE_000003_000013,mowing_lawn
b9X-29-ueG0_000044_000054,shoveling_snow
UYmcmIgL1yA_000015_000025,shuffling_cards
NSeWXu4UfaY_000000_000010,blowing_out_candles
2W5r_4IYqSE_000017_000027,blowing_out_candles
-q_FT4Jt23A_000112_000122,shoveling_snow
-A-VnQIVFLo_000122_000132,tap_dancing
0PzeNynP79g_000062_000072,tickling
QJ_W3L7tGaA_000032_000042,blowing_out_candles
cADg2xg8P30_000497_000507,playing_clarinet
EgX6-ptNFLc_000054_000064,playing_violin
5IHQy8QyK-g_000008_000018,playing_keyboard
Zv82el8kCEs_000471_000481,playing_bass_guitar
N3hyzhICYK4_000044_000054,tapping_pen
-RtyF_Vqld0_000368_000378,mowing_lawn
3QlcUCJzvYU_000034_000044,tapping_guitar
BvZCUVFAVy4_000028_000038,tap_dancing
VhTSossvL4U_000009_000019,playing_xylophone
goPrGwjoYaY_000004_000014,blowing_out_candles
XuqUxwB6y3M_000035_000045,dribbling_basketball
0DGFWeWk_gk_000057_000067,playing_trumpet
Dx6pM3qtxNw_000003_000013,tickling
UeW9nNF_gAQ_000000_000010,stomping_grapes
gqvwHs0kX9c_000039_000049,playing_saxophone
LUsOnoJI8Fk_000196_000206,playing_bagpipes
SAm-mhHBlCQ_000001_000011,playing_trombone
E5KAQSxDWr0_000017_000027,singing
B-Y_6VBAGIY_000159_000169,dribbling_basketball
JKuNLgnLNWY_000153_000163,stomping_grapes
CGkk4M4P6OQ_000196_000206,tap_dancing
Mx1jQd5eKX8_000169_000179,tapping_pen
Cjtg7qJGGUQ_000025_000035,blowing_out_candles
OKDabP5SWOQ_000019_000029,playing_violin
UWTdFs4EhEQ_000000_000010,mowing_lawn
1UHpOrualJc_000054_000064,tap_dancing
8v1N_S-wkAI_000002_000012,chopping_wood
Y3nNgn3aJ54_000071_000081,singing
eL-4sk8q6BE_000064_000074,playing_piano
E5oNOXT6cgI_000040_000050,shuffling_cards
KK-ezzq32OI_000000_000010,blowing_out_candles
VPLZGrTUqRM_000000_000010,playing_organ
_q3IwfTuAbk_000225_000235,stomping_grapes
Z3M-DNgbKYs_000001_000011,bowling
NDkpoF5YGYg_000072_000082,shuffling_cards
Uh9_cAoMJb0_000007_000017,playing_keyboard
WnV0O7xAmcs_000006_000016,mowing_lawn
5Qzd3NVxphs_000174_000184,playing_violin
HJmzNwJRizU_000130_000140,playing_bagpipes
Q_8uLHHT5XA_000056_000066,playing_keyboard
8NEmTF7L-q4_000016_000026,dribbling_basketball
1Y3YpULFdjE_000105_000115,playing_piano
ZNiR_EQLaKc_000000_000010,bowling
ATiIa9DOsjM_000000_000010,playing_trumpet
HomCQVBXvn8_000088_000098,chopping_wood
Fcdz7JtHJL0_000065_000075,shoveling_snow
HGgFLu4tsu8_000065_000075,dribbling_basketball
G2Ln92xOHUc_000051_000061,playing_bagpipes
7h_2bcQTfho_000059_000069,playing_piano
4T4lCXa5Xjg_000100_000110,shuffling_cards
PgA2OPsw-4w_000091_000101,playing_clarinet
4TqcIXT9Brg_000159_000169,playing_drums
XpDA4fpNEPY_000019_000029,laughing
9CcR70AQNvY_000012_000022,tapping_guitar
bBDhiqu42N0_000027_000037,tapping_guitar
OVuayKjrU68_000002_000012,shuffling_cards
LZ7ofNc4Db4_000004_000014,shoveling_snow
_YJjA-4zs84_000154_000164,stomping_grapes
9k4s2Hby6eA_000016_000026,playing_violin
JrVfkI_V6K8_000095_000105,playing_organ
-6y3YkJOxy8_000195_000205,playing_organ
fsUgXZ0n6wQ_000012_000022,playing_guitar
HwuGaslIi8M_000000_000010,singing
H2OJQQQ4i-I_000022_000032,mowing_lawn
NNu2z-HEJgk_000000_000010,tapping_pen
Mx_ZYrNzu64_000014_000024,playing_xylophone
RqDmt8OMvSE_000041_000051,singing
URZNBK-e1is_000079_000089,chopping_wood
VWEgaytDGSU_000044_000054,playing_bagpipes
d1uHVsRPC1k_000271_000281,playing_guitar
HVzq2uUb8CU_000025_000035,tap_dancing
Kou8peNYiTI_000098_000108,playing_saxophone
9E2anVW4Tdc_000047_000057,playing_clarinet
6hsOVkC7hxA_000004_000014,chopping_wood
7T7hfxQRNBk_000000_000010,bowling
C_N7THEohFU_000023_000033,playing_piano
0GWM3flz3ic_000147_000157,tap_dancing
8dSGTJm47tg_000188_000198,playing_saxophone
ItrknzFb4yw_000048_000058,playing_trumpet
Qvf9Nbpw348_000325_000335,playing_trombone
LGvp5F9c17U_000167_000177,playing_keyboard
HqVupuaRe4E_000082_000092,playing_clarinet
KuyQ6gnQrzk_000048_000058,mowing_lawn
3zmimG6awt4_000001_000011,playing_harmonica
C54jAu2YS9Y_000112_000122,laughing
69BdEoiBGQ0_000013_000023,blowing_out_candles
c7DDmGOqgsw_000064_000074,dribbling_basketball
XdXx78J41Qw_000047_000057,playing_organ
8AfiSowtuiA_000082_000092,playing_accordion
aQr3dE6XaYU_000007_000017,playing_drums
4aGZp7sVzF0_000049_000059,playing_xylophone
9u6iriKgmC4_000043_000053,blowing_out_candles
1FKzeLuDANE_000045_000055,tap_dancing
4XrvboYXcTE_000025_000035,playing_guitar
1_U8ATiH2gM_000122_000132,tickling
ecZmeyXLlYY_000093_000103,tap_dancing
GuSEdrKJqoo_000001_000011,playing_organ
6rD9DtRyxFM_000037_000047,shuffling_cards
bYgDK0SiacI_000000_000010,blowing_nose
TXrLr4eST7A_000002_000012,bowling
E_fMen8FTzc_000015_000025,tap_dancing
YCRYjUcbweQ_000023_000033,shoveling_snow
YMIzAWL41tI_000016_000026,blowing_out_candles
LbRuJv48FjY_000103_000113,tickling
U00Hwt3vACE_000453_000463,playing_organ
WmdMWWfZamc_000001_000011,blowing_nose
Vn4oJ3z22Es_000056_000066,playing_saxophone
fSsPA2tDogs_000018_000028,stomping_grapes
A1Jue0vnM30_000110_000120,laughing
7o1sLCQPlJs_000040_000050,playing_trombone
6mnqqVW4Iqc_000063_000073,playing_trombone
HcZgs9WOU_U_000022_000032,laughing
eBbimHuXAqc_000039_000049,playing_trombone
Ds83OabOwz0_000001_000011,playing_accordion
10T4WAeMi4I_000019_000029,playing_violin
827vUcTkPbE_000031_000041,tap_dancing
EYxyxAEYhsM_000015_000025,blowing_out_candles
_rJTCzesw84_000384_000394,playing_clarinet
dZBQQdzf8mM_000217_000227,playing_trombone
_uay7nYAiEI_000083_000093,tapping_pen
7ZJdReao1iQ_000007_000017,playing_trombone
FX7BhkU7PD0_000159_000169,shuffling_cards
PrJ_g5O7MRk_000084_000094,tapping_guitar
eKUXnelq0k8_000047_000057,playing_bagpipes
7zJWrK8igUM_000028_000038,mowing_lawn
8PMTWY-5CNg_000382_000392,playing_clarinet
Bni3X9c9JSI_000006_000016,playing_clarinet
NKpclGlGdRU_000168_000178,tapping_pen
9gUHgQvssjE_000046_000056,singing
Vd-U6I7S4Z0_000000_000010,playing_harmonica
VRcIc7u0bDI_000194_000204,chopping_wood
SXCzCQoDWDc_000001_000011,playing_harmonica
V1Yd0fpTD4Q_000027_000037,blowing_out_candles
Q6Qp-QbdEuQ_000009_000019,chopping_wood
GO4eQPmWmTw_000029_000039,singing
Xpn1aGx6aWs_000028_000038,playing_bagpipes
7ddo8L_P51k_000082_000092,dribbling_basketball
DpXY0VuuRuY_000103_000113,singing
Aq1R7LS3UXI_000000_000010,chopping_wood
cXkgiWm7-TA_000005_000015,playing_bagpipes
LaHgH4V9Czs_000261_000271,playing_accordion
BADG0dONoBc_000023_000033,tapping_guitar
Boci5XtmLFA_000177_000187,playing_clarinet
S6aR1_o46hM_000251_000261,playing_organ
eGpXvswMu1Y_000014_000024,playing_bass_guitar
COdGWAgVoqU_000004_000014,blowing_out_candles
HlFnWOx53XU_000048_000058,playing_bagpipes
e6_rA-hbReg_000366_000376,playing_organ
EdkgmCdSnxw_000058_000068,playing_violin
CdDElAIuv_w_000000_000010,blowing_out_candles
4kZVhI_SJ6I_000009_000019,playing_harmonica
SWNFujUyeHs_000017_000027,shoveling_snow
g3bRR-lWuFc_000000_000010,chopping_wood
RwIAqV-xjxs_000067_000077,playing_clarinet
eTr4Kz7k-44_000002_000012,bowling
HYpVi0G8sKI_000454_000464,tapping_guitar
HlHaxnbGJcQ_000164_000174,tap_dancing
Q1mm0LMz_nM_000060_000070,shoveling_snow
XQ-LXdXmLUg_000039_000049,shuffling_cards
R6RtYacmzkY_000166_000176,playing_saxophone
dsMPAL2LYP0_000774_000784,tickling
EzuiHh7Y9B8_000008_000018,playing_keyboard
XHQLkc06XIc_000099_000109,playing_violin
QQUWseLRgOI_000025_000035,tapping_pen
4-mn55ZnJx0_000007_000017,ripping_paper
GNagBBeIn8w_000056_000066,mowing_lawn
8p8uZMoFe1c_000003_000013,playing_clarinet
E6dLR10QJWM_000018_000028,playing_violin
VHKxMi8KP64_000003_000013,mowing_lawn
O9DhIwKSPI4_000029_000039,tapping_guitar
es6oE8T_4SA_000028_000038,blowing_out_candles
3t5XNAwp0sk_000088_000098,laughing
gDdkyHysoJs_000000_000010,mowing_lawn
8ffJsy6eNro_000120_000130,playing_trumpet
_E7Dp6FyF_0_000013_000023,playing_keyboard
AHEGXPJIzA8_000003_000013,playing_harmonica
cQR6fwBQdAc_000170_000180,tapping_pen
Xqjd41YVvXA_000030_000040,playing_xylophone
B-NllEIfMug_000000_000010,playing_clarinet
16pbCraynSI_000193_000203,playing_violin
1ejdQhVglFA_000000_000010,playing_keyboard
XgsbdiGriDI_000014_000024,mowing_lawn
RWmvSb8Q8cg_000041_000051,chopping_wood
XuLOUTo3wwE_000061_000071,playing_piano
3K_YkCSxzbA_000028_000038,playing_trumpet
eSI9xhNHPGg_000452_000462,playing_drums
GIyq3VAZ96g_000043_000053,shuffling_cards
GomsUKIq2Ow_000040_000050,playing_organ
B-_rQfjR0DE_000050_000060,chopping_wood
3tptz9lE00c_000162_000172,stomping_grapes
WWL-Z9nqe1c_001433_001443,playing_clarinet
EocIV1BxBjA_000113_000123,bowling
g08zT215dL0_000016_000026,shuffling_cards
MTgcBQwIuFI_000004_000014,blowing_nose
aruu8fgFmwU_000004_000014,tapping_guitar
2Q2cLWUd5vA_000031_000041,playing_clarinet
VFlzakbndtI_000052_000062,playing_trombone
SAjWZENc-54_000024_000034,shuffling_cards
dQuZdz4nOU0_000038_000048,dribbling_basketball
Thzh-Io_03g_000079_000089,playing_piano
bMOsswC8yH8_000403_000413,shuffling_cards
6xLqyoo9grI_000146_000156,singing
QQstEZTT7RI_000002_000012,dribbling_basketball
ZDQ-KJgKlro_000198_000208,playing_accordion
0AkbM87mj-Q_000056_000066,shuffling_cards
Cygi9Ab207M_000137_000147,shuffling_cards
HhqI5WPp-Lw_000023_000033,blowing_out_candles
_2f3DMpL24o_000004_000014,bowling
FBsypPLo7zg_000023_000033,playing_bagpipes
VCOhGQY0BXk_000000_000010,singing
XUxLYFtsrUw_000000_000010,laughing
9Ro3-OC4yuk_000008_000018,mowing_lawn
9lkHWxSdUBs_000012_000022,playing_xylophone
Pmv3HyVUi7k_000069_000079,tapping_guitar
_hywoBrmn5M_000016_000026,laughing
c8o9vqeJDCw_000199_000209,tapping_guitar
C8b3jnpclx0_000011_000021,blowing_out_candles
Zyf2MzmEgXg_000010_000020,playing_trombone
5iQ0Gu3GyWM_000007_000017,playing_harmonica
FAA9lG1ycjU_000069_000079,tickling
JEarXpEV8lo_000324_000334,playing_bass_guitar
L38ZRY8cBS4_000046_000056,laughing
B1p0zE2DRV8_000054_000064,mowing_lawn
FMQxOIGcnb8_000044_000054,playing_violin
CQKA7sZyjgg_000057_000067,playing_clarinet
Db65XxU0948_000040_000050,playing_organ
07GXIxXFtPw_000103_000113,playing_piano
XF0o08931Cs_000010_000020,playing_guitar
MNwGnx6rfSw_000009_000019,dribbling_basketball
HR-8pZPkMIg_000036_000046,blowing_out_candles
RLMQsVQyo3U_000021_000031,playing_violin
UlKKenV42-0_000018_000028,blowing_nose
I5z1SrSSfx4_000002_000012,playing_accordion
ZSpYbU95VUw_000010_000020,playing_trombone
alif8O459Ig_000014_000024,playing_harmonica
PqFGzs2q0FM_000127_000137,singing
Zy98A3V3loc_000153_000163,playing_saxophone
2KFvCgsCCOA_000062_000072,shuffling_cards
ZWG2yD8OpB0_000000_000010,playing_accordion
fgpmgrKVbeQ_000008_000018,laughing
4YUe_pxO5JM_000084_000094,playing_harmonica
2HDyGwTkm5c_000007_000017,blowing_nose
1gXIARWAwgQ_000081_000091,playing_violin
ZtGf8JUwDG4_000143_000153,playing_keyboard
cLLwM0ObPjw_000008_000018,playing_guitar
R3qdYnrKTCw_000009_000019,dribbling_basketball
5ASIsiVeuNg_000001_000011,blowing_nose
Hbu0luSmEOc_000054_000064,playing_guitar
XQkZp88pMrg_000122_000132,playing_violin
eTc0q-H1ui0_000081_000091,chopping_wood
WIZ3d6i9LEI_000004_000014,bowling
KrsiIeqFibI_000492_000502,playing_clarinet
_Wv9RcXNSYM_000029_000039,playing_xylophone
hFTv84pAtIA_000012_000022,playing_organ
XACqhL07oSY_000021_000031,playing_trumpet
C3bcI-SnLtY_000003_000013,dribbling_basketball
6vKTUw6duzY_000012_000022,playing_trumpet
cJb-BYkoNRw_000001_000011,ripping_paper
Vs5vr1zG1Ic_000000_000010,playing_bagpipes
_sev4XdM7P4_000048_000058,mowing_lawn
LrqSMUnbY1E_000085_000095,playing_trombone
F8d_HhbUFqg_000037_000047,playing_trombone
IJvjlVvtB1M_000000_000010,singing
erpD2VVjOxs_000004_000014,ripping_paper
UScUHT6Ggks_000008_000018,blowing_nose
FJajhKwCMeo_000284_000294,tapping_guitar
5Wv-aAB0Lpg_000196_000206,stomping_grapes
Oh_SQH_hDpc_000005_000015,blowing_nose
PRQ5NGkVE5Y_000081_000091,playing_harmonica
-6Uat2UGZ9c_000001_000011,playing_organ
QYr-_hlT3YQ_000146_000156,playing_violin
cwkFScWDOHs_000226_000236,playing_bass_guitar
aAtgMmnwzvY_000045_000055,shoveling_snow
WchGNvbXCcg_000039_000049,stomping_grapes
VuPscDBzjKw_000086_000096,playing_guitar
OhDmt4WICMg_000035_000045,bowling
AQ_w7pZQj64_000241_000251,playing_drums
L46W40CNCvs_000000_000010,shoveling_snow
e0_IYYa1NMA_000163_000173,tap_dancing
XqqGFODy9kw_000024_000034,playing_trombone
exllQTI_mnM_000002_000012,blowing_out_candles
ayuJ6jJy-2E_000152_000162,playing_drums
RQWpjwxZl70_000001_000011,singing
Tvn-rLD0Nng_000041_000051,laughing
7pkS7qvZsWU_000001_000011,chopping_wood
-luSTDx03Gk_000321_000331,playing_clarinet
JAs8e3NTz3Y_000020_000030,playing_piano
aiJExNvlJyU_000025_000035,dribbling_basketball
EHjrClQ_qoM_000017_000027,playing_clarinet
Vcd-si3IHz0_000004_000014,blowing_out_candles
Iq8mAwCpX7s_000037_000047,playing_xylophone
GgxPZD_022U_000009_000019,playing_saxophone
VOlOa1yspQc_000026_000036,tap_dancing
24r26Wwz8MM_000022_000032,bowling
HK-KhlsR2P4_000018_000028,tapping_guitar
8vEzfXMDbLw_000257_000267,playing_saxophone
G4AZxwqQP2E_000010_000020,playing_drums
FwLEqg9WEQ0_000013_000023,playing_violin
NV5ufzEHVwk_000133_000143,playing_organ
crl2eLsUIqc_000008_000018,shoveling_snow
_baJWCzqkmU_000024_000034,shuffling_cards
dFDc7ig-ALI_000047_000057,singing
S3IpQlaWais_000083_000093,playing_guitar
ZO6WEbRyKzE_000043_000053,playing_guitar
FlZaBjd2-2I_000034_000044,laughing
MEIvJc0VKFs_000022_000032,tap_dancing
38VjUm9X__Y_000746_000756,mowing_lawn
O3uOBfKArII_000090_000100,playing_trombone
PLEA6ZGuGJ8_000087_000097,shuffling_cards
BsTdn7A6BSs_000020_000030,playing_organ
fNL2KnpLTqg_000002_000012,blowing_out_candles
a7aNsOpLHM8_000139_000149,singing
gV6kATYM4jc_000109_000119,playing_bagpipes
a9XXsoXuACM_000005_000015,playing_xylophone
IywLarebu_g_000016_000026,ripping_paper
Z_9pdjjky8g_000015_000025,laughing
FgwgjSPGLIE_000086_000096,playing_drums
7WevZQYyjQw_000158_000168,singing
1m5La62jLkg_000003_000013,playing_trombone
O-4FKJZ5Hkk_000103_000113,playing_bass_guitar
C7H5HzzfIWI_000311_000321,playing_drums
OdyN2Uce6nk_000000_000010,playing_bagpipes
fF3CocDgxZQ_000025_000035,mowing_lawn
aJEPd5L1RkY_000150_000160,laughing
B6QlBCdRiwA_000003_000013,chopping_wood
0r5xzu8b0bA_000001_000011,playing_harmonica
DoZ-7ADxJwU_000231_000241,playing_xylophone
06JLmlOj9II_000245_000255,stomping_grapes
aTym3f74Whg_000070_000080,playing_accordion
Qmg6BWzg3KQ_000002_000012,bowling
8zvGhDBfifA_000023_000033,blowing_out_candles
NlMs6fJlj4c_000003_000013,bowling
YzJafOviVw0_000005_000015,ripping_paper
WG0J9oGQ79A_000003_000013,blowing_nose
32Q6OQ4lvtQ_000000_000010,playing_trumpet
BEqdtFXsXYI_000014_000024,singing
aM6BWOh8Yr8_000008_000018,tap_dancing
90dLS1pwAnI_000000_000010,shuffling_cards
adeTpqyc0sY_000069_000079,mowing_lawn
eRY-o7TYEY0_000086_000096,laughing
gTTLRReWORg_000027_000037,playing_clarinet
b01IYfeYJeg_000001_000011,playing_bagpipes
8ODEajpcKUQ_000144_000154,stomping_grapes
BfPP8qUCzTI_000087_000097,chopping_wood
G6XmraKPyNY_000294_000304,stomping_grapes
27oBFM7kO-8_000035_000045,playing_trumpet
OYGhATT2pF4_000173_000183,mowing_lawn
NzPMAWHjmsU_000140_000150,tapping_guitar
L3j2pirQcW0_000013_000023,playing_harmonica
3zh5KE5hFRw_000003_000013,playing_bagpipes
Fe_YqV7TsaA_000022_000032,playing_saxophone
bf6c3mY9hr4_000006_000016,playing_trumpet
dfHSNDnjhTY_000048_000058,playing_piano
WmBlaHwJPm4_000001_000011,playing_keyboard
KpClkUPLeik_000035_000045,tapping_pen
Rcv5TtUvd4M_000022_000032,mowing_lawn
OgBC-jj7C90_000023_000033,playing_drums
7rBOU8i5VCM_000003_000013,playing_trumpet
S3CxqicSSnc_000199_000209,tapping_pen
g542x-leABI_000002_000012,blowing_nose
F-viB-IQQKg_000031_000041,laughing
Cm2zcSdlxXQ_000152_000162,laughing
gGqbx5TWpcA_000054_000064,laughing
7ShmVk1etcQ_000055_000065,singing
MzNw0C3leg8_000083_000093,playing_trombone
ZSEXDp--IV0_000231_000241,playing_harmonica
0mdXiQ82onQ_000023_000033,mowing_lawn
8CW3bbg5z0Q_000003_000013,playing_bass_guitar
Z3W_PTmWQGI_000034_000044,playing_clarinet
UPjCNiLTKec_000011_000021,playing_trombone
RAYZvb5ZmMA_000000_000010,shoveling_snow
HWyZSQ3RFCY_000099_000109,tickling
FOCwuzPr-sA_000002_000012,shoveling_snow
NNE8Sv6BGeI_000009_000019,blowing_out_candles
70tReeSLVqs_000217_000227,playing_keyboard
0L4S5alFZWk_000055_000065,playing_piano
2LPXB66qfk0_000171_000181,playing_accordion
TJN8J6GsNUE_000044_000054,playing_trombone
duqwJwH2qlM_000000_000010,chopping_wood
grGgRjJ8BgE_000003_000013,playing_violin
dLHp_hqhtXQ_000155_000165,playing_drums
hBhPWthdM-E_000059_000069,tap_dancing
8U-RJQMm9Jw_000025_000035,playing_clarinet
T4zH0o5nGwc_000005_000015,playing_harmonica
5cXu2VpXlf8_000006_000016,laughing
ej13YZKVdBs_000060_000070,playing_guitar
eyyld8t5a_I_000053_000063,playing_bagpipes
WpkrO50UpmA_000036_000046,singing
4OOUuDaDV5o_000163_000173,playing_violin
S-O8nZY2Ays_000053_000063,shuffling_cards
fnASmvjmdZE_000028_000038,playing_organ
XWG7XkjLEhs_000127_000137,chopping_wood
-c1HHlh_S58_000265_000275,playing_drums
OfZ2xr-LY6I_000147_000157,playing_accordion
H9GXcNcqPus_000119_000129,singing
Z3In407dYfo_000203_000213,tapping_guitar
bHMsTJ9bslw_000155_000165,playing_trombone
DOrG36yIxPU_000091_000101,playing_trumpet
ddtcuVVxpTs_000010_000020,dribbling_basketball
-uRqD8jwqbI_000223_000233,playing_organ
Vfmfgo-MZdM_000002_000012,playing_saxophone
azMFQnaVb-o_000060_000070,shuffling_cards
InHPFq1PrlY_000018_000028,playing_drums
e-45gjgF70s_000001_000011,chopping_wood
fj9e8Ogc6xs_000002_000012,playing_bagpipes
YBf5-eaQ5E0_000018_000028,shoveling_snow
GvrN5VT1Zf0_000028_000038,playing_guitar
ZCmGi6of3jU_000011_000021,playing_xylophone
-FhoqTprJw4_000382_000392,tapping_guitar
MUpROqaAhIY_000248_000258,playing_bass_guitar
ZrKLl6mbOzo_000000_000010,mowing_lawn
_K_j-FMxWrk_000002_000012,playing_bagpipes
UlitrBt8f44_000019_000029,tapping_guitar
Sj6M1N-kyp4_000156_000166,mowing_lawn
27cNSPMwniE_000141_000151,mowing_lawn
0fTclAz3oj4_000097_000107,tap_dancing
SJcaUhS7LoU_000119_000129,playing_bass_guitar
4C5B760w58A_000012_000022,blowing_out_candles
Y_Ull3i3Lzs_000317_000327,playing_clarinet
W5im6AIm1Vo_000393_000403,playing_guitar
7Kpy_-ULNsM_000000_000010,bowling
GUG4lvhkI4U_000144_000154,playing_guitar
G5fw0OlWAew_000023_000033,mowing_lawn
6Y-WqjD__5A_000002_000012,blowing_nose
dIEF0fua0cg_000147_000157,singing
TRjpbBBw7q8_000136_000146,tapping_pen
ZW7lMH4RmiE_000043_000053,tapping_guitar
eMbpjmbf6wI_000064_000074,playing_trombone
aPTze8pu3wg_000015_000025,playing_drums
gyNFLdvzzOU_000001_000011,chopping_wood
eMaoka8wXRU_000031_000041,chopping_wood
I7KRYrMOAJM_000138_000148,playing_keyboard
8arMCFjvHEY_000039_000049,shuffling_cards
c1DEqG4OZNE_000009_000019,playing_bagpipes
7p71qhH37ZE_000004_000014,bowling
V8hWEalCIPQ_000055_000065,singing
C0204uQIMOo_000202_000212,playing_clarinet
9UJOfCgdmqU_000034_000044,playing_piano
0MWtgtvlw5s_000008_000018,tapping_pen
fTPidd0R-XQ_000033_000043,playing_harmonica
d7Ny0aaL90E_000303_000313,playing_violin
M7rT9m6MALk_000007_000017,playing_xylophone
UDAMlor9zxE_000012_000022,chopping_wood
K69ljrN3gtU_000104_000114,playing_harmonica
ePhDMbtpyaI_000014_000024,playing_trombone
UjBPwaG9TCE_000013_000023,playing_violin
VtJyjBBx4dc_000003_000013,blowing_nose
JaxWO7thhOg_000000_000010,dribbling_basketball
b1U_JWgWXhg_000212_000222,singing
fPycdbJirZ8_000007_000017,mowing_lawn
-HtSfbgCm10_000040_000050,bowling
0JRV0ep41QE_000160_000170,playing_saxophone
_GSR3Q1dww8_000152_000162,playing_piano
HmlJjskzjuo_000059_000069,dribbling_basketball
BS5RzjHdH1E_000040_000050,playing_trumpet
3teZvCzo3Lw_000063_000073,singing
QErdk1M5WDY_000007_000017,blowing_out_candles
Z9SjrUNt8Ds_000089_000099,chopping_wood
GzZ5PCCxB1I_000004_000014,playing_keyboard
Gr-kaA4hCig_000025_000035,playing_accordion
gs4fNSz8CzA_000031_000041,playing_piano
I48buqU6fUA_000003_000013,playing_saxophone
IvnzLK0mTcY_000039_000049,blowing_nose
Qr-gzgntZ2c_000000_000010,playing_drums
exU0RwuVXI0_000212_000222,tap_dancing
TWgl2judCtk_000055_000065,singing
4rR3am9OJOQ_000143_000153,playing_trombone
F65GsYpQiV4_000488_000498,bowling
h2Zb8i4Kbp0_000010_000020,playing_saxophone
Us1hczyaBSQ_002480_002490,playing_trumpet
UC2My_yNEs4_000068_000078,stomping_grapes
bNvAqFcKzqU_000084_000094,playing_saxophone
UJhUAa6dIv0_000541_000551,playing_clarinet
8WG6FAvj3DA_000025_000035,mowing_lawn
IEyT0XRPyhs_000068_000078,playing_accordion
GhpDP7vZ97s_000097_000107,tap_dancing
DFHSEyVkKnI_000047_000057,shuffling_cards
YBeQ8_XsJcc_000000_000010,tap_dancing
O45A3v115hk_000004_000014,playing_keyboard
TyLWERAfC_8_000086_000096,playing_violin
cNd9okJ82W0_000041_000051,playing_accordion
8F4FIVWo3co_000084_000094,playing_keyboard
4pHpVTN2QVo_000018_000028,tapping_guitar
IdIFMSzoDk0_000065_000075,playing_accordion
OeGOD8kyaTk_000001_000011,chopping_wood
C8LAm6axeL8_000088_000098,playing_clarinet
VRC5nQods20_000019_000029,playing_keyboard
-VvCOGy5oTc_000013_000023,playing_saxophone
Wq9_24sTPu8_000053_000063,tickling
QDP4824w0-I_000185_000195,playing_clarinet
FjUt75gkMlw_000029_000039,playing_harmonica
OnIvo1nYYZ4_000124_000134,playing_guitar
4oC8l-uYcEI_000052_000062,laughing
TND-p8XeqTY_000093_000103,playing_trumpet
2bPlceN5pgY_000086_000096,ripping_paper
H2Ly5bHXwq8_000052_000062,playing_saxophone
aBAmfdwahAw_000138_000148,shoveling_snow
TiGqnx8nhhM_000060_000070,tickling
Lmxe2mVtjvU_000000_000010,bowling
PTD2YsxmEoE_000147_000157,playing_bass_guitar
ZHXQHljSSHU_000000_000010,playing_piano
g9E88f2AaOE_000101_000111,playing_guitar
8oxRIQUloLw_000173_000183,mowing_lawn
gGMLJttln8o_000064_000074,playing_bagpipes
eFfdFx9yStw_000182_000192,playing_keyboard
SwLjUfeqBHQ_000238_000248,playing_violin
Df0ilo88KvE_000098_000108,playing_violin
0PuZB-8KSRM_000367_000377,shuffling_cards
77RxjOJwkvM_000015_000025,playing_drums
-JBYnTzE6JI_000111_000121,playing_trombone
P5vlvYZgGB0_000000_000010,playing_keyboard
UrK1MJnqmDM_000140_000150,tapping_pen
V7EMcrA-wyg_000082_000092,playing_organ
TOjkzdLprPY_000209_000219,playing_trombone
I-wvmECJkf0_000043_000053,dribbling_basketball
GIC-nB7SAso_000000_000010,tickling
IMF1juHAXYs_000002_000012,playing_bagpipes
KBqfLaEwIhQ_000122_000132,playing_guitar
4lcYVuvH-DI_000015_000025,chopping_wood
8UI0xzq15T4_000007_000017,playing_trumpet
OPIuFf8jsAc_000002_000012,blowing_out_candles
7jqfUOitIHs_000000_000010,playing_clarinet
W-T4ozTfKIQ_000013_000023,stomping_grapes
0A2QpjSgGLw_000208_000218,playing_bass_guitar
-vxADORE9Vo_000000_000010,bowling
VYZIpdEafzI_000111_000121,playing_saxophone
5Pbxbe5nXAc_000136_000146,playing_clarinet
PbFXJRpp8Ps_000045_000055,shuffling_cards
Q8fuNR7nBpY_000021_000031,playing_xylophone
aNX5qlW3pBc_000107_000117,dribbling_basketball
Rk_8I-5ZczE_000165_000175,tapping_guitar
Zesi0Hb4nS8_000000_000010,playing_clarinet
L6v3bGIl9UA_000160_000170,playing_trombone
8SJhN1sW_XQ_000009_000019,chopping_wood
DZ31nbhBoyU_000022_000032,playing_piano
HS8heJTkqbo_000032_000042,playing_harmonica
IxJbbTt8Gl0_000382_000392,playing_clarinet
I0RCX590CwA_000014_000024,blowing_out_candles
RST69D6-54s_000000_000010,laughing
M3ZN-Wzvn7I_000015_000025,playing_violin
H8SU_EUzdzE_000003_000013,bowling
ftQ0Mlrokwk_000058_000068,playing_violin
E2UrJQV3KsA_000166_000176,playing_piano
XPGf51xRSQ0_000837_000847,playing_guitar
MQFmSnG5Ets_000300_000310,playing_violin
NxIK-0ZjnzM_000001_000011,singing
XPmvAJ7nHWY_000024_000034,playing_xylophone
DjDxJfiaXlI_000021_000031,laughing
8Dj7D5LysgA_000003_000013,playing_trombone
FnD7OoH2Xo4_000520_000530,mowing_lawn
LIwMJSKF_Js_000152_000162,playing_piano
QMi0vo9z-6o_000048_000058,playing_trumpet
54v5iOB-Ad0_000059_000069,bowling
Ib_kt3OQats_000112_000122,playing_clarinet
G-q6OmzY-wY_000098_000108,playing_trombone
1nyzGiAv4DU_000013_000023,laughing
CEbfVBDQjUI_000049_000059,ripping_paper
Tzzm5Asc4QU_000103_000113,playing_trombone
IeRmIaEq8Gg_000011_000021,dribbling_basketball
S0nMlptZuGU_000029_000039,playing_bass_guitar
H_BWD2N1AoE_000029_000039,playing_harmonica
9FZJgEf7jKY_000001_000011,playing_harmonica
OzJrYqJf_6c_000102_000112,playing_guitar
5hK83d-hPAY_000017_000027,tap_dancing
ZqHL57xUn0M_000117_000127,stomping_grapes
G_JwGk1_jfg_000034_000044,playing_bass_guitar
C5OScz_p6fE_000013_000023,dribbling_basketball
3oIR4pKvHVo_000012_000022,shuffling_cards
GEOKja86mEk_000010_000020,blowing_out_candles
Bqcu9NNXSeA_000501_000511,playing_clarinet
SjeYHeWYadI_000016_000026,playing_keyboard
LbeSr_usdrM_000036_000046,playing_trombone
Nn4ekYwDi_k_000130_000140,laughing
LLuomNwCvzQ_000003_000013,playing_trumpet
RguhMK-Hnsc_000034_000044,playing_guitar
duml3XA0y9w_000002_000012,playing_harmonica
WdX_4wwtkGg_000063_000073,playing_harmonica
TbTvLjbsYe0_000001_000011,playing_piano
NDQ-QZwADCs_000000_000010,dribbling_basketball
WwkrzirpW6g_000014_000024,playing_trumpet
F_JTNDF2rlc_000141_000151,playing_bagpipes
MOvxbv9lNPg_000015_000025,tapping_pen
h0N945wh2Tw_000036_000046,playing_bass_guitar
6D2nS1HYQUA_000085_000095,playing_drums
OGe4yWq6DxY_000014_000024,playing_saxophone
a1EZWHo1uCI_000031_000041,playing_xylophone
IoiaIh7jEbU_000000_000010,playing_guitar
P9XUWX3OMi4_000055_000065,playing_piano
KO6drDiKhgs_000027_000037,shuffling_cards
AYlZYx4Ua5Q_000053_000063,tap_dancing
VGIbBdUMRiQ_000407_000417,playing_violin
EhuFWMooYAo_000016_000026,playing_trombone
BHQMi4LDHWU_000060_000070,playing_violin
BWvzZsMzi7w_000150_000160,playing_guitar
49YXTpO-KUk_000026_000036,singing
VQfgkDvk8r0_000010_000020,playing_xylophone
LtJGF2c5De8_000040_000050,playing_xylophone
8Hc0LW5yxu8_000029_000039,dribbling_basketball
gMapBCsDgHo_000029_000039,ripping_paper
7mFW5urlvq0_000001_000011,mowing_lawn
Ma9tAj794nA_000091_000101,dribbling_basketball
405OkGN_AFY_000122_000132,playing_piano
508IslKkbgg_000005_000015,blowing_out_candles
4gxD1GWFLrc_000007_000017,blowing_out_candles
8k17BNZ3eWg_000126_000136,stomping_grapes
NhpopQrMfAg_000074_000084,playing_drums
M4IFOxBViss_000019_000029,playing_guitar
VEGNlbIK4zc_000256_000266,playing_bass_guitar
VDXN0xwWgRA_000083_000093,playing_bass_guitar
NEPcDJqbwK8_000241_000251,playing_accordion
EnjVXNyr5hg_000042_000052,laughing
bHrElaG673A_000002_000012,playing_keyboard
9eWzoUr9WZA_000010_000020,tapping_guitar
ISneEtxrZes_000023_000033,playing_keyboard
NMhloWqWSwk_000027_000037,playing_drums
BjyLqznmRy4_000125_000135,playing_piano
XeRiPVEZ6pY_000084_000094,playing_accordion
OZseQYuOYJc_000000_000010,playing_harmonica
8TkJQDJXHvw_000101_000111,singing
A24dNDbienQ_000010_000020,playing_trumpet
Z8dqWIFqoN4_000526_000536,playing_clarinet
N5-_1MorhkA_000090_000100,playing_drums
UGKkKO39f90_000128_000138,playing_saxophone
MLaPcXrMdrk_000156_000166,playing_accordion
gMRBx8kpyoE_000000_000010,stomping_grapes
K0fpBJzjF84_000015_000025,playing_violin
DXKzA68hUbI_000014_000024,laughing
P5UtKs3LbMY_000016_000026,playing_clarinet
_3XmiBIygtc_000007_000017,shoveling_snow
MC52XiO603g_000094_000104,tap_dancing
dWwxfyiouqg_000002_000012,playing_keyboard
55DiOLAr0xA_000010_000020,playing_xylophone
JGYu7nxl4oI_000109_000119,playing_drums
ZNQf1VERDz8_000010_000020,tapping_pen
JvlOYArCLTc_000798_000808,singing
aRf5Bt7ksdc_000269_000279,playing_clarinet
Z_rckXoU7iA_000014_000024,blowing_out_candles
CrcEKKtM3WQ_000019_000029,playing_bass_guitar
cI4gbor6pXw_000013_000023,shuffling_cards
e_xCdzm99AE_000246_000256,tapping_guitar
9cqvuEfiiUI_000017_000027,tapping_guitar
74_gnR2C_mI_000281_000291,dribbling_basketball
So66zQpqQaQ_000073_000083,singing
9qP03tyMaDk_000000_000010,blowing_out_candles
X-bfCyGgJSU_000015_000025,laughing
4sct9qxKRaw_000013_000023,mowing_lawn
b8OJy1ucVxc_000051_000061,playing_drums
CW6bc8qa2tg_000009_000019,laughing
TWy2_PPlJ1s_000009_000019,tapping_guitar
EIiN1hCrMFs_000002_000012,blowing_out_candles
RodHL4coKQY_000015_000025,chopping_wood
86XKavIhdQM_000014_000024,playing_bass_guitar
RA7ZG4TqAH8_000008_000018,blowing_nose
GOsR4DoJbRM_000078_000088,playing_violin
fQzJW4C89Is_000270_000280,playing_clarinet
b0Ifr50HvQU_000094_000104,playing_accordion
32t76Cf6H4g_000101_000111,singing
HJ6kLJu8oYk_000040_000050,tap_dancing
6jbnp0PfwIM_000101_000111,playing_bagpipes
aifFjvh4nH8_000002_000012,bowling
NGaWF4ZyJKI_000023_000033,playing_harmonica
VrrK-F7SVWQ_000004_000014,shoveling_snow
eiokgNcWTJ8_000005_000015,playing_bass_guitar
HEFoc4gYe6s_000070_000080,shuffling_cards
bUh7SyHN1f4_000046_000056,tap_dancing
arCTOMGT9do_000085_000095,singing
32ZpA9j38NE_000023_000033,bowling
bQ6esRub9VU_000037_000047,playing_clarinet
LTXDVJ79r9U_000052_000062,bowling
gtJb56R-4Ds_000033_000043,mowing_lawn
d1vHk37-S38_000042_000052,blowing_out_candles
dgQK2DgX_kA_000021_000031,laughing
AkNVLyi4_AI_000003_000013,playing_bass_guitar
GfqcOKcPgK8_000284_000294,playing_saxophone
457N4ycM_AI_000026_000036,playing_harmonica
-w_sl89eBJM_000139_000149,bowling
efQhZxBk5Rs_000020_000030,bowling
CUUqG2VmEiY_000055_000065,playing_accordion
d84b1y1VRIQ_000003_000013,tapping_pen
6CD5NShDDhs_000002_000012,playing_accordion
WOJ4Ju50IFE_000065_000075,blowing_out_candles
Zi370R4ES1Y_000046_000056,tapping_guitar
Mw_MoVHE0mk_000028_000038,shuffling_cards
47QpN-Ph-to_000035_000045,playing_trombone
EKVBzHOZUCk_000002_000012,blowing_nose
IvTaRoW2shU_000033_000043,playing_harmonica
AFmd_8uoaXs_000092_000102,blowing_out_candles
3FY3cZnKKx4_000082_000092,playing_guitar
ER4YVU3vSvU_000019_000029,playing_bagpipes
-BO5TqyEvPw_000023_000033,playing_bass_guitar
5v7ecUFQcTI_000129_000139,playing_trumpet
_Xn9Bl5WoIo_000161_000171,tapping_pen
JaMcK4ckpNA_000017_000027,mowing_lawn
bjC-9x0Ycyg_000139_000149,tap_dancing
-y5tO9tDrT4_000014_000024,tickling
aRlF9ol6VfQ_000010_000020,mowing_lawn
XqhMfEJ_nyc_000061_000071,bowling
DrCWtjSYJ5w_000000_000010,playing_violin
KKY5K8RWpmc_000016_000026,playing_saxophone
SD32HXhJeqY_000000_000010,dribbling_basketball
2isHD5dHb6I_000074_000084,dribbling_basketball
W7w932KYDk0_000181_000191,tapping_pen
agOh9-Qly7U_000000_000010,blowing_out_candles
M3KUCWuzNE8_000000_000010,playing_clarinet
M4xpvZc9TR8_000083_000093,mowing_lawn
GyC7QcOHGiA_000056_000066,playing_bagpipes
1YMc9cdZ3o0_000277_000287,playing_violin
-OaV_EHAb7I_000036_000046,playing_xylophone
PIY23JOWs_k_000156_000166,playing_guitar
dlxUOSfkSaw_000034_000044,shoveling_snow
89kwB9LCrns_000002_000012,chopping_wood
dRnULd8nBHY_000019_000029,tap_dancing
-USWJfkof9Y_000002_000012,ripping_paper
fJdbLkikmqw_000169_000179,playing_bass_guitar
C5uxLZe8CJA_000000_000010,tickling
Keial1r52mM_000041_000051,playing_saxophone
O0DD0oaBLeg_000005_000015,playing_bagpipes
PfZ59mS8WJg_000001_000011,shuffling_cards
0KNSkPmmqWg_000467_000477,playing_accordion
3-b48BDmZlE_000166_000176,playing_accordion
AdpWZQud3jo_000016_000026,playing_trombone
7VPcqPcIfZs_000035_000045,playing_saxophone
LJvOSriNt5g_000038_000048,tapping_guitar
BTzhwXNBVAg_000025_000035,playing_trumpet
ZD2PWPmNDiY_000001_000011,tapping_guitar
S-NP65vL_iI_000222_000232,playing_clarinet
eMAPUAIUVtM_000011_000021,bowling
U_EBPBVzjuY_000043_000053,playing_harmonica
gklt1MXqFdA_000034_000044,tapping_guitar
bT14QoGuPcw_000058_000068,tickling
6AJbKKSnSZw_000019_000029,playing_harmonica
-suOVpc5rXc_000013_000023,dribbling_basketball
CZxOIIB6YuU_000000_000010,blowing_out_candles
YiXb6QtZSVc_000007_000017,laughing
1lxLU03O0Tg_000006_000016,playing_harmonica
93cQo9Z0Tkk_000052_000062,mowing_lawn
9H-SflcAZHc_000030_000040,singing
gTRa6hwj76w_000031_000041,bowling
FCcNvF_-9-8_000013_000023,playing_violin
LSQWkvdzyio_000022_000032,playing_violin
-tPOLadK1As_000000_000010,tickling
DZam2XXDGsU_000011_000021,chopping_wood
N2o27iRyPQI_000009_000019,singing
cksvLRO8YaY_000020_000030,playing_violin
Q_rmcyGeRj4_000028_000038,stomping_grapes
E-cufI4hKz8_000019_000029,playing_trumpet
A-VZLonyN2k_000016_000026,bowling
Vq75XkVJH0I_000153_000163,playing_drums
COaUwGRlo5M_000013_000023,playing_saxophone
8Sedrpl0wGQ_000000_000010,mowing_lawn
UadR49x6Eq4_000037_000047,tap_dancing
gns46STqta0_000002_000012,playing_harmonica
Z3KJyxtcizg_000097_000107,playing_clarinet
2PXkPQgBf0E_000150_000160,playing_saxophone
bKB1HFTiI3c_000088_000098,playing_guitar
G2J-z8uttqA_000025_000035,dribbling_basketball
RsMNr3_9T08_000005_000015,playing_xylophone
LKVIJPKHovE_000011_000021,blowing_nose
WW9Vdse_tHA_000096_000106,playing_saxophone
VZByHu_NUJs_000488_000498,shuffling_cards
9yoVEETv-g8_000019_000029,playing_harmonica
EF7VR9umNnI_000000_000010,mowing_lawn
3txOAJebJq4_000168_000178,tapping_pen
FOWrxUAx8yY_000190_000200,playing_violin
1KIkAsoH5HY_000113_000123,playing_drums
OMCl7VJV0bo_000042_000052,playing_clarinet
dqEysQuaRes_000280_000290,playing_trombone
bZ_BoOlAXyk_000151_000161,playing_violin
_vmXdMti2FY_000040_000050,mowing_lawn
eOROwbZbYoA_000017_000027,blowing_out_candles
HS61ixsAfWQ_000083_000093,tapping_guitar
_Yhll2xJiDs_000029_000039,bowling
HD6KNb7LC9w_000037_000047,singing
FZAut1jMa8c_000170_000180,playing_clarinet
FhVKk8HHGzM_000065_000075,playing_trumpet
PGjVzrtD7U8_000262_000272,playing_saxophone
UvLlnPTljN8_000139_000149,playing_clarinet
PTizsWBDYlA_000031_000041,blowing_out_candles
WoSql0ECCIY_000006_000016,shoveling_snow
8BXGVa3P6r8_000201_000211,chopping_wood
FmIxPnhH87c_000040_000050,playing_harmonica
ItUeG98Dc9k_000005_000015,bowling
KTswyVHy74k_000028_000038,chopping_wood
WC1ilnbR8nw_000018_000028,playing_xylophone
VPt-q4c4-N8_000525_000535,playing_clarinet
3ycEfp82EQY_000192_000202,playing_bass_guitar
XXFUWYwLtfw_000263_000273,playing_drums
TalDK36cnoU_000221_000231,tapping_guitar
gWGLR8-rHCQ_000141_000151,playing_violin
dD5nwGqe7kk_000016_000026,dribbling_basketball
49OYmCwRtg8_000297_000307,tap_dancing
NRWxuNKKMDk_000000_000010,playing_trumpet
aFhqqU8U9-k_000191_000201,mowing_lawn
X2UhTLXwjrQ_000000_000010,shoveling_snow
G0JZBstF9vI_000159_000169,playing_bass_guitar
0xVpqjSaO4o_000003_000013,chopping_wood
OXCfmDIbGtA_000094_000104,playing_guitar
1gKswPtd5Rk_000062_000072,tapping_guitar
JFsKLHnrYIM_000020_000030,laughing
PqFMgoxDZZI_000084_000094,singing
L0lOOl--HsA_000003_000013,chopping_wood
clC0ukvZ3rw_000032_000042,tap_dancing
6t8bfj0mTy4_000004_000014,dribbling_basketball
Pdb6bx3Xp6I_000000_000010,playing_xylophone
c2BDtE1ebDk_000020_000030,playing_guitar
UfhTxe9Hz5Q_000049_000059,mowing_lawn
670kCBcjRFk_000004_000014,playing_drums
Iw4vOuewRF4_000127_000137,playing_bass_guitar
Yoq4anORRrM_000001_000011,blowing_out_candles
3cUkchlSMnA_000001_000011,dribbling_basketball
SbGo9fCJSPk_000162_000172,playing_organ
95Au-7V9PSY_000050_000060,singing
NVX0mf2tEJo_000012_000022,tapping_guitar
7RZgrHpZFUE_000084_000094,playing_trombone
JOvmaQjd7nw_000099_000109,playing_bass_guitar
WZisQCAGIiw_000000_000010,chopping_wood
Y63hSkBNECI_000012_000022,mowing_lawn
h7RVfjYFAQM_000315_000325,playing_clarinet
e5xxprSnWUg_000013_000023,playing_xylophone
OE4Na8NyQBI_000096_000106,playing_guitar
Vy0j3YovSi8_000206_000216,playing_guitar
WTGwUs7eplI_000078_000088,stomping_grapes
UepC9Y0_1x4_000042_000052,shuffling_cards
ILZfefPIZ-c_000158_000168,tickling
Wr6jKhYi3Bg_000191_000201,playing_guitar
TyfXyXM0FBE_000056_000066,shuffling_cards
dMdOI9GTTXQ_000010_000020,playing_harmonica
J7OcT3IFhOI_000027_000037,tapping_guitar
PEsUMXgKrEU_000049_000059,stomping_grapes
PLqrWyagFZs_000083_000093,playing_trombone
KwvMol8NsZQ_000035_000045,tap_dancing
f3_DldAUJRs_000003_000013,dribbling_basketball
8txli_AM3Uo_000012_000022,mowing_lawn
36hknh9XjiI_000042_000052,shuffling_cards
aSleAKgkDDk_000000_000010,playing_accordion
A6bfXuUO9oo_000002_000012,mowing_lawn
e0M51k8uNac_000031_000041,playing_keyboard
gCFPlKup0nw_000007_000017,shoveling_snow
9Q_Juy1TiEI_000061_000071,tapping_pen
5CU_uPCt9BQ_000176_000186,tapping_pen
AkZwA14V6To_000058_000068,tapping_pen
4L-9F-DlYmk_000161_000171,tapping_guitar
4ma3-_Phzjc_000067_000077,playing_accordion
EVzjMKmRw_Y_000009_000019,blowing_nose
NsQgt6pfRDI_000073_000083,playing_piano
9YRsxhRaNoc_000004_000014,mowing_lawn
Z4E0fNFj44E_000064_000074,singing
NuejC-gQn4U_000227_000237,playing_saxophone
V7Qfa3JHoYk_000020_000030,blowing_out_candles
BX3sukHzM1Q_000195_000205,playing_keyboard
R-XxbJn_9cc_000014_000024,mowing_lawn
RvsMSGrTdUA_000025_000035,blowing_out_candles
M7smiyTMGWg_000065_000075,playing_trombone
Iu7FZ1P2eiQ_000023_000033,dribbling_basketball
TVdTGshevJA_000096_000106,mowing_lawn
JS5NWXMDos4_000026_000036,playing_violin
C81SpzlzOfQ_000029_000039,tap_dancing
NFNHoIT6zu0_000117_000127,playing_bass_guitar
QEAIIcISiL0_000111_000121,playing_trombone
ZschnP6GJ8w_000470_000480,playing_clarinet
N3iMsQn14Jg_000022_000032,playing_xylophone
J0mpYBeGfWw_000013_000023,tickling
WJeerU9E1Tc_000066_000076,dribbling_basketball
YqB7UEdhKug_000038_000048,playing_saxophone
DBGkAyq4Yec_000001_000011,playing_bagpipes
C6wXO3_J_H0_000110_000120,tap_dancing
c6nOF_v26TE_000000_000010,chopping_wood
6WttRzbD3Oc_001100_001110,playing_clarinet
ZbZo8IyqFQo_000328_000338,playing_saxophone
XK7WiLyqFMU_000130_000140,laughing
amSpz30fXBI_000000_000010,blowing_nose
HcGHdtFpMPo_000465_000475,playing_guitar
LZapYnwZMO8_000045_000055,playing_trombone
3v8xj1W4Gw8_000012_000022,dribbling_basketball
PmgPajkSXFs_000012_000022,blowing_out_candles
5U1FuWcH_2o_000020_000030,tickling
AFZrddUr3Wc_000000_000010,playing_guitar
ThxWvhBljhA_000002_000012,playing_accordion
dyAhjhRvzR0_000030_000040,ripping_paper
8zSbrlKO2OE_000029_000039,singing
4-Vc-aGsuPQ_000054_000064,shuffling_cards
3wHM-jypqyc_000047_000057,tapping_guitar
2TFbLDQWp7Q_000007_000017,playing_bass_guitar
2nWwD00i_iQ_000096_000106,playing_trombone
FepC02HDOWU_000020_000030,playing_clarinet
D-joROQeX9s_000193_000203,singing
QYVI_3jw310_000002_000012,shuffling_cards
MCZIxm5xgpY_000082_000092,playing_trumpet
EGeyEdIpTsc_000418_000428,playing_saxophone
F_fnF7wGbDA_000006_000016,playing_saxophone
5M-WpzuvSRw_000008_000018,playing_bagpipes
c_hRhlhbfns_000004_000014,chopping_wood
Z2wzTuHbHpg_000009_000019,playing_harmonica
4VzAw-nGQA0_000118_000128,playing_bass_guitar
7zuPJ5b3_N0_000027_000037,playing_piano
_ZK4Db2vMZ4_000093_000103,laughing
Lgn0K6W1vQk_000112_000122,bowling
Nc6PyWV0ZK4_000001_000011,playing_trumpet
-aYH7Dw-Edk_000411_000421,shoveling_snow
Te041GVhgCI_000069_000079,tap_dancing
GQfmhVzN4Dw_000006_000016,shoveling_snow
OIetp1OrPTM_000068_000078,playing_trombone
-bN9HFn0Lng_000115_000125,playing_clarinet
491S6GJCeV0_000018_000028,shuffling_cards
bcirsloW_MI_000012_000022,tapping_pen
etdNgTdCSQo_000074_000084,playing_bass_guitar
81GLyXpSTXE_000075_000085,laughing
3WeaTu4RcoM_000006_000016,blowing_out_candles
efb6XXjXHO4_000002_000012,playing_harmonica
4lfft0iO808_000032_000042,playing_bass_guitar
3WVkzS-Swtk_000072_000082,tickling
FGQLFlmr9yM_000088_000098,playing_organ
4CJ59fcs4KI_000160_000170,singing
YrDQoG-gx3I_000061_000071,playing_bass_guitar
dbwq0lVDDFI_000008_000018,playing_harmonica
FAf1PiHZ48k_000185_000195,laughing
cxFdK2G6wq0_000030_000040,playing_bagpipes
WyEbxlzc65k_000016_000026,chopping_wood
AUPrQ8yhb2g_000069_000079,playing_bagpipes
ZUlijzOEZjw_000007_000017,playing_accordion
Oh5v1Isv1YQ_000056_000066,shuffling_cards
266Dxl7y-k0_000086_000096,tapping_pen
-ppY7E8G3C0_000207_000217,shoveling_snow
Z_8w3zHzznU_000191_000201,playing_clarinet
10YOXkW1S4M_000003_000013,bowling
g3wFq-yrArE_000042_000052,singing
FzOVQWM_WtU_000002_000012,playing_trombone
-EBaSAYCDu8_000041_000051,playing_violin
cTH081TtfCo_000014_000024,blowing_nose
_UfTcxUZrsI_000123_000133,shoveling_snow
SUflpBBhXRc_000062_000072,bowling
KXHbW8CsK9g_000030_000040,playing_guitar
U_cjHbZSBjU_000024_000034,blowing_out_candles
b1qIVbyFRqU_000122_000132,playing_keyboard
Ux-u4QEjMHc_000103_000113,playing_piano
JgaeqMo1HFg_000032_000042,shoveling_snow
B7EkNAzCPPA_000042_000052,playing_drums
eOaHhAFWLlk_000046_000056,ripping_paper
gg61F0prRb4_000053_000063,playing_violin
cMPd8mjVhSM_000323_000333,playing_violin
KaQkgSNDtbU_000040_000050,playing_trombone
Ruq3OgmC9ok_000173_000183,singing
JHWdiO3gTHk_000113_000123,playing_violin
XW4C_eR1etg_000152_000162,singing
bktGfisRNUo_000358_000368,playing_guitar
3DDJVznVAXo_000068_000078,tapping_guitar
HgrulxDPRoA_000031_000041,singing
9zXcNYSDmmU_000036_000046,playing_bagpipes
70pjGszwNAo_000347_000357,playing_bass_guitar
eBWeFSquxb4_000003_000013,playing_trumpet
_NUcvL-Nfmo_000214_000224,playing_saxophone
PRNaUOjJk20_000041_000051,playing_bass_guitar
H0qufVHoyyY_000507_000517,playing_organ
Rdeh0puyVsc_000009_000019,playing_xylophone
832fifQyfRc_000012_000022,playing_harmonica
0qNS2ViyJCg_000017_000027,tickling
VVqvdpsoobI_000031_000041,playing_accordion
TvWSyvQtf1s_000006_000016,playing_accordion
fpigL8sv8bI_000060_000070,playing_trumpet
E_7I73Iw56Y_000003_000013,mowing_lawn
OfJI80SnGwU_000175_000185,playing_keyboard
LlNiRn0p4zI_000092_000102,playing_xylophone
C5TEQJSPwvQ_000245_000255,singing
TP6rBHjzgnE_000238_000248,playing_bass_guitar
0aG29RnTmU4_000121_000131,playing_harmonica
NN5VicnGeeU_000002_000012,mowing_lawn
WGRaXb6z8OM_000087_000097,playing_bagpipes
O4yQI8y1f30_000032_000042,playing_xylophone
8n3l4WfJZds_000000_000010,mowing_lawn
6opvm-PCeIo_000056_000066,playing_clarinet
87fHXxxzdfE_000010_000020,playing_trumpet
7DZvMHOveo4_000035_000045,singing
c2FPB8hXFn0_000001_000011,playing_harmonica
e7yoT8pn96g_000002_000012,playing_piano
EDPJeGjKQQk_000023_000033,chopping_wood
bCtqpMXs5Qg_000000_000010,playing_organ
8VOYMj8YL3A_000068_000078,tap_dancing
Rm_FhoXKu4Y_000066_000076,playing_bass_guitar
dZ7G0xsWiIs_000076_000086,shoveling_snow
7JmR4EJbNIE_000143_000153,playing_saxophone
SGX5HHiyvxM_000004_000014,playing_keyboard
0fj7idXw3vU_000034_000044,blowing_out_candles
esZmxHQ1EYM_000021_000031,shoveling_snow
Qtl3zEL0XTQ_000459_000469,ripping_paper
5QtehX84_Fc_000025_000035,playing_organ
HuWs8Jo4c9U_000083_000093,playing_drums
AaqxQiIuYWo_000047_000057,playing_guitar
XOvzaqJMO0g_000171_000181,playing_organ
L7AhjUA1psU_000016_000026,tap_dancing
XW4ymd-1YAg_000055_000065,singing
fGZF8AIcDUk_000003_000013,bowling
C7aAv2-V0J8_000077_000087,playing_violin
dn3EepaZzQQ_000044_000054,laughing
M65Qz49cCnI_000020_000030,chopping_wood
hHqFlJs_8bs_000029_000039,tapping_guitar
QPYlB83Ao-8_000024_000034,playing_guitar
EfKq6G-3GpA_000086_000096,playing_saxophone
1ugT8qDI0pw_000023_000033,mowing_lawn
Exg9UpwL0Ac_000027_000037,blowing_out_candles
ak3-Mw7HVjY_000073_000083,mowing_lawn
CvMeQIiejPQ_000000_000010,playing_violin
U_M0nI7TyNs_000009_000019,playing_trumpet
aVAg5PDjvjA_000019_000029,playing_harmonica
80tftGkJCFE_000061_000071,bowling
Uxi51aoNywk_000189_000199,playing_xylophone
Gea1UhJmsk0_000100_000110,laughing
axKmx_9YsVs_000018_000028,playing_bagpipes
gdBoZOxaciE_000660_000670,singing
KU_bNVIqFB4_000048_000058,playing_organ
Kd4drwKdeg8_000209_000219,playing_bass_guitar
59dnoUSZ2Zw_000026_000036,playing_clarinet
UHkVK7Yy3ZE_000022_000032,playing_guitar
VOGF4tBFEuw_000018_000028,mowing_lawn
Jjpq1LthPc4_000125_000135,playing_trumpet
UeV3d0YXQVs_000130_000140,tap_dancing
EgORqgRM54k_000003_000013,chopping_wood
h5BJ4-2Gm7w_000150_000160,tap_dancing
0YaC-YW3JRs_000039_000049,singing
XIAii9BlKGo_000008_000018,playing_saxophone
0mAr-o3k1-0_000029_000039,playing_trumpet
EfJ_iELJUeU_000103_000113,laughing
WwsMlWThHSc_000141_000151,shoveling_snow
QPptmUuuLUs_000056_000066,ripping_paper
PbyjRV0IbOY_000021_000031,playing_trombone
UJxE9A7BBo8_000058_000068,playing_guitar
L_7GqNpo5m8_000039_000049,shoveling_snow
UNxfzJ0Zjmk_000194_000204,dribbling_basketball
GBOMbGHJEW0_000003_000013,mowing_lawn
FlSLi5YEExw_000044_000054,playing_harmonica
gyl1QiPBBG0_000022_000032,playing_accordion
EdOor17k0rk_000009_000019,playing_saxophone
1K1WmHkf-B8_000006_000016,playing_keyboard
D7Qagb-B41s_000228_000238,chopping_wood
UZmhUrNzHYQ_000126_000136,playing_bass_guitar
gQ00prGMXSc_000080_000090,tickling
ASucK5Flxsk_000012_000022,mowing_lawn
bjVfnULGpQs_000000_000010,laughing
LITcrnV_69Y_000523_000533,playing_clarinet
DyyZNKJtO3o_000004_000014,playing_xylophone
SgREBNVyFRY_000056_000066,playing_keyboard
ShrLKguYBB8_000001_000011,playing_harmonica
IommGY90gWk_000027_000037,playing_saxophone
5HoN05Fn0ec_000050_000060,playing_clarinet
VDKhZ8l1n8A_000040_000050,stomping_grapes
I0auCxH0E4Y_000003_000013,chopping_wood
SwDqFMU5By4_000018_000028,blowing_out_candles
5dfJMawcvLk_000036_000046,playing_accordion
Jv3W5LFAgJ4_000005_000015,shoveling_snow
TrrdTQq2IgQ_000003_000013,blowing_nose
d2ZNxSDpPSc_000015_000025,playing_accordion
BS-wnX35NfU_000192_000202,playing_guitar
_uQxCY1MrT0_000246_000256,playing_trombone
1d6SQQTn1m8_000005_000015,shuffling_cards
gKbhu9YnBCM_000101_000111,playing_guitar
VAxqWMdeoSA_000031_000041,playing_keyboard
G5EafR1m9nM_000005_000015,blowing_nose
3I457nwU3NA_000004_000014,playing_keyboard
fIS8pvFiC4A_000023_000033,stomping_grapes
5cimEShIOJ0_000056_000066,playing_trumpet
c3RBvshBxLk_000159_000169,playing_bass_guitar
eTfCZ7bkk_M_000109_000119,tapping_pen
dNcbv484XbQ_000039_000049,dribbling_basketball
K-A5wwkznAI_000004_000014,playing_xylophone
1D94cV0DuhU_000092_000102,playing_trombone
EIsqAFcYbxw_000004_000014,blowing_out_candles
45KqksRrujI_000002_000012,playing_organ
TDEveYGBN0w_000000_000010,playing_trumpet
E0sOC5beXlc_000001_000011,playing_clarinet
MteUAZa40H0_000154_000164,playing_organ
AfBQPnldmZs_000099_000109,shoveling_snow
CgyYR3Kj6mE_000002_000012,blowing_out_candles
OkQxaG04XCc_000007_000017,playing_harmonica
I7zzSlrLYqY_000044_000054,playing_trumpet
0KqTLFQ6FTs_000017_000027,blowing_nose
XucvCI1kG84_000035_000045,playing_bass_guitar
Yd8yHA_yCL8_000008_000018,blowing_out_candles
ONjvPmXadzw_000010_000020,playing_violin
8ao9LZLn0Hs_000006_000016,playing_violin
Vtop6noy9Cs_000114_000124,dribbling_basketball
B7_fCNCovdA_000008_000018,tap_dancing
CIO8xBFc4KM_000365_000375,playing_clarinet
KYTzS_bFm28_000018_000028,tapping_guitar
FwBqvlN9iPc_000017_000027,tapping_guitar
9i1cNq5UBAk_000022_000032,tapping_guitar
AJgw0DOgRMk_000001_000011,laughing
g_wbgj3QuaI_000131_000141,playing_violin
REee2CT-i7I_000004_000014,playing_xylophone
WBtOUOVjuvo_000360_000370,playing_trombone
Wug3eJIUMB4_000042_000052,playing_guitar
AnTw8dn5Gmg_000009_000019,playing_guitar
PgKkdvEpfG4_000000_000010,playing_trumpet
IcSsj1jkbC8_000345_000355,singing
-e7QRD-Rlmc_000079_000089,playing_guitar
UFr1S3IPED8_000152_000162,playing_bass_guitar
_Q382TqeuPk_000014_000024,playing_trumpet
Eyf3-MxEQ8Y_000020_000030,playing_bass_guitar
StwdOJJDW_I_000031_000041,laughing
Ky9d119ld-A_000000_000010,playing_bagpipes
Ls5DAWd_5o0_000067_000077,playing_keyboard
0lADrGraraw_000021_000031,playing_organ
GhBaeeMNu6s_000039_000049,playing_xylophone
dimApQttyGE_000147_000157,playing_bagpipes
UqQWGP7clvs_000288_000298,playing_clarinet
cA28UHPAk0c_000099_000109,playing_harmonica
3Px2D-8jqe0_000013_000023,blowing_out_candles
BkYfGztmdlM_000084_000094,chopping_wood
G7IDErqyU2U_000147_000157,mowing_lawn
Df2Y8FfL71Q_000011_000021,playing_saxophone
IbmmbSlSwN0_000053_000063,shuffling_cards
Mm3r1ArgNnQ_000013_000023,shoveling_snow
492uEAgjhys_000012_000022,playing_keyboard
fgL83KdXw_U_000050_000060,playing_violin
aTBRxhGDyfM_000000_000010,playing_bagpipes
MgvD5t7x0is_000020_000030,blowing_out_candles
RgTcdzT8kyg_000000_000010,playing_xylophone
OG_MbdOKSGQ_000011_000021,laughing
ZnEfDMM-QpE_000174_000184,singing
BkW5pIhbY88_000239_000249,playing_bass_guitar
5Bl9I0PCGiI_000004_000014,shoveling_snow
NI_GVQWjm0c_000007_000017,playing_bagpipes
76k1SfW5eJM_000091_000101,playing_clarinet
1R8xOy0vapc_000247_000257,playing_violin
4-125v_RGZ4_000002_000012,mowing_lawn
OsLSxe6RrPo_000111_000121,tap_dancing
bdM5LNHITtE_000000_000010,chopping_wood
-ZloKcjoAhQ_000000_000010,playing_drums
4qJKVDHKWBU_000304_000314,playing_trombone
QVZoG1iD_mE_000036_000046,blowing_out_candles
TK3KjW69JjQ_000008_000018,chopping_wood
413cTwnnSsQ_000056_000066,singing
QBhG_nNSHR0_000003_000013,playing_organ
J5EWxoReN1U_000124_000134,chopping_wood
2KPqWftsN1o_000017_000027,mowing_lawn
KcxgVLG1siw_000022_000032,mowing_lawn
3_eRjChppDE_000316_000326,playing_clarinet
9CMj2DkYGvo_000009_000019,dribbling_basketball
VV7rc7-x8bY_000111_000121,laughing
8wh6bRHnx84_000048_000058,shuffling_cards
ayVQ8T1cwt0_000028_000038,tickling
Yk-fRYQnw3M_000193_000203,playing_clarinet
Ab9CVrWfHt8_000022_000032,playing_trombone
-rAzbANQlrI_000019_000029,playing_accordion
VHL5F5ipXjM_000148_000158,tap_dancing
TpTfDp2-gsM_000154_000164,playing_clarinet
FByTPV-Vbho_000018_000028,tap_dancing
QJuukJMd01Q_000022_000032,chopping_wood
9LKN_Q6hl0w_000078_000088,playing_trombone
JsN1himXeYU_000022_000032,shoveling_snow
9rXlIkwgQzs_000668_000678,playing_organ
YwOw3MIgoGo_000022_000032,playing_harmonica
-JmAezdkneo_000200_000210,chopping_wood
VoSdehx3JhM_000045_000055,shoveling_snow
BLoAavfoxLo_000098_000108,playing_clarinet
-4XHW-rTETw_000029_000039,playing_accordion
2Wh--mIlyBM_000251_000261,playing_drums
g_LE68MOd5c_000001_000011,ripping_paper
7j9Z-ye9F6U_000272_000282,singing
AxAyRpEbQA0_000047_000057,tickling
4Wv96BDrL-Q_000010_000020,playing_trumpet
UB5BFSge8zE_000055_000065,playing_violin
JgfTtFkUAn0_000013_000023,tapping_pen
5X0zqy-VVH8_000001_000011,laughing
S-nhcURXqWM_000023_000033,playing_organ
AllZUHfb43Q_000008_000018,playing_violin
XAn8vkGvqdA_000002_000012,tickling
87TRiL1L1Ek_000134_000144,playing_violin
UtkSp8TPSdk_000039_000049,playing_bagpipes
bVptExOqxC0_000073_000083,playing_violin
KrsxBFchT3o_000016_000026,playing_accordion
br2i-yLnCJw_000000_000010,blowing_out_candles
LCkQZdtah0A_000009_000019,playing_keyboard
2g-v0ncpQ3o_000366_000376,playing_piano
OhUfKFsTOjU_000015_000025,playing_violin
9PzYAN43xTA_000058_000068,playing_drums
aMG43l2Z9CQ_000038_000048,playing_keyboard
71lm_uFmRnc_000109_000119,bowling
0tTue2_Q3w0_000071_000081,tapping_pen
d0wAZlSqrcA_000114_000124,tapping_pen
3BxOGKVZ7lQ_000055_000065,blowing_out_candles
K5Watj2izeE_000004_000014,blowing_out_candles
UVxWN9_wDAM_000120_000130,playing_guitar
C9SHuQ8iHrs_000021_000031,playing_bass_guitar
4_W2O42ICBI_000176_000186,singing
bgmJuTE2rPI_000019_000029,playing_piano
fKJRhj6zepI_000014_000024,playing_violin
5eI21YgizS0_000038_000048,playing_trombone
PULSmk5_iMs_000018_000028,ripping_paper
_y8Kh5wmiyI_000001_000011,playing_clarinet
KQKKjtxBRCQ_000005_000015,tap_dancing
QZ-4Nz3OAtQ_000068_000078,chopping_wood
3LKjIX40QBM_000340_000350,playing_clarinet
L5VVNy53XSw_000041_000051,shuffling_cards
Evwg5uAD7Y4_000120_000130,playing_drums
-2UnEKzUgSU_000005_000015,dribbling_basketball
Tmdx7bpeOoM_000022_000032,playing_trombone
N_n8RRo3RBk_000273_000283,playing_keyboard
ZxIHsGIOeN8_000070_000080,playing_violin
G1mkerTbRX8_000044_000054,bowling
Vb5kUfjk-WA_000406_000416,playing_clarinet
LBG8ctmYBJc_000013_000023,mowing_lawn
DXk2gH9ETNM_000028_000038,shoveling_snow
CtgzAf5rRdM_000000_000010,blowing_nose
8sohtQ28iD8_000044_000054,tickling
UAOPzgc1cF0_000021_000031,tapping_pen
4M0m5JqMdLU_000006_000016,bowling
BvP4FWmP-2s_000003_000013,mowing_lawn
Y380n2w6ltU_000056_000066,playing_piano
eJIcxTqd7Kw_000144_000154,mowing_lawn
9hMfRuh04h4_000035_000045,singing
Z2mluo71bXk_000015_000025,chopping_wood
OprO1XCnu_s_000042_000052,laughing
DJf6MCgBETQ_000041_000051,playing_organ
Szsbdimb5bM_000010_000020,playing_accordion
ZDuW1x3wR1Y_000007_000017,blowing_out_candles
DHVttgaQAeE_000053_000063,tapping_pen
6D5xuFjThwM_000003_000013,blowing_nose
DbOJND6Df5Q_000047_000057,tickling
KnPFya7bfS8_000094_000104,stomping_grapes
JBdAQY1ypqk_000102_000112,shoveling_snow
FCIvi8nvCD0_000017_000027,playing_saxophone
JyjIY6qhuCs_000025_000035,tickling
YX_kNXiKhO8_000050_000060,laughing
XDeQegbOFy0_000113_000123,playing_violin
DGSeJxF0d4U_000006_000016,shuffling_cards
B4oyaYLa6GE_000059_000069,stomping_grapes
ef-0ds-LzVI_000009_000019,bowling
_6vEp4SVjoA_000039_000049,bowling
FBJIIKSdNK0_000016_000026,tapping_guitar
25xTnwGw8IU_000116_000126,bowling
Rl2RtK_gSc4_000113_000123,playing_bagpipes
C1CzGHqgVDQ_000004_000014,playing_trombone
TOHILA4UQgA_000064_000074,tap_dancing
FHywlXL0QAA_000002_000012,chopping_wood
5FuYP_l6J-s_000004_000014,tap_dancing
5KC2OtaEIsM_000319_000329,tapping_guitar
SpdljopHR70_000051_000061,tickling
_Y_2adSOPPc_000005_000015,playing_keyboard
RyhvluI0190_000012_000022,playing_saxophone
e47adT63e1M_000067_000077,playing_xylophone
TpebcuJZUvk_000016_000026,chopping_wood
aLSYLO523HM_000198_000208,tapping_guitar
9r4TUrwPwLI_000152_000162,playing_drums
2jQY1mInd5U_000002_000012,dribbling_basketball
_ewUFPEonBA_000040_000050,playing_organ
HHOZNIH5EHg_000086_000096,playing_bass_guitar
S8LPwjcsfBk_000137_000147,playing_accordion
G9EJFeOWfC4_000003_000013,bowling
QU9WA0KgTOA_000000_000010,mowing_lawn
-lwiBgcMEpA_000017_000027,mowing_lawn
3hII9QR7sag_000051_000061,tap_dancing
_uuBn3aVSC0_000011_000021,playing_bagpipes
OEuD13IdAQU_000008_000018,ripping_paper
3OLKlVDKPAk_000001_000011,playing_keyboard
WDnIMypyAjs_000046_000056,playing_bagpipes
_bfeMyt0OFU_000000_000010,shoveling_snow
U2b94Wt72Qs_000028_000038,playing_accordion
QNH8RP7q3NM_000052_000062,playing_violin
ajBgZ72Xl-M_000092_000102,shuffling_cards
dE_aNJdD8OM_000001_000011,playing_accordion
LO2s_OUOcNs_000003_000013,playing_xylophone
6gLO_fR3Ty0_000000_000010,blowing_nose
3MiDxRt76_Q_000011_000021,playing_bass_guitar
QpLb5l08akI_000022_000032,playing_violin
Zuw-7Ko1WwU_000016_000026,playing_keyboard
_guzWnDUeS8_000001_000011,chopping_wood
WC0yEmsk5u0_000045_000055,playing_organ
5qpdaST-P0I_000005_000015,playing_saxophone
dfZhb1XKBYI_000061_000071,singing
FTIshljnb5c_000075_000085,playing_piano
C_dxWtj2oLE_000078_000088,playing_drums
Y4cqg7jdpws_000002_000012,dribbling_basketball
KtoC0kq_AHI_000040_000050,tapping_guitar
YJWwAMFaAmw_000001_000011,mowing_lawn
UGpC8H44LBc_000017_000027,mowing_lawn
81QcsHi1lWY_000005_000015,playing_saxophone
S_FfPBb8kak_000002_000012,playing_piano
GoWkh3Hl7Zo_000056_000066,bowling
0H58RG5IG7Y_000139_000149,bowling
ewn4qV57YIE_000010_000020,playing_saxophone
7WBsaDvVJv8_000037_000047,playing_violin
M65k9wbU41k_000016_000026,playing_xylophone
SZtiHK-JNFE_000004_000014,bowling
P_i3VWRnJMs_000024_000034,playing_bagpipes
EHnGxADPo_I_000029_000039,bowling
eLspGfjVIOg_000013_000023,mowing_lawn
Xv4oxWj5yLA_000130_000140,singing
OVTI0FrCPSE_000113_000123,singing
LMAZTZjy8V0_000071_000081,singing
CgHW02YF50s_000005_000015,playing_trombone
2EeLRi3a_A0_000171_000181,playing_bass_guitar
GO40QVET3hE_000016_000026,bowling
RzYJbjSlLb8_000223_000233,playing_xylophone
KvSZKGiCJ3M_000022_000032,tap_dancing
fA6R_bamiCU_000013_000023,playing_harmonica
VkaWVPjc6AQ_000271_000281,tap_dancing
bElc-ZNIq_c_000000_000010,playing_piano
diczjsXhlIo_000043_000053,playing_piano
408Se5Ihzao_000120_000130,playing_trumpet
XfkrPRKarJA_000120_000130,bowling
ZmM2GuNDDy4_000091_000101,playing_violin
UnOLj7MJkPA_000298_000308,playing_violin
DSL0NUgRGOc_000125_000135,shoveling_snow
7DxKf-so7ok_000166_000176,playing_trombone
IB3FLM5D7n8_000165_000175,shuffling_cards
3J3kw4VXXdg_000178_000188,playing_bass_guitar
X020xa4dJrQ_000001_000011,shoveling_snow
HMMouLjj--A_000001_000011,tapping_pen
cOC6ydnhdO8_000000_000010,playing_accordion
JrM1hU1rve8_000017_000027,playing_piano
Cuh9nz3LeGg_000080_000090,bowling
XKdJZ2ud1Xc_000002_000012,tickling
UyfaMADwqhE_000077_000087,chopping_wood
LIH2kzqpBn4_000627_000637,playing_clarinet
9CqxdswFl6M_000157_000167,playing_clarinet
9lf69tIqGPg_000019_000029,playing_trumpet
c0MC5hhhHfw_000001_000011,playing_xylophone
UOCXCyu5mis_000004_000014,bowling
Xmm5wEkviQ8_000018_000028,tap_dancing
VUTMPfx2W5s_000038_000048,blowing_out_candles
_tje4ijc99I_000024_000034,playing_violin
Pd7CFXaxggo_000415_000425,singing
_Cdpk3YTIYM_000228_000238,playing_violin
2eHRI4B3RMI_000018_000028,blowing_out_candles
QYVLdxQ1U_s_000019_000029,blowing_nose
XE59kMt-DyY_000147_000157,playing_drums
Vre7Xp1-UKY_000050_000060,playing_bagpipes
7yV05ZBhs4g_000003_000013,dribbling_basketball
WOTORG3XA4w_000142_000152,playing_organ
afPFHrEmiWY_000058_000068,shuffling_cards
7G2ykBXwAhQ_000003_000013,blowing_nose
LcS0P2AykXI_000022_000032,playing_clarinet
9yV4-VyALhY_000078_000088,playing_guitar
0H37S12sCXM_000480_000490,tap_dancing
0pMHQRbjb6w_000086_000096,playing_guitar
8Giz2ssIhZI_000034_000044,playing_harmonica
Iic3oduYCYM_000019_000029,dribbling_basketball
2Gh0-iVmVtE_000011_000021,blowing_nose
W3L8dp-FqN8_000145_000155,mowing_lawn
BdZteUacbL0_000007_000017,dribbling_basketball
XQcrK4xkYpY_000118_000128,playing_drums
drQ_VbmIg3Q_000060_000070,playing_organ
6cfUySWEUzs_000113_000123,tapping_guitar
79bPRTVZrls_000025_000035,playing_accordion
VnuVweZxWtk_000025_000035,playing_harmonica
A3UaIYNwQOE_000090_000100,playing_trombone
2jGF137EPlY_000140_000150,playing_violin
2khksHmc5sU_000000_000010,playing_bass_guitar
-mmu5VJRY1Y_000061_000071,laughing
fJX-qOUlpJ4_000017_000027,playing_bagpipes
6sEpKo9gdQg_000004_000014,playing_trombone
b8cOiWOBy2Y_000096_000106,tap_dancing
8uOef18ZEjw_000123_000133,singing
TjlJWFWjnWg_000018_000028,playing_organ
Wc3CYfcGbq4_000206_000216,singing
gLFpsg5t-n8_000077_000087,playing_piano
30ZALXSTId0_000025_000035,mowing_lawn
CT1ZUdWexsw_000011_000021,playing_organ
07cQOwiACeM_000054_000064,tickling
6nRRW-bUgvI_000064_000074,singing
DiKlw5xaJ8Q_000148_000158,playing_bagpipes
Yyavkgon2BU_000012_000022,blowing_out_candles
e39QMEuzb98_000004_000014,mowing_lawn
HCQRvVHpOeM_000007_000017,tickling
glEk7_-m804_000045_000055,playing_saxophone
WLiiTD22eQ4_000047_000057,playing_drums
LEvVoapGM5c_000145_000155,tap_dancing
DtTqPtEQi8A_000014_000024,playing_accordion
Klk_D6T0FSU_000025_000035,playing_organ
VCjMEp-gQHE_000030_000040,blowing_nose
c2aqIO4BiBE_000000_000010,playing_xylophone
N7uZBVuXbhQ_000046_000056,blowing_nose
SMc9M6H9JAg_000008_000018,playing_trumpet
Kt_wBJCRDDE_000004_000014,bowling
dMoAhmnP-lY_000121_000131,shuffling_cards
CBfyXvAeuRo_000258_000268,playing_drums
FAB1100X0x0_000029_000039,shoveling_snow
Tzuumqjmn8w_000002_000012,playing_harmonica
L1N-LFmvpog_000008_000018,bowling
bit8gAHBCjU_000006_000016,chopping_wood
C3OlMNLMDoM_000125_000135,tapping_pen
2nIZGJVT7z0_000009_000019,playing_trombone
QCBjwYU67wI_000001_000011,bowling
dawNX3Q9Wsk_000029_000039,playing_clarinet
F4eGlOt5CzA_000003_000013,playing_bagpipes
XVqXlN87v0w_000010_000020,blowing_out_candles
A4kkByUbJp8_000115_000125,singing
BsYn2ziFwHU_000045_000055,dribbling_basketball
FQW2asjCJ4A_000015_000025,playing_harmonica
H3MT5MWRQ6c_000004_000014,shuffling_cards
CKRzbl8qdfw_000015_000025,blowing_out_candles
DOujJ68rvHc_000377_000387,playing_bass_guitar
9bjqATIawI4_000002_000012,ripping_paper
CYifZppWtxY_000105_000115,shoveling_snow
8nVSYTmZPSc_000007_000017,playing_harmonica
LAHGYT7-HJc_000020_000030,playing_trombone
AcTM47noFpw_000612_000622,tap_dancing
Zi4ae2TFleI_000106_000116,playing_clarinet
V-ziLTP57yg_000012_000022,chopping_wood
LfzSch1T2TI_000039_000049,playing_bagpipes
PR-Ozd_o9Sk_000000_000010,tapping_pen
cdAvgFQPjTY_000001_000011,shuffling_cards
1WI3YPFuvwg_000059_000069,tapping_guitar
1DGgC1sclpY_000054_000064,playing_saxophone
Wa3pZ_8o5Jw_000052_000062,playing_trombone
LpbVqP8fuHo_000100_000110,mowing_lawn
gXq-wkA9g64_000057_000067,playing_saxophone
J-HUTXzWWcM_000003_000013,chopping_wood
PciBrcHcazI_000039_000049,dribbling_basketball
HBTf1sdee6I_000164_000174,stomping_grapes
MGWoDKKp-QU_000013_000023,playing_violin
X5Zvm2Ra4uY_000000_000010,chopping_wood
7iAntb1irN4_000042_000052,singing
_C7MR454WRA_000021_000031,tickling
JeNC7zri7ac_000009_000019,tickling
X3NqL7nKFZg_000017_000027,mowing_lawn
8yzkUwb7zek_000040_000050,playing_organ
bVRZ0iSVpYM_000137_000147,blowing_nose
dxvdGiU-zDM_000073_000083,tap_dancing
aGBlvGP0LJM_000073_000083,tapping_guitar
T8eu0mJFBoc_000021_000031,chopping_wood
MDmSFoaoDWk_000010_000020,chopping_wood
5AkI9kJ-CDM_000189_000199,playing_accordion
CiQF5LGHLjM_000173_000183,mowing_lawn
c94r5425bP0_000094_000104,tapping_guitar
e3aS1BUxra8_000085_000095,chopping_wood
GFs1zMmaaL0_000003_000013,playing_piano
UohAQo2_EnA_000008_000018,dribbling_basketball
V4AiOpo7uEs_000000_000010,blowing_out_candles
VX6dRM9b9ko_000044_000054,playing_clarinet
cOAX537KROE_000126_000136,chopping_wood
ZhgCshAhJ_E_000028_000038,shoveling_snow
Wm_ZiCtK6m0_000142_000152,bowling
2KIKwGatrww_000001_000011,bowling
dFgl0C797NA_000057_000067,mowing_lawn
HOagJkoIoQc_000016_000026,playing_harmonica
SFDw0N22aZ0_000016_000026,playing_drums
JSiAfeRL2mo_000011_000021,singing
Yo8xZH924Pc_000043_000053,playing_violin
ZCyhs8a6UzE_000163_000173,singing
0fCZ4MW3jYU_000212_000222,tap_dancing
1ydWDBJx9Zc_000002_000012,playing_piano
g0O1gLSr-wM_000037_000047,playing_bagpipes
TjOE2fBGbxk_000023_000033,playing_keyboard
Ht-qTetpUnI_000006_000016,playing_harmonica
5NuerTuYyRY_000094_000104,tapping_guitar
5tuazAyISD0_000024_000034,playing_clarinet
Q7dVpEbTcKM_000014_000024,playing_piano
cC1miLbBccE_000129_000139,dribbling_basketball
-eo0zp_hyyI_000158_000168,playing_accordion
OwsEwZqMlbI_000040_000050,tapping_pen
Lnwe8Pot5jw_000152_000162,bowling
CPx5gWhVBhg_000103_000113,singing
MHYOw38cgCw_000002_000012,mowing_lawn
dzaADiny754_000000_000010,playing_xylophone
WY90mMiXJAg_000003_000013,playing_bagpipes
YK7LguBCVwA_000125_000135,singing
4b-YtUvz97A_000006_000016,playing_trumpet
6e7vKWVSvYo_000034_000044,playing_trumpet
Ums9wcFyCGM_000012_000022,blowing_nose
CNNrAQe7SDY_000024_000034,bowling
2MFboC-hkKg_000021_000031,tapping_pen
G4viuEPm6Pg_000093_000103,tapping_pen
WV67q8FOeBk_000007_000017,bowling
bB0qg8mwl20_000011_000021,bowling
Jt-dHvS-v9g_000022_000032,playing_keyboard
1IAqWTOdBHw_000005_000015,playing_harmonica
gjMvKlh8rqk_000101_000111,dribbling_basketball
4ButO8MGPxk_000001_000011,bowling
TJsr9vWrxGg_000010_000020,playing_guitar
PJdbH39Y5EE_000041_000051,blowing_out_candles
AY0j146fcEk_000010_000020,playing_saxophone
D-N2S1iAkws_000129_000139,playing_trombone
IKfs3tJMaBg_000024_000034,playing_xylophone
UJz5LV08z5c_000000_000010,ripping_paper
9cvFENtOv1w_000043_000053,playing_bagpipes
2rsFTfnOBiA_000011_000021,bowling
C_Xy_pD_Or8_000130_000140,playing_bass_guitar
6WM7MIx_zb4_000003_000013,playing_accordion
bqlClD5pBuw_000189_000199,mowing_lawn
890x8Kn8Ad8_000148_000158,singing
7LtEScGpEw4_000004_000014,bowling
78WbpENsRrg_000133_000143,laughing
DHAh_c5J2cM_000050_000060,playing_saxophone
fuCZDUb7w78_000001_000011,playing_saxophone
ZupHUWIq2jU_000030_000040,playing_guitar
U-GYvmZ8gPE_000063_000073,shuffling_cards
CMbYEkTkDHU_000071_000081,dribbling_basketball
0afCBwMHdHI_000003_000013,playing_xylophone
IL7kNvnuqGY_000011_000021,mowing_lawn
2yQ7cnQhYMU_000171_000181,tapping_guitar
RKLX5Xfvte4_000042_000052,mowing_lawn
9MYIMsHZmvE_000001_000011,playing_bagpipes
GhcjDZ5k5Zc_000156_000166,ripping_paper
Y8lOseKZS_0_000015_000025,tickling
3Hk4_wD_c98_000104_000114,playing_violin
YToRbazwgpo_000004_000014,tapping_guitar
fphEA3n5Vd4_000008_000018,playing_saxophone
7zWHXnb18R4_000019_000029,dribbling_basketball
1JC3JMqRIlk_000230_000240,playing_trumpet
Pi8T-_7S6UU_000120_000130,tap_dancing
CHKjgn_XJiI_000147_000157,playing_harmonica
-KR_CwOss6E_000019_000029,playing_bagpipes
MboXzhaJVuA_000164_000174,playing_bagpipes
OGVKIwpnRVc_000038_000048,playing_bass_guitar
GyJr0ri36ew_000311_000321,playing_harmonica
b7KdtUhDwJg_000001_000011,tickling
PTqT2FICR48_000015_000025,chopping_wood
AwMnj2-a3xQ_000110_000120,playing_keyboard
9lX18LyTuAQ_000162_000172,playing_violin
LpH5s0qNYic_000017_000027,singing
ADfeqNl13PE_000006_000016,playing_keyboard
YaP4Z64LOes_000024_000034,blowing_out_candles
d_3vHySzi5g_000019_000029,chopping_wood
A3U8RfzQv3o_000063_000073,blowing_nose
KxYKw_G1G8c_000012_000022,mowing_lawn
bxTrcE9CaY0_000001_000011,playing_bass_guitar
5WcpKGJ8B7U_000048_000058,dribbling_basketball
TCqrWRdgWp0_000290_000300,dribbling_basketball
9udnzgmKTPQ_000085_000095,playing_bagpipes
e_VOW_2-xPk_000393_000403,bowling
683SScOWzCQ_000741_000751,playing_organ
NTK4dkk8vzA_000127_000137,mowing_lawn
gPlS-CwHRig_000307_000317,bowling
C1wWjbmbIho_000034_000044,shoveling_snow
L1m7CcTgVRw_000163_000173,dribbling_basketball
ErtbQI7biXo_000000_000010,playing_piano
BINi1Lnyxas_000009_000019,dribbling_basketball
_UB47gnOx2g_000013_000023,tickling
O1qCReroTKM_000013_000023,playing_harmonica
EfGVydKgv7c_000004_000014,mowing_lawn
ATdT7EnGpDc_000007_000017,bowling
YRVwlN5zLh8_000000_000010,tickling
2HfKQS1eTWQ_000002_000012,bowling
P73c6LJJQHo_000000_000010,singing
g25yfyMRAFY_000001_000011,ripping_paper
TyBIv0UzfsU_000055_000065,singing
LPV3n9LeQ80_000070_000080,shoveling_snow
PTCsNSM9K_s_000134_000144,singing
UphiS3x86dc_000158_000168,playing_saxophone
C3QncBth0W4_000002_000012,shoveling_snow
FIuB9RQ0TEo_000046_000056,playing_xylophone
bbH2_WNFa1g_000057_000067,playing_violin
36dmfsHzIfU_000193_000203,tapping_guitar
aRJXxA_1f6U_000010_000020,playing_violin
HOVyEWWU8xw_000003_000013,tap_dancing
2BEe48-6f9U_000014_000024,playing_keyboard
3LACPEaaois_000040_000050,playing_bass_guitar
1qW_AaFaUPA_000000_000010,dribbling_basketball
hHXac0BKhn4_000095_000105,playing_keyboard
0B9G6YsdAx8_000478_000488,tapping_pen
IKMo2hH-vfw_000267_000277,playing_drums
1lDyiwMnx3w_000009_000019,blowing_nose
cWL3__msVWA_000022_000032,shuffling_cards
KVvSAKaEWdw_000128_000138,blowing_out_candles
TulGx4jvlCk_000030_000040,playing_guitar
AS0lhcw6Ydg_000033_000043,playing_guitar
M9OXpD83C4s_000014_000024,tap_dancing
PmxT9HhO7x4_000000_000010,tap_dancing
ZV_yyiCFxrE_000000_000010,playing_trombone
T2w5mX_lLSQ_000058_000068,playing_violin
6AWh1i6cqJY_000023_000033,blowing_out_candles
g9o5RZvkIts_000000_000010,playing_keyboard
0KQ1DERpHok_000005_000015,playing_guitar
ZWaVYFfEuPk_000086_000096,playing_bagpipes
Yp5O-1kL3fM_000027_000037,playing_bass_guitar
PDrNGMY7I1U_000043_000053,tapping_pen
XlaFJFYNomc_000016_000026,playing_trombone
4thD82aq0-w_000052_000062,playing_trombone
DTGIwSO5_ac_000008_000018,blowing_out_candles
G7E74nqCC5I_000241_000251,playing_accordion
LROnhud8sJ8_000034_000044,playing_drums
EvDE5urCBP0_000097_000107,playing_guitar
hAjiGgYOaEY_000167_000177,playing_accordion
JwG0aafloHg_000026_000036,mowing_lawn
WEvjJKlx2dk_000060_000070,playing_bass_guitar
-tGmOoY7SJI_000003_000013,chopping_wood
TmjeG_FD3Uk_000021_000031,playing_trumpet
3X8IfGXhghs_000122_000132,playing_trombone
38Ml6v4vPzY_000009_000019,playing_clarinet
QL7LSRubsRo_000043_000053,tap_dancing
RFrIwOvJUTs_000368_000378,playing_clarinet
dePeKIlULTU_000000_000010,blowing_out_candles
-WyrUbKbzw8_000006_000016,bowling
0L32fqWezu4_000003_000013,singing
DLwjfIRYQdE_000020_000030,blowing_out_candles
UNJORqQw8SQ_000064_000074,playing_drums
cpQbMDXHVjc_000001_000011,blowing_out_candles
77asbmq5X-Q_000064_000074,playing_violin
LaKJCsi-7p0_000009_000019,playing_trumpet
9waHXlsKmL4_000000_000010,playing_trombone
1jGgtKsRsrA_000000_000010,playing_harmonica
Bi5iT5N9Q3w_000140_000150,playing_clarinet
GkfEdDoBULM_000001_000011,mowing_lawn
4FXUnOWi7wY_000048_000058,playing_xylophone
dv8nSNyga8o_000104_000114,playing_clarinet
2ROeV3xHXyc_000003_000013,shoveling_snow
BWVMsdNMkYw_000010_000020,playing_accordion
QzBN3EDG79A_000101_000111,playing_bagpipes
6_3ehfClIRM_000006_000016,blowing_out_candles
bP5RVMAE8R4_000002_000012,playing_organ
3Cz7pNwyFhg_000000_000010,playing_clarinet
OG338_vReH8_000000_000010,dribbling_basketball
UyRawn37LR4_000139_000149,playing_drums
9xnvkKDS-nA_000000_000010,blowing_nose
ZH1W476CGfQ_000001_000011,shuffling_cards
6raTcaDJFdE_000031_000041,stomping_grapes
2Ta1Iu-2jto_000013_000023,playing_harmonica
BA3MmsAU_5Q_000054_000064,laughing
RhclgNroIs0_000007_000017,dribbling_basketball
FUBRXK52gWI_000011_000021,blowing_out_candles
E5hPdYjMRRE_000524_000534,playing_bagpipes
4mgFWiCUOiI_000017_000027,playing_bass_guitar
C5rjqDTBUWI_000011_000021,chopping_wood
Y8xzW48bE2k_000000_000010,playing_keyboard
ASHKsfDRrnw_000052_000062,playing_bass_guitar
IJ2l0HVvssg_000006_000016,playing_harmonica
cGLtSU8G_W4_000103_000113,tickling
404MuG0klwU_000009_000019,playing_guitar
6kfUBliyp_c_000014_000024,playing_accordion
NABhzjmVBMo_000013_000023,playing_bass_guitar
-aKu5UqcR2s_000076_000086,playing_guitar
AQTDRjc05j4_000013_000023,playing_harmonica
AekoJRYucwQ_000017_000027,singing
IWr68OylMG0_000035_000045,playing_keyboard
OHge734ix5c_000538_000548,laughing
FwVEPQBol-Q_000007_000017,tap_dancing
BHljSZWrb4U_000000_000010,mowing_lawn
HnzVWbD06I8_000036_000046,playing_bagpipes
fkshh6LSP6U_000002_000012,playing_drums
crXDrtt0JVU_000004_000014,playing_bass_guitar
DGfWjNluHLw_000000_000010,playing_accordion
cxgGZPih9e4_000014_000024,playing_bass_guitar
LH2EV7gNDiM_000210_000220,playing_clarinet
T9kUO2dtuo4_000012_000022,playing_xylophone
-YCNtd_5VTg_000057_000067,shoveling_snow
SojQ9EAxUFs_000010_000020,tap_dancing
0g2Mc_WNXCM_000142_000152,dribbling_basketball
d57LLdYxcdU_000000_000010,dribbling_basketball
bRSK8BBqgZg_000002_000012,playing_keyboard
GjZ8wAqC0bI_000221_000231,playing_organ
gPsurnvxR_k_000001_000011,laughing
KfD_2KaVjbw_000056_000066,shuffling_cards
9XTL3EsGf_4_000006_000016,blowing_out_candles
bIGTrRJ6Chc_000023_000033,playing_clarinet
g4wJtNIqlrM_000096_000106,playing_clarinet
6omHwaauVkg_000001_000011,ripping_paper
DHs-_mcLf_k_000064_000074,playing_keyboard
EHFlde02W6A_000020_000030,mowing_lawn
ISAP4Q07bcA_000004_000014,playing_saxophone
UkFYJ9rR41A_000037_000047,playing_trumpet
9wQJMlMgGbU_000053_000063,playing_organ
dU1Qor_ulZ0_000005_000015,playing_drums
Z_BrQz_oN2g_000029_000039,playing_bass_guitar
IDVQumon_c4_000216_000226,playing_drums
Ms50aajdVxA_000058_000068,playing_saxophone
TRRMdPISHow_000013_000023,dribbling_basketball
akrHf5T4hAI_000080_000090,chopping_wood
PVXqzh60Dp8_000203_000213,singing
U0g1kn8QKA0_000089_000099,playing_violin
4IGHaaZTFuw_000064_000074,mowing_lawn
5QXAOePggnY_000009_000019,playing_saxophone
JHcpe6cEFfg_000210_000220,playing_accordion
AgKxqjEu-4Y_000171_000181,tap_dancing
-ZAln9tDicI_000026_000036,playing_harmonica
aFBCfn_3sUE_000437_000447,playing_saxophone
JJNpe1tbw-g_000040_000050,playing_piano
S_owyMwlBzw_000013_000023,playing_bagpipes
3-bdRq9nn54_000004_000014,playing_harmonica
3KEUoY7PE-g_000004_000014,blowing_nose
_cR6OPDU2Dw_000002_000012,blowing_out_candles
-bwuasQNmkw_000029_000039,tapping_guitar
gsSj1XXu3GY_000000_000010,dribbling_basketball
XiOg8vrSWNw_000001_000011,singing
bjXMWryuFkE_000024_000034,chopping_wood
Hs8F7vt6NAw_000017_000027,playing_guitar
72ABfiL63_g_000071_000081,playing_accordion
gyMIO0_VnSk_000010_000020,playing_harmonica
M72xJDS8ZrM_000333_000343,playing_bass_guitar
Cqu_99txtpY_000211_000221,playing_trumpet
FOGAeCWx9Tc_000120_000130,playing_bass_guitar
KfiB9KT6DWI_000315_000325,tapping_guitar
b9tRNSm43P4_000300_000310,playing_bass_guitar
a2Ikw67wg_k_000206_000216,playing_bagpipes
4Uz9waFYIPY_000050_000060,playing_organ
bD5AGuaCEyA_000056_000066,playing_trombone
cc-E-kmX94E_000166_000176,playing_guitar
U2JXSGmSrXQ_000043_000053,shoveling_snow
WLRQ_vfmFWM_000091_000101,playing_trumpet
3zRXa7TpXEM_000010_000020,playing_harmonica
-PdaQBx2x8U_000004_000014,tapping_guitar
QOf5fWbjdt4_000004_000014,playing_keyboard
2KWj83g0Fmk_000031_000041,tapping_pen
Q3Gnjtd-tVc_000018_000028,shoveling_snow
cW6iAE4z2T4_000085_000095,tap_dancing
Eq536ZkQjuY_000063_000073,shuffling_cards
cJ_FQijbdHA_000052_000062,playing_drums
JLB6AiX5BqE_000100_000110,tapping_pen
bRDTnHBoTLY_000090_000100,singing
LNsYnSbRs5s_000002_000012,playing_accordion
exP25AsEIgY_000192_000202,shoveling_snow
9ebs50FEsIU_000015_000025,tap_dancing
Axjlhk0jo8U_000057_000067,tap_dancing
Weep4L1QY7k_000002_000012,playing_keyboard
akxSrawaB_Y_000112_000122,playing_guitar
gn_Zy5Ljfxc_000126_000136,playing_accordion
WajFRr0k0aY_000013_000023,blowing_out_candles
9PYkOWOIXMI_000001_000011,playing_piano
NTW9Ent5Ygg_000007_000017,blowing_nose
PEy1iaZHeik_000017_000027,playing_trumpet
HbmaF58Xjbw_000031_000041,dribbling_basketball
GLwNMOLKNVs_000032_000042,playing_bagpipes
d7Ya8c2eMQk_000329_000339,playing_guitar
5vGF0hWvk68_000061_000071,playing_trombone
ETUW9P6Hpa4_000042_000052,mowing_lawn
LBlXTHy8ogg_000004_000014,ripping_paper
HFNS4eykC_Y_000091_000101,playing_guitar
e1TJ3OO5-7Y_000012_000022,playing_trombone
3tHopnreKcA_000028_000038,playing_guitar
TLB_cLzcN1w_000048_000058,playing_guitar
dE9kS3HKfXE_000008_000018,playing_violin
Ah9YOlBqDCA_000193_000203,playing_bagpipes
d70fiI2Mn_A_000030_000040,playing_trumpet
I-la9-81yyE_000056_000066,tap_dancing
gN73UnAAnuY_000018_000028,tap_dancing
6xOY0bEHaZQ_000094_000104,playing_violin
J_ufzcqVhls_000032_000042,bowling
1FoATPJd2wY_000033_000043,chopping_wood
Wr13UakU4c8_000158_000168,playing_bass_guitar
I4xBqcrWihI_000016_000026,tapping_pen
QdQMIydjXmY_000000_000010,singing
3cRnt6JtVks_000061_000071,playing_bagpipes
Xv4JYCs40wA_000001_000011,singing
HYDke9IPiXA_000010_000020,blowing_out_candles
ZqRnEorWA8E_000011_000021,playing_xylophone
C0TkLGJOyzw_000061_000071,bowling
1CxmII5jzBg_000003_000013,playing_piano
E2Mw9PQ0rmM_000027_000037,bowling
5mma_uZoZa4_000003_000013,tapping_guitar
UYqlvrYUUFc_000018_000028,playing_bass_guitar
Rj2GjwbP7pE_000044_000054,blowing_nose
DcHVh8F0658_000001_000011,dribbling_basketball
B4lFpJv64cA_000092_000102,playing_saxophone
d4qbOG7_s1o_000031_000041,stomping_grapes
URnqIN72azc_000275_000285,playing_violin
HReaM5YkZI4_000004_000014,shoveling_snow
dLU3LTGI5dc_000042_000052,playing_drums
PkQX48OZzOs_000040_000050,playing_trombone
W4AI2oRMj-A_000002_000012,chopping_wood
M3nrPCdl8pE_000060_000070,playing_violin
czJ7iasgOFE_000004_000014,playing_trombone
IBl1CQGfS8Q_000063_000073,tapping_pen
0L84E07zeYw_000025_000035,playing_saxophone
DcNd9dZeU8I_000015_000025,playing_clarinet
UbrRGUT-N9M_000000_000010,ripping_paper
I4AQABdHSRw_000071_000081,playing_trumpet
LE-PaCEidAQ_000081_000091,shuffling_cards
5bD3jb9G7D4_000178_000188,playing_trombone
bVCdwc2rcME_000095_000105,playing_keyboard
Va2emfJW6j4_000035_000045,playing_trombone
eesC1By3B2w_000003_000013,playing_violin
71P_sFE0iCU_000030_000040,playing_trombone
Q139tFoef7U_000169_000179,playing_organ
195DGPBpQjY_000021_000031,playing_xylophone
hGGh5NPu640_000000_000010,playing_harmonica
BA0zA7LcV2k_000017_000027,shoveling_snow
QdPzV67xZn4_000001_000011,singing
GA4siBoRub4_000011_000021,ripping_paper
Wi-1ubjZWpM_000008_000018,chopping_wood
C_2EFIuyDSA_000029_000039,playing_drums
Yhg7dZYYDaw_000099_000109,playing_clarinet
32aftB7-Qew_000083_000093,playing_guitar
4tqSz8blRCE_000029_000039,playing_saxophone
O6UlgYD1SPw_000000_000010,blowing_nose
84tncV-7WK8_000064_000074,playing_organ
USloe0I7J6c_000014_000024,playing_saxophone
To4nwEWoVTs_000331_000341,playing_accordion
M4DEECILcPM_000007_000017,playing_drums
A82gcFvSC1w_000010_000020,shuffling_cards
AMUn6gvN1-I_000020_000030,playing_trombone
UrFjzJEJt9Y_000115_000125,tapping_guitar
EhhMcgjLHGk_000139_000149,tap_dancing
8mO6hYkMiHo_000003_000013,playing_trumpet
A49feRSQIDk_000049_000059,blowing_out_candles
FyPdbyAEATk_000073_000083,tapping_pen
R0AQdAE6RCA_000001_000011,playing_trumpet
EMbG-f5oc3U_000082_000092,laughing
ZZdCl0fFcj0_000118_000128,chopping_wood
6CSoqjaln-0_000050_000060,playing_violin
VGug0i9a4wE_000015_000025,playing_drums
9DV36J3wFeE_000061_000071,playing_xylophone
I6toP4YXo6M_000008_000018,blowing_out_candles
gxty09clgaU_000034_000044,playing_accordion
4FzFTjo0c_U_000031_000041,shuffling_cards
aXiLSdnwGAo_000001_000011,playing_bagpipes
faC4Hy24Wk4_000030_000040,playing_clarinet
1cNsVITl1ko_000040_000050,chopping_wood
8Y5ENSeY1og_000067_000077,playing_trumpet
aLkY_T_CMiw_000000_000010,playing_guitar
ESTI62FtqzY_000066_000076,shoveling_snow
7Gbbv6LzLDQ_000131_000141,playing_drums
AJfRItp0IvI_000014_000024,singing
BgTxHemHF_c_000027_000037,playing_trumpet
6z-AWb38vUw_000152_000162,tickling
ZV3xy_NFwKc_000034_000044,shoveling_snow
MKsITurmmhc_000042_000052,blowing_nose
6fxGZWCSHCU_000000_000010,playing_xylophone
9aK0NNtkStQ_000045_000055,tapping_guitar
NCZGOlU5oa0_000235_000245,playing_clarinet
Hj0YzdfrbxM_000015_000025,tapping_guitar
UOCNXUIoXTA_000004_000014,bowling
-_srAE4uEpo_000003_000013,bowling
XOnQFAaFwLQ_000050_000060,ripping_paper
Mw2E3PxZWoA_000048_000058,mowing_lawn
5LSsO_CrtCY_000003_000013,shoveling_snow
e7_YaiRdzdQ_000073_000083,tapping_pen
5nTgIfc5H5w_000002_000012,playing_violin
bpqz6T830uk_000086_000096,playing_clarinet
MR6i55FyC5w_000015_000025,bowling
93noA2rrE0s_000004_000014,dribbling_basketball
SvKTjxCMnLw_000121_000131,playing_saxophone
SDZelhG4URE_000042_000052,playing_violin
IteL3vq1EV4_000084_000094,blowing_out_candles
0YVLlmqEcZM_000002_000012,blowing_out_candles
ffiYEKg6seg_000051_000061,playing_bass_guitar
FRhlvSR1vd8_000013_000023,playing_trumpet
0NDB2lMFGv4_000001_000011,bowling
h-zm76Ev05Q_000001_000011,playing_accordion
2RSwMoVKHD0_000024_000034,shuffling_cards
Z5b1vwBX7MM_000036_000046,playing_guitar
No5lRfU3cvs_000023_000033,playing_harmonica
aU1IErhvg0w_000086_000096,playing_guitar
EvoQcSANZZA_000088_000098,playing_violin
ZPKxv58fTvk_000005_000015,blowing_out_candles
7lqT_JqEwk4_000039_000049,shoveling_snow
a0MYugvnfgE_000049_000059,playing_guitar
KZtjSAMgHyI_000292_000302,playing_trombone
6E-NXIKVP1s_000151_000161,tapping_pen
FqVDiFt5m0s_000051_000061,playing_piano
L88RoSUuKzs_000000_000010,playing_xylophone
J73gGKhQRXQ_000014_000024,bowling
b2krTmlKkCY_000024_000034,playing_clarinet
1BKgTxnQmpY_000175_000185,playing_drums
-nwWj-o-7Bc_000218_000228,chopping_wood
_aPq9FDikm0_000029_000039,dribbling_basketball
QfSSthoNpBU_000024_000034,laughing
1rBgVPgpCjk_000154_000164,stomping_grapes
Y0AcqxCxyxQ_000732_000742,playing_clarinet
_p7xxSSHJqM_000008_000018,playing_saxophone
LUxItuwcpF4_000004_000014,dribbling_basketball
HPJJKB4omt0_000181_000191,tickling
UhhdJtbJap4_000004_000014,playing_saxophone
dbhiuVJ_Rtk_000039_000049,playing_trumpet
WqHGzJp_9Vw_000537_000547,tapping_guitar
1_KOZCO3HLU_000005_000015,laughing
b1OMB8PjuCM_000447_000457,playing_violin
5XsEyJCBpYo_000090_000100,playing_accordion
HfajpMUjY-s_000010_000020,blowing_out_candles
9xARgqldRo4_000038_000048,singing
FGNS_diQQik_000157_000167,tapping_pen
DgHk6il4554_000031_000041,laughing
CY8k-RvEdY8_000056_000066,shoveling_snow
MKQGsTBhR_I_000004_000014,mowing_lawn
Dzgv_S-xBpQ_000011_000021,dribbling_basketball
MqJcicbd3Ek_000008_000018,playing_bass_guitar
E2QoEp7dZ00_000394_000404,playing_drums
DWB_nP-JK-g_000019_000029,blowing_nose
bWcTxzeNq_E_000002_000012,playing_violin
C7P1TnPHN2w_000004_000014,shoveling_snow
3MoAu9KRKkg_000033_000043,playing_bagpipes
GO4bcm3ghJk_000029_000039,singing
6eUHAcDjR6w_000002_000012,playing_saxophone
4MJLG6LYS7E_000149_000159,singing
1ZZIL2uhw_E_000000_000010,mowing_lawn
VihiNVOAx9g_000007_000017,bowling
O3Tw-XrlepU_000025_000035,blowing_out_candles
IZNHn-FdX3c_000078_000088,singing
21rWPVX4Y0g_000018_000028,playing_harmonica
ZOylsFR8M-I_000109_000119,playing_drums
JBh97vIJ6fk_000000_000010,blowing_nose
VOXfQPHMhco_000180_000190,tickling
DSIYcEbfssk_000095_000105,blowing_out_candles
8UA_JgCabto_000005_000015,playing_trumpet
OxqKCmXXz2E_000014_000024,chopping_wood
InFMWXfkHe0_000039_000049,playing_clarinet
YmuZ_erfpj0_000006_000016,playing_bagpipes
gHm4AZ4hgh8_000008_000018,blowing_nose
TXOR-KJxJCI_000022_000032,playing_trumpet
cnr6aIe0hr4_000014_000024,playing_trombone
3FbwtwD7Ab0_000004_000014,playing_xylophone
V73_jE6e02o_000127_000137,tapping_guitar
BD2zIq3TNJM_000187_000197,tapping_guitar
N6s-Xv8VUM4_000076_000086,laughing
3l7Mk8EjaQg_000000_000010,shuffling_cards
52SjXUiGWCE_000108_000118,playing_bass_guitar
G-xDZOSM4uY_000060_000070,laughing
XvaSJMo0Bvk_000000_000010,playing_keyboard
3v1boy5QOOQ_000226_000236,playing_guitar
YfeOIBS_ksQ_000001_000011,chopping_wood
AUKJKF0mq7M_000000_000010,bowling
FEML9P8R_88_000301_000311,playing_drums
hBFWjf2MT-4_000014_000024,ripping_paper
2yoTAuZ4U3g_000015_000025,ripping_paper
Bh35Q9vNsSA_000011_000021,playing_bagpipes
Mb1GNNltYZ0_000171_000181,singing
YLydasfrNys_000000_000010,playing_xylophone
APzFLBthRX4_000023_000033,tapping_guitar
dQ6lyEBpqi4_000019_000029,mowing_lawn
ZdavX-pyHlY_000007_000017,playing_harmonica
644VIWIqC2I_000286_000296,mowing_lawn
PDuBUTvXAFc_000012_000022,bowling
63hxphmeWnQ_000028_000038,playing_trombone
aaNdZ_h3o_4_000042_000052,singing
gAtEgdmZUM0_000004_000014,playing_trumpet
dhCJhCFNbzw_000186_000196,playing_harmonica
KyvQ3vsmPFY_000000_000010,mowing_lawn
Jgv31qH29gI_000022_000032,bowling
2PAXVHlly4A_000000_000010,playing_xylophone
0FKPqZVJfIY_000045_000055,chopping_wood
WqyAwS2YQY4_000019_000029,playing_bagpipes
IBkX3aI8R8o_000108_000118,tapping_pen
c-5LBH0cszk_000371_000381,playing_keyboard
OxolLd_aRDc_000037_000047,shuffling_cards
GQARsTSU0RE_000059_000069,playing_trombone
Kmd1Ioln1qo_000072_000082,playing_drums
7RxCG24yQPw_000012_000022,playing_accordion
1Qn4dky_Nm8_000038_000048,playing_violin
IPG_0lwZi3U_000026_000036,blowing_nose
R7j1D_tDjlg_000124_000134,playing_trumpet
MYSVaABfWHs_000073_000083,playing_clarinet
XU2JCCo2GeU_000017_000027,blowing_out_candles
C0VrLueyVt8_000247_000257,playing_trombone
VEvZUYw5ELg_000005_000015,ripping_paper
5z5pZXwnirA_000002_000012,mowing_lawn
HnPyYUBFtso_000043_000053,shuffling_cards
Dv2Hm5tQfBA_000026_000036,playing_violin
KjM66TvZhqw_000003_000013,chopping_wood
UqKkoXuZGIc_000018_000028,playing_trombone
Vh-XSIyJ5dA_000133_000143,playing_trombone
8p1jrESz6X0_000013_000023,blowing_out_candles
9O6BnQ674zo_000185_000195,tap_dancing
74f_CLIOiTI_000078_000088,blowing_out_candles
OWyif3CnfMI_000011_000021,blowing_out_candles
Erb1OpWDEZ8_000002_000012,bowling
eIgCved4DT4_000067_000077,singing
5j7ixcjI3hE_000001_000011,playing_xylophone
dQ6VlkEiUL8_000338_000348,playing_saxophone
MsBqlgdzeag_000042_000052,chopping_wood
LiAoCq70tRI_000018_000028,singing
emhWfPseIdw_000183_000193,shuffling_cards
asVhqSSnlNY_000112_000122,playing_harmonica
BDk9MPt_gCc_000261_000271,tapping_guitar
WNe_X9-79xM_000055_000065,playing_bass_guitar
7qQBmXTYIDQ_000002_000012,bowling
FsT4WbGz6p0_000022_000032,blowing_out_candles
0cWAKtDou4I_000008_000018,playing_trombone
gJ4MJqV-_q4_000006_000016,chopping_wood
1bI8pGLBagY_000227_000237,singing
1-YjiQfOrRA_000032_000042,playing_trumpet
5pN2w3LcPuo_000129_000139,playing_piano
eSAR06joWHo_000019_000029,playing_trumpet
eKEneV60efs_000032_000042,laughing
98JQBPw9gTc_000008_000018,shoveling_snow
RalhgtqKizA_000000_000010,playing_piano
SWKz0N0TrGQ_000303_000313,playing_bass_guitar
7_sy-gWowsw_000001_000011,singing
d3zeRUOM7XU_000004_000014,tapping_guitar
eZyZ_tFfZb8_000004_000014,blowing_out_candles
Pn-lwqq8E80_000206_000216,playing_piano
1K2RKfnb1bo_000001_000011,laughing
AvXpCnacurE_000044_000054,playing_clarinet
IElNQlONsmU_000002_000012,blowing_nose
XaTPUIthbcI_000079_000089,playing_drums
bLwdmdKZxJ0_000000_000010,playing_violin
_HYt1yT4og0_000038_000048,tickling
fHpKd8HkuGo_000195_000205,playing_organ
aVvnASk_QGY_000017_000027,laughing
THE281vqqgU_000052_000062,tapping_pen
KXBBydt0UK0_000015_000025,shoveling_snow
6o3jqr7TXy4_000000_000010,playing_saxophone
R46Bt3ZFnrw_000002_000012,chopping_wood
gyJSXGH1chs_000019_000029,playing_violin
fyY_Kgyo38s_000034_000044,playing_keyboard
Pk2PKuDPECY_000350_000360,ripping_paper
aglprO-gNJA_000082_000092,playing_piano
V3fOuVa-kws_000004_000014,playing_keyboard
6ax7EAGFVAg_000012_000022,tap_dancing
SIRonvTIh0I_000011_000021,playing_accordion
eqB1ORy_AAA_000013_000023,blowing_out_candles
OhEJj7J7EJk_000152_000162,playing_piano
a9bz1_Ziumo_000000_000010,chopping_wood
faMeOe7d0yo_000029_000039,singing
KlYDCQhvxjU_000011_000021,tapping_guitar
FevCQTxejXk_000037_000047,mowing_lawn
6kVf0R37UAA_000055_000065,tap_dancing
68PMZ2L3ngo_000021_000031,playing_keyboard
SaX43U4Sar4_000026_000036,laughing
4LmIezZi620_000072_000082,mowing_lawn
dHq91Vs4YEo_000016_000026,shuffling_cards
2BuzCWHJhzA_000133_000143,tap_dancing
Bkx_dqQmnxQ_000277_000287,playing_trombone
NWswZV6PoTM_000008_000018,playing_bagpipes
AOPvFpwN1CY_000104_000114,playing_violin
CXfbSGVdV1s_000059_000069,shuffling_cards
-Py356M6sPI_000081_000091,tap_dancing
29DwvvAznF4_000016_000026,playing_violin
KUZMwcgIsVk_000001_000011,playing_saxophone
bOwaxYT1yqg_000005_000015,ripping_paper
Xdk4Apn3RA4_000376_000386,playing_bass_guitar
1QAqd2Mfac4_000175_000185,playing_saxophone
L2bEAUQW2oI_000003_000013,playing_trumpet
Rw2HJhujuc8_000024_000034,playing_harmonica
KPpatweDS_w_000273_000283,playing_clarinet
Qf4NrRuFz68_000095_000105,playing_drums
f_AlIBF-lXM_000038_000048,shoveling_snow
9YbHTdWsfh4_000754_000764,playing_bass_guitar
0P3oM5quVRc_000033_000043,playing_piano
H38epvn-EmY_000036_000046,playing_clarinet
fwg39a-VOsU_000444_000454,tapping_guitar
evGy7Hj6Orw_000038_000048,tapping_pen
GJJUUAxgIYo_000007_000017,playing_drums
1PlBXRERIA8_000010_000020,playing_bagpipes
5-3erMcDn0s_000000_000010,playing_bagpipes
W-twXZisrFc_000080_000090,playing_organ
JWhH-x14tTQ_000051_000061,mowing_lawn
Ud5Eu9wtyJY_000002_000012,bowling
Ua9FP8qlRtc_000070_000080,laughing
giFYdlUwDFw_000006_000016,playing_accordion
-a6rPASijwQ_000011_000021,dribbling_basketball
YkjEPyVhxaA_000146_000156,mowing_lawn
K5uHDgOPN_M_000203_000213,playing_trumpet
8ytCGXelwN0_000009_000019,playing_guitar
9My39FDO_nU_000016_000026,dribbling_basketball
3j2tPMAEa0E_000090_000100,blowing_out_candles
8mIEf4jdjzs_000016_000026,playing_xylophone
YZKEqQbiVGA_000031_000041,playing_trumpet
_HwcUSjd_Aw_000063_000073,tapping_pen
doCuFxDbehA_000000_000010,mowing_lawn
TCETNKz0OfE_000166_000176,playing_clarinet
eA_O_D-74aM_000020_000030,playing_trombone
cjqhk8Y4qMQ_000068_000078,playing_organ
YzsVDHIElQI_000036_000046,bowling
Qr4Bk3zznf4_000455_000465,playing_clarinet
2WdD6rN3JNo_000019_000029,playing_accordion
aNcYkzusEsE_000001_000011,playing_trombone
AjkyRpTSDvk_000378_000388,playing_clarinet
YsAFehLiPRU_000002_000012,playing_violin
VHIqGT3rzwQ_000058_000068,chopping_wood
EE1c0AB-jtg_000003_000013,shoveling_snow
MAPSBiKmJVE_000017_000027,playing_harmonica
FXl3oxYliT8_000101_000111,playing_guitar
CF1WHD49E-I_000275_000285,chopping_wood
5c2hrNUlPEY_000004_000014,ripping_paper
JbgR_bQl1Jc_000120_000130,playing_organ
_HidewqeH0A_000038_000048,playing_keyboard
a213C6RqOoQ_000135_000145,playing_guitar
DoZxnbnyX1s_000034_000044,laughing
7LtTG-PUtyg_000188_000198,playing_guitar
eX-imiSE2Ok_000026_000036,playing_bass_guitar
Gybah3rIZwE_000088_000098,tapping_guitar
GPVUnscl6V0_000072_000082,playing_accordion
9YKfbRAdfq8_000087_000097,shoveling_snow
a2gt6vtJ14E_000024_000034,playing_clarinet
2_iyMxjOqVo_000126_000136,playing_organ
FKumlhWLFP4_000376_000386,singing
AZxXUVzpu6U_000011_000021,playing_harmonica
F5Zj47S6HI0_000003_000013,playing_bagpipes
YfsHlHfN_PI_000028_000038,playing_saxophone
FLzwHkyKhBg_000046_000056,playing_bass_guitar
Nii2yTQV4e8_000056_000066,tapping_guitar
0TBAM9jwSrY_000018_000028,dribbling_basketball
d-By3q5Z3SY_000036_000046,tickling
LwYhW53RyhA_000808_000818,playing_violin
ddfPfLi6Uek_000178_000188,playing_organ
KdSZdQ5MDe0_000019_000029,tapping_pen
EQcZeDie9tQ_000057_000067,playing_accordion
A1O-bTUwOTo_000043_000053,singing
8NAJGtltNLY_000307_000317,playing_clarinet
0maltnAX7Xo_000004_000014,chopping_wood
C4h1w_xAcgA_000182_000192,singing
gblqKEdOnXo_000025_000035,playing_guitar
3AcbIdNNWh4_000004_000014,mowing_lawn
eioO7MvNJ_A_000016_000026,playing_trombone
LmTMTC62-Xc_000000_000010,playing_piano
KQZH40X7MiI_000264_000274,mowing_lawn
WmtqCzZ6RLw_000001_000011,playing_trombone
BEGm1BfX8fk_000094_000104,playing_trumpet
H5ktfVSvkNE_000086_000096,playing_trombone
IaojuVPAvMc_000113_000123,playing_violin
6MAM1CCIvCc_000169_000179,playing_trumpet
-vhh8d9Ckhk_000001_000011,playing_guitar
Y3L6J7LOKDI_000075_000085,singing
M3-qeWSqxoQ_000000_000010,blowing_out_candles
PIwZMPHC21I_000030_000040,playing_trombone
Q-fYwG9FmAk_000254_000264,singing
eQb2hnjqF6U_000002_000012,mowing_lawn
g1YkYh43V_Y_000128_000138,singing
4WI9EBkIfWk_000001_000011,dribbling_basketball
6xF_9jzrOhE_000072_000082,playing_drums
ansOJK1U5Ks_000000_000010,playing_violin
QbGTI8pV8Rg_000095_000105,playing_clarinet
721UTvoEHNw_000056_000066,playing_trombone
dC6PKqShSoU_000050_000060,tapping_guitar
9MCwI9Y7rlQ_000008_000018,playing_saxophone
-H1ScxTwBlw_000123_000133,laughing
9E45y-664XM_000215_000225,playing_drums
I16owkW47qM_000030_000040,playing_trumpet
YsgTvLxIIqU_000070_000080,shoveling_snow
bJwiIEBTj1k_000030_000040,tapping_guitar
N2wsB-4Qiwg_000002_000012,bowling
bHwZpLYkzQo_000179_000189,tapping_guitar
d-tiG024BFo_000128_000138,playing_xylophone
7Fp3plXPeIA_000097_000107,playing_trumpet
NLRCTD0G06M_000170_000180,playing_violin
DFcNEothcOA_000003_000013,playing_xylophone
RLnpMEj1qhE_000400_000410,playing_clarinet
TF4Ey_Lz8jQ_000015_000025,stomping_grapes
0WeqMP6xabk_000072_000082,singing
fKLlNGZGD5I_000002_000012,blowing_out_candles
KIotm9nhCiE_000014_000024,shoveling_snow
EWZK5qMRGDo_000054_000064,playing_violin
KNJrDdcSM9M_000003_000013,shoveling_snow
PbAsq461LdA_000062_000072,playing_saxophone
7DJgT9R1WWw_000036_000046,playing_drums
T7c9NMfGacU_000054_000064,playing_bagpipes
U5UFwZj1jsg_000009_000019,playing_trumpet
NTQwnoo4g8I_000088_000098,playing_accordion
b40pwmdUcMM_000017_000027,singing
cFInNtjMgFg_000079_000089,blowing_out_candles
SHgrGWhjiPM_000035_000045,tapping_pen
P_uY8LCh6cI_000036_000046,playing_piano
arWpi-VYJro_000017_000027,tapping_guitar
Z3exDapkmF8_000005_000015,playing_violin
G_N4Jpd_z4g_000055_000065,bowling
22lPt2ARlYY_000038_000048,playing_piano
8ueAnH8XpZo_000000_000010,playing_clarinet
M60hxDcJO10_000139_000149,playing_drums
KqUDCVTVMGg_000044_000054,playing_xylophone
Md6FTyvj8Mk_000039_000049,playing_saxophone
E6n88K37tJk_000079_000089,chopping_wood
5lv1keJQkMs_000010_000020,playing_violin
9k8uynhAaAs_000023_000033,blowing_nose
ZM2h4pbrAWA_000083_000093,singing
grMo27xIRx8_000119_000129,playing_saxophone
GWSJR2pL46M_000064_000074,playing_drums
3XMUs4dD4fM_000016_000026,shuffling_cards
1skygQeX6Js_000057_000067,blowing_out_candles
Z1N185E4gsk_000038_000048,shoveling_snow
b7S_tUszzRU_000047_000057,ripping_paper
OGm-hY42q6E_000024_000034,mowing_lawn
5EkFsNiGHyM_000055_000065,playing_organ
LcXS_JbATZA_000327_000337,playing_saxophone
dd-SSHzYH4E_000056_000066,mowing_lawn
_GfIDoSPA8s_000047_000057,playing_bass_guitar
7LlJyABzzCY_000008_000018,shoveling_snow
2GVsNSlrwlU_000010_000020,playing_violin
YGATkaRM298_000024_000034,playing_bagpipes
5Hb65eUnvYo_000170_000180,playing_guitar
KfkSOJr_aE4_000002_000012,playing_xylophone
MwjgBiY23Hs_000048_000058,tap_dancing
5gbc1W_5bSQ_000140_000150,playing_bass_guitar
OBy1TwjgP8o_000004_000014,playing_trombone
Zw1EjxUxB_A_000050_000060,playing_keyboard
Fv0MeIzhe5A_000021_000031,playing_bagpipes
CQT7uY5_pcw_000037_000047,singing
2F1w0UmIxsw_000020_000030,laughing
Uh2UKNJ_jpY_000023_000033,playing_guitar
TXI4D7-HNIA_000247_000257,playing_bass_guitar
VrerqeaVxQo_000007_000017,playing_trombone
5F4g8gIJRj0_000089_000099,playing_trumpet
2gsYyurCQao_000030_000040,ripping_paper
9RpsT49Hc7c_000025_000035,ripping_paper
1RNOlgZ8kNU_000063_000073,playing_trombone
FjxzXjzu_8g_000013_000023,tap_dancing
eZ95xMoApPM_000028_000038,laughing
M-VGWTRCskE_000025_000035,playing_piano
9iB2GeXKrxs_000002_000012,playing_harmonica
hGlkiE-eT3Y_000143_000153,playing_violin
dKBuODZk8ys_000004_000014,shuffling_cards
EPPXvrbi9LY_000079_000089,shuffling_cards
VB0lbqY2ZJY_000116_000126,stomping_grapes
1Hb-3gipffU_000019_000029,laughing
0YStJrAP5Vo_000280_000290,playing_clarinet
-ZobEDvRtD8_000000_000010,tapping_guitar
B_7Zl-WK0CU_000000_000010,playing_trumpet
HtoGzmT5-us_000002_000012,playing_trumpet
FSX-Aswcmvs_000019_000029,blowing_out_candles
3YiyHIdjc84_000096_000106,playing_bass_guitar
TY_VMZLb4jM_000008_000018,playing_xylophone
OBouCCP5fWo_000060_000070,playing_violin
dSYL0EM5V4Q_000001_000011,ripping_paper
b3WqWVxTvuI_000600_000610,playing_trombone
JJOZWdnVgog_000003_000013,bowling
Shlk8WWgmu4_000193_000203,playing_accordion
R_1g4RWpJ64_000027_000037,tap_dancing
39RrkFfAafM_000000_000010,playing_clarinet
Gu0W2YWXq68_000187_000197,playing_trumpet
MSq3Gq-Babk_000069_000079,playing_bass_guitar
Oovidx07t0s_000003_000013,chopping_wood
dSHLN16pkpE_000036_000046,tapping_pen
Hl8hB92iFUI_000165_000175,playing_harmonica
DRCUfedhKgM_000037_000047,shoveling_snow
BZaXNl4S7ew_000186_000196,playing_bass_guitar
Wop077_1MOU_000006_000016,playing_harmonica
7GvjPROKfeA_000018_000028,blowing_out_candles
5Woi8JVKOL8_000041_000051,singing
-mWYY0OLJvM_000061_000071,playing_harmonica
JUVmGeoQNSg_000022_000032,playing_keyboard
ULnxXyf5wJ4_000020_000030,playing_trombone
Qj_7ahJcJG8_000000_000010,playing_bagpipes
cHWyF5si_NE_000001_000011,playing_xylophone
QhUhbNvOfmY_000406_000416,playing_violin
UxTTFj2WB3o_000000_000010,bowling
NGIlqci2IDk_000013_000023,tap_dancing
X4KtvY2g25Q_000002_000012,playing_piano
_cOIM49dB3w_000105_000115,tap_dancing
Oss2mSbzuPE_000057_000067,playing_harmonica
6j5vYMtOqck_000087_000097,playing_guitar
Nyty8slG03g_000065_000075,tickling
9qQhVZCd-Sg_000051_000061,tap_dancing
WjZEI1W-O_A_000026_000036,playing_clarinet
FApLMriYagw_000082_000092,playing_xylophone
YS81kz1GxnY_000107_000117,shuffling_cards
O2LzL_vPmyg_000167_000177,tapping_guitar
9mi_gKXynY8_000036_000046,singing
LmwPZqZEajQ_000076_000086,singing
Q7fGC0p7N94_000011_000021,playing_saxophone
U4B_P_xeBbU_000292_000302,playing_violin
5M3SdKBLta8_000000_000010,playing_xylophone
cUHqXM87wmY_000006_000016,playing_piano
MeYQkI1WwLM_000002_000012,blowing_out_candles
8dxmZfKXwkU_000000_000010,shoveling_snow
PVxlGN_2ktU_000044_000054,tapping_pen
TUORrME5_E4_000000_000010,mowing_lawn
0fAb5R7HPmg_000003_000013,playing_violin
duu4uM1sDhI_000009_000019,playing_violin
KWrv_mdzQjs_000055_000065,playing_keyboard
AM1DHUX0o-k_000290_000300,playing_violin
EiwBMm_IrsQ_000166_000176,playing_guitar
LpV7LZ8Plyo_000012_000022,tapping_pen
fHotkD2DXwQ_000022_000032,blowing_out_candles
WeqasVBcy0c_000000_000010,playing_keyboard
B9305yIPVGE_000047_000057,dribbling_basketball
LdsBmX6-kFk_000096_000106,singing
QU6r3iv3bXg_000623_000633,playing_violin
_YhnXDDbeRU_000027_000037,tap_dancing
DpV2Xl4e4YQ_000132_000142,tap_dancing
g7GsSjCR-iQ_000051_000061,stomping_grapes
WxK5TRyQTG0_000001_000011,blowing_nose
SB3TaVGWs80_000032_000042,blowing_out_candles
SvTg3yjaOQc_000006_000016,tickling
amIuGC9PU20_000003_000013,playing_violin
D5213U_kmzw_000241_000251,playing_violin
I6hPE3o2YrA_000022_000032,mowing_lawn
Zcs7uY5Yaoc_000016_000026,playing_keyboard
VkBz7K1bFGY_000028_000038,playing_trumpet
fXIVGW_UXf0_000051_000061,tapping_pen
5f2dvvopIDw_000138_000148,playing_bass_guitar
gQ0lq6sEzSg_000010_000020,bowling
Xc6vYV2Ws7c_000061_000071,playing_harmonica
RPe_AyrByeg_000057_000067,playing_accordion
Orce5-MGrx4_000001_000011,playing_xylophone
_h6myk46N_Y_000255_000265,playing_violin
UdbKwNh_5lw_000066_000076,playing_bass_guitar
AKLTg8CdagM_000149_000159,laughing
hFh-uOulZjE_000023_000033,blowing_out_candles
C1Hu3SxiAPA_000016_000026,tap_dancing
743i4--cfhc_000063_000073,playing_violin
FaH6zrotLZc_000170_000180,playing_bass_guitar
15aYpxuAtoc_000003_000013,playing_trumpet
SEdBaD0JC7o_000002_000012,playing_saxophone
IhY3Xp1Y66g_000047_000057,playing_bagpipes
U3JpvNoEoJM_000027_000037,tap_dancing
ba8qnEPJ7lU_000054_000064,playing_keyboard
J_g3M_hVMYE_000040_000050,tapping_pen
b9g5dxwV_uo_000101_000111,playing_violin
0pG3n-gbK-8_000035_000045,playing_harmonica
gr8Q-wRTo9k_000004_000014,playing_accordion
7vz7XwUCNc0_000019_000029,blowing_out_candles
EAX0Qhu0kG4_000021_000031,laughing
1_qdZv5eekw_000000_000010,playing_keyboard
h4H8rB-yteU_000166_000176,laughing
K_Fi-Lsm-7A_000029_000039,playing_accordion
EygIfACQYUc_000004_000014,mowing_lawn
H8Z0TI8Xhmc_000078_000088,playing_drums
Jhrq7pA5lRE_000041_000051,playing_guitar
Pa84MtR42rk_000004_000014,playing_drums
RDy-HpCkENY_000004_000014,mowing_lawn
Ui0iUHNc3JM_000029_000039,playing_keyboard
66ahBijMfvg_000032_000042,playing_bagpipes
6jMwvxOJiuM_000072_000082,tickling
chNlXhEoWyM_000004_000014,shuffling_cards
OwfIliDZNFY_000223_000233,playing_clarinet
141WGu3DwVI_000050_000060,playing_bass_guitar
FCnsw7SMrPo_000077_000087,playing_drums
MTjpqehEBRU_000000_000010,dribbling_basketball
4IMPnvXV1s0_000004_000014,playing_xylophone
eD2rnNwBST0_000020_000030,chopping_wood
8cQVNt3Q-F4_000024_000034,playing_harmonica
70oQukS5Frc_000007_000017,tapping_guitar
EjiEiEggMi4_000335_000345,playing_clarinet
3KxInc3bCu4_000013_000023,dribbling_basketball
80tV9lwpYBY_000096_000106,bowling
FzKv9rEHC6I_000001_000011,playing_trumpet
diYCT_Fgf-w_000348_000358,playing_organ
BotoEq5Plkc_000312_000322,playing_bass_guitar
Ux_nEFAoq4g_000003_000013,shoveling_snow
4OvBhGNE6Y8_000000_000010,bowling
XzN-vxJNmWw_000111_000121,playing_bagpipes
bflAv-6JqKw_000007_000017,blowing_out_candles
1i56cpFy188_000034_000044,playing_accordion
ca994tDEBm0_000015_000025,playing_harmonica
Kbk-QPkevs0_000427_000437,playing_trombone
Dk4gvXrSWEU_000070_000080,laughing
gMmoIVr0kHo_000033_000043,playing_trombone
9GO3ghfhojc_000187_000197,playing_drums
LyRm4FV9RE8_000149_000159,tapping_guitar
Z5QU6sKALtc_000122_000132,tap_dancing
MxmfMybCK8w_000033_000043,playing_trombone
RZ1X-Ne4OjA_000018_000028,playing_keyboard
E5rQJftHuA8_000092_000102,playing_bass_guitar
YOIK9Th2bCQ_000259_000269,playing_bass_guitar
-_fyC_TDjK0_000048_000058,playing_bagpipes
ehjY3q_2M_Y_000009_000019,playing_harmonica
PmGWbN9PkEc_000010_000020,playing_piano
Y2uZqhEXI8g_000030_000040,singing
OM1JO6Cot90_000128_000138,tap_dancing
NbHD2AZh81E_000156_000166,playing_clarinet
Fksp9gkqMZU_000472_000482,laughing
Az-ktbH5-3s_000285_000295,playing_accordion
MROzqbbt08s_001443_001453,playing_accordion
_z1xoT2l2dQ_000017_000027,chopping_wood
QtglOQkXaTw_000142_000152,playing_clarinet
-ZElkWIcWXM_000030_000040,blowing_out_candles
3P6H8bvt9SE_000007_000017,tap_dancing
7x9IG38comw_000032_000042,singing
MEgXcctGvOk_000016_000026,singing
Iwsx7HcMPXc_000047_000057,stomping_grapes
bzPLTlx-SMg_000016_000026,chopping_wood
HSdYNEonyd0_000000_000010,playing_trombone
dVdzpdBji_c_000003_000013,playing_piano
EBMVgxoF-DE_000111_000121,playing_guitar
7KS86AAuCfw_000001_000011,ripping_paper
Im9FrevM7T0_000003_000013,playing_violin
Y7cgwmqAUlE_000025_000035,playing_trumpet
5_PNyBp1UiM_000007_000017,playing_violin
5TOBeKZZYh8_000015_000025,playing_trumpet
Sr28Y4NpaYY_000017_000027,laughing
cgjLsDJgzGA_000002_000012,chopping_wood
VfSQ0MkU_zE_000001_000011,playing_harmonica
9pnINqfPxM8_000000_000010,tap_dancing
HhhckVVM_10_000234_000244,playing_keyboard
ahtRVpGD874_000017_000027,playing_clarinet
QiJUZcs5PV0_000002_000012,chopping_wood
ZyxZecksOdM_000015_000025,shoveling_snow
eOxkJ_B8e5A_000016_000026,mowing_lawn
gqvFOFzHKKc_000505_000515,playing_clarinet
LUvok_MNL3M_000002_000012,playing_bass_guitar
-lgTBrMOyrs_000000_000010,playing_xylophone
SNbyjutksRI_000014_000024,playing_piano
8GupMZ4VyHs_000214_000224,playing_bass_guitar
ImBpV0NIBe0_000052_000062,laughing
2POjEVzuRSE_000002_000012,bowling
0H7GPGkV9Mg_000006_000016,bowling
H3JOrMWBXb8_000787_000797,bowling
T7gJtNEfyGA_000076_000086,blowing_out_candles
MNbVTcrLye0_000088_000098,shoveling_snow
PYYN_yia6Dc_000022_000032,stomping_grapes
dJu-UqCL4pU_000027_000037,chopping_wood
Ig_sIu2e4qc_000208_000218,singing
GAOdlkzRlTI_000701_000711,playing_accordion
d49hN3gH280_000007_000017,dribbling_basketball
8z0NSn2Vd3g_000005_000015,playing_clarinet
JnvhUalkxmA_000000_000010,playing_organ
BlkZLHNDFqE_000181_000191,singing
63jp58mSrKc_000020_000030,blowing_out_candles
9HZ3f7of2Ys_000076_000086,playing_drums
0YZHuRx0AUs_000020_000030,singing
MnaAjHncrEI_000002_000012,bowling
33EwlolKi1s_000033_000043,playing_violin
W5-4Sk1qJtc_000079_000089,shoveling_snow
bmWvBhkhoPg_000587_000597,playing_guitar
eq2XqmviZD4_000085_000095,playing_trumpet
TutRKRglVEM_000044_000054,playing_accordion
Cs7czh2UcHo_000047_000057,playing_trombone
dQHkayqbdr4_000206_000216,bowling
TUlpPhhUbX8_000000_000010,playing_drums
FnZfN_V84vU_000051_000061,chopping_wood
Htu6ELe_O5s_000025_000035,playing_trombone
OqxD8W5qjCY_000042_000052,bowling
Zr1B2JOLsFE_000006_000016,playing_drums
1wQX9m-gEi4_000093_000103,laughing
LwT2Tsb-bfg_000049_000059,tapping_guitar
efV4SIfpwTM_000004_000014,playing_harmonica
RaJEy82-1V0_000087_000097,playing_clarinet
_cpY3aoSOWc_000067_000077,playing_trumpet
AGzDx33Cj_w_000145_000155,tap_dancing
UrQ1xiVArrM_000051_000061,tap_dancing
XTl9pjgHyIc_000000_000010,playing_trumpet
76HCYzAhR5U_000017_000027,tap_dancing
JRbkZL7T2QU_000009_000019,dribbling_basketball
WlIT8Vk8u9g_000138_000148,playing_clarinet
3ZUF9TYlExc_000101_000111,playing_violin
a3v0vkScBjw_000004_000014,playing_accordion
0-v_fA3WPXI_000055_000065,tap_dancing
K5wBiv_9MEU_000120_000130,playing_guitar
Y2lXsxmBx7E_000091_000101,shuffling_cards
Y9RV4ZqeAXg_000023_000033,blowing_out_candles
MVEdSq-NnEw_000000_000010,stomping_grapes
AhK5JSgZsf8_000009_000019,playing_drums
M91U1AxZyvM_000021_000031,playing_drums
XH8bgi6vE4E_000023_000033,playing_clarinet
AFuaoYuuhnQ_000030_000040,dribbling_basketball
blfWCzxO-wQ_000021_000031,playing_guitar
RooJ26WinAA_000017_000027,playing_trombone
bJ76Tvh_XTE_000077_000087,playing_guitar
OsLJhQgq-bc_000043_000053,playing_saxophone
J7f26d-AIrM_000317_000327,playing_guitar
b8M4lP4YsGE_000003_000013,mowing_lawn
ffyPN2-EDg4_000077_000087,shoveling_snow
TYxO_gYKids_000000_000010,tap_dancing
VMiyBaamnTs_000130_000140,mowing_lawn
PMFvwNHzX3Y_000004_000014,playing_keyboard
FrFL9Ii91C0_001127_001137,playing_clarinet
6rd-4CArmX8_000003_000013,tickling
NW-3mpyUWnY_000013_000023,singing
Q_7fv3BYP-U_000000_000010,shoveling_snow
BiEQ4zjYDYU_000009_000019,mowing_lawn
Kf-sdMllGps_000004_000014,playing_clarinet
RvPrnlvoMBU_000084_000094,tap_dancing
fOaPWezaJug_000000_000010,playing_drums
1cWEXRBBgyQ_000005_000015,playing_harmonica
LMOtQeY1o1Y_000033_000043,playing_piano
YqRWzjGtZkU_000001_000011,dribbling_basketball
K8E4n0eiTmo_000000_000010,blowing_out_candles
awS8Q37uOw0_000046_000056,shoveling_snow
7gIhSgMr4m0_000194_000204,singing
GEiTdrt_boA_000101_000111,playing_bagpipes
LJUA_SrTzuA_000060_000070,tap_dancing
9670PPkMUQA_000009_000019,shoveling_snow
OYBaVxi1eRQ_000007_000017,shoveling_snow
RZBti9Y7NH8_000107_000117,playing_guitar
MbKpQQf917s_000004_000014,blowing_nose
aMsb8A4gd5o_000126_000136,chopping_wood
0q4wArdzNZ8_000000_000010,chopping_wood
P8YuIT1P6qY_000003_000013,ripping_paper
bBpr5d9utKM_000004_000014,playing_trombone
bmo7PfusXQM_000244_000254,singing
S6cAnI8YVdk_000002_000012,playing_xylophone
XCD3xnc2VgU_000001_000011,playing_xylophone
S87ihRP5J4s_000010_000020,tapping_pen
gBiOc48LEVY_000000_000010,bowling
BeIfUzQFPtM_000097_000107,playing_saxophone
aStH4Z6V4mw_000089_000099,playing_bass_guitar
2GKDG_rrRbc_000120_000130,singing
TEPor_nI-1E_000022_000032,playing_bagpipes
NVRsxRMAs3E_000106_000116,playing_saxophone
UOBgoCuOigs_000022_000032,bowling
6UR8dbr9pT4_000100_000110,playing_violin
CA1tHqHwl-o_000014_000024,blowing_out_candles
BYKGW8InFzo_000145_000155,playing_trombone
9dpDFE3UL_E_000001_000011,playing_accordion
I5vXkumtz58_000004_000014,playing_xylophone
abQWdN5NYWk_000008_000018,tickling
NHWIivWn5aQ_000227_000237,playing_trombone
8Tyk99s4g1I_000002_000012,playing_accordion
9XwPltcW544_000002_000012,ripping_paper
FRzdXTyY8GE_000159_000169,playing_trumpet
g87FgSOzbvo_000023_000033,playing_trumpet
JaEPdbWgkXM_000005_000015,playing_piano
JdYxFn4ZQbw_000001_000011,playing_bass_guitar
WMEJUYt31uQ_000286_000296,playing_guitar
UT1gwz5vYXc_000076_000086,laughing
cJWsuWMWcU4_000195_000205,playing_piano
59WJ7T7Lma4_000004_000014,blowing_out_candles
LfjcGm7tf8o_000001_000011,mowing_lawn
L_FjD-eA43Q_000046_000056,playing_violin
YolX6qLtdAA_000044_000054,mowing_lawn
WGKP4swC0Ns_000019_000029,chopping_wood
ch-8uFphP9E_000025_000035,playing_accordion
4F1sWKVIlXQ_000170_000180,playing_bass_guitar
QuNNHuTre1c_000053_000063,playing_violin
UXFWyu9KGnY_000066_000076,shoveling_snow
3NW-WDLkLfQ_000236_000246,tickling
Vs_JxNfdEnY_000000_000010,blowing_nose
V8f_GuUzg60_003264_003274,playing_trumpet
XrJNCIdnpJU_000018_000028,tap_dancing
K8DtJ9tUKnQ_000021_000031,tapping_guitar
RRD4xvQmsGo_000242_000252,singing
2lHnfxF0ni8_000006_000016,chopping_wood
2DJV3BM1Zrw_000122_000132,playing_bagpipes
1JhKyd9mYLg_000001_000011,playing_keyboard
SadgZo0C1Zo_000128_000138,playing_accordion
Fm39t2ICv-Y_000042_000052,blowing_out_candles
QjjlotSTdKs_000001_000011,bowling
UmTQYquqxSY_000096_000106,tapping_guitar
9QybrKpZSW0_000095_000105,chopping_wood
bCypxZTibyc_000070_000080,playing_guitar
_vlpyZZGqvE_000712_000722,playing_organ
BhZ38HfXW3E_000131_000141,playing_trumpet
G6reUM4xN2k_000000_000010,bowling
Whdo3sb4MHw_000009_000019,playing_piano
arTf6jvyUhA_000008_000018,playing_trombone
8lodYFpkXO4_000003_000013,blowing_out_candles
GEc2wQLYQVk_000002_000012,bowling
BL9o2nhK1As_000002_000012,bowling
OBjNwH0Xi5g_000006_000016,playing_harmonica
3ujUOVqDDGs_000072_000082,singing
_0olcFeEZLM_000556_000566,playing_keyboard
6ofhmxNpCAM_000003_000013,singing
9jCtLrQAZIE_000003_000013,ripping_paper
OTR9sKHgaSE_000201_000211,playing_guitar
KtFkWSRd3GY_000001_000011,playing_violin
ZnLt-mSYrio_000000_000010,tickling
MJxrlrRZhlU_000002_000012,bowling
RsIl1BD9Fiw_000046_000056,playing_guitar
TMqRrpn0t0Y_000059_000069,tickling
bXMKiiOOpmA_000116_000126,playing_xylophone
6dgi5B-MI7E_000040_000050,playing_violin
g4a3ROBP410_000001_000011,playing_trumpet
277WwFwLLYw_000062_000072,playing_violin
Bk9_anY4dAE_000022_000032,mowing_lawn
7iMJZ-Jh3LY_000004_000014,playing_xylophone
1DUjfw2-hzE_000007_000017,playing_accordion
080tR8-5R7k_000005_000015,playing_accordion
bNCG7Swud4c_000056_000066,tapping_pen
cjtaMeWP4xY_000284_000294,playing_trumpet
GrnoLIAfeVU_000027_000037,blowing_out_candles
8__c-RbFX-w_000026_000036,tickling
ZxDVdaMOhEM_000447_000457,singing
Xv3iXwQl0nY_000056_000066,shoveling_snow
R_9ZFIBH06E_000183_000193,shuffling_cards
1xuiAfyCg2w_000066_000076,playing_organ
B6jST6Hgen0_000001_000011,blowing_nose
VR9bSO28Xaw_000024_000034,bowling
7MOML9d5plA_000161_000171,shoveling_snow
bFTaRoeUX9A_000204_000214,playing_trombone
9jPiVUPubvk_000063_000073,playing_organ
bAfkRHn9veQ_000014_000024,chopping_wood
CCuZ2i5kEVA_000032_000042,playing_drums
4cyVX5aqEUw_000009_000019,blowing_nose
Zas5ygcXZTE_000092_000102,singing
QAjHmeYpTDo_000010_000020,playing_clarinet
Qs1FKdo40wI_000004_000014,playing_guitar
Tvzd_WIvBU4_000056_000066,chopping_wood
TGbv9j1OGeI_000046_000056,playing_organ
aSMnt6q3vQU_000022_000032,blowing_nose
AUEANDfIA_c_000071_000081,bowling
3p3ZtSNwg-I_000034_000044,dribbling_basketball
P8SKhACFtFs_000142_000152,playing_clarinet
GgxCsSD4pDE_000000_000010,playing_violin
8jAiyQ6u3wI_000009_000019,ripping_paper
cPqWHUkKRwk_000022_000032,playing_keyboard
GwUSfzy46nE_000004_000014,chopping_wood
W5CuOxoGNLk_000011_000021,mowing_lawn
Q_7W6JeY4ZQ_000006_000016,playing_xylophone
1gX31edvYiE_000269_000279,playing_trombone
b3307yqMApw_000011_000021,blowing_out_candles
ToFHuex8Fx8_000004_000014,chopping_wood
3RuuusR1tAY_000227_000237,shuffling_cards
gWpXKSR3TtU_000025_000035,shoveling_snow
4-9mOAMyBaU_000014_000024,shoveling_snow
H6qeMOW8UKc_000017_000027,shuffling_cards
4iWyn_3ZCYk_000004_000014,playing_keyboard
cBg2Uq7cwWI_000093_000103,playing_violin
-PpuDhbMdoY_000047_000057,playing_bagpipes
axzTBqsVbdY_000052_000062,tap_dancing
1glx1-_eia4_000006_000016,blowing_out_candles
0qN7oskhwlI_000008_000018,playing_xylophone
LarZ6JJrFPo_000011_000021,playing_bass_guitar
d__qQ3Hbsr0_000009_000019,playing_xylophone
5OESNVXnop8_000040_000050,blowing_out_candles
cFVaRRGwdUQ_000107_000117,dribbling_basketball
e48ecBs2YMo_000026_000036,laughing
chomPSLOzAM_000000_000010,chopping_wood
_6Qfa_c0x2Q_000001_000011,playing_saxophone
JVjoQyvsAr8_000105_000115,tap_dancing
JIRLH9FUiCc_000016_000026,blowing_out_candles
6RUltjQsgng_000070_000080,tapping_pen
b4BbK0ZzOLY_000310_000320,playing_guitar
IxJJtbhRxwQ_000106_000116,playing_trombone
-oSKT0KuI3I_000065_000075,laughing
exkdhAvUpr4_000002_000012,playing_bass_guitar
aDaMoKpC5zs_000061_000071,laughing
KWeqo1Ju_LI_000002_000012,playing_clarinet
JF1I2SOOVQ0_000195_000205,playing_trumpet
TLczl51--Vs_000003_000013,dribbling_basketball
T6IP_1-NevA_000010_000020,blowing_nose
EPZMYfurqmQ_000031_000041,tapping_pen
2JF7aPjk_NQ_000004_000014,mowing_lawn
Sxlw0kItHJY_000084_000094,playing_violin
ZCLAuWdR1LI_000012_000022,playing_violin
OXIZE8jwVRo_000041_000051,playing_violin
aj9Q3XA5s6s_000248_000258,playing_bass_guitar
_N88gyTt56Y_000012_000022,stomping_grapes
ZplH_6FeMhM_000052_000062,playing_guitar
5iVF14dCglI_000014_000024,playing_harmonica
2D3E1vBGW4I_000068_000078,playing_trumpet
S7sz9v7Sfts_000012_000022,playing_accordion
XkGDLA3V3iA_000024_000034,playing_trombone
ECpQQcGKk_8_000049_000059,playing_saxophone
CC3KkZdQ2Uc_000001_000011,playing_piano
Y0-NXgpnYg0_000069_000079,singing
-tzRVLORGvY_000015_000025,laughing
1ug3UIC9tVw_000221_000231,shuffling_cards
RS71mYsPolI_000021_000031,playing_xylophone
0CbHZuA8Tgc_000245_000255,laughing
KLBreObw2Dw_000023_000033,playing_trumpet
BY1BWKQGKfo_000007_000017,laughing
Xhb8L1Z3fKM_000048_000058,playing_harmonica
17OqptEZ-w8_000001_000011,ripping_paper
203pBT1WRJk_000013_000023,playing_saxophone
GXcRI0BdioE_000149_000159,playing_guitar
A6HyWMpAXoM_000160_000170,tapping_pen
SSE4tUaXLxE_000035_000045,playing_drums
2StDM0ovnmY_000288_000298,playing_clarinet
SMts9mw3JMg_000130_000140,playing_trombone
2KfsTCE-vzw_000074_000084,tapping_pen
RufQ90QNmYI_000002_000012,playing_saxophone
XNdwYMcNiiw_000011_000021,blowing_out_candles
UoXJXPRxcEw_000003_000013,blowing_out_candles
TFv3sLAYL64_000015_000025,playing_clarinet
HkTX9MXDJYo_000028_000038,playing_drums
2QIaJxfph1s_000079_000089,singing
Pk2gcVBH_ps_000027_000037,playing_trumpet
e8JNwIkKPvY_000016_000026,playing_keyboard
-nRibTFRHJo_000149_000159,playing_bass_guitar
78xtepbvFMU_000000_000010,playing_trumpet
eUkZuuaoiyQ_000001_000011,playing_accordion
3SFxW8rFGZ0_000024_000034,blowing_out_candles
85yC2njq0-U_000025_000035,playing_drums
aOOFB06MSKY_000035_000045,mowing_lawn
L4Xy9AaSiIg_000004_000014,bowling
AXwTT16XD5I_000031_000041,playing_bagpipes
doo3dz3qCfs_000316_000326,playing_guitar
8bHeX32fdjk_000020_000030,laughing
cU8NQ90MBdI_000006_000016,singing
7Jjw_8vmYfQ_000002_000012,playing_accordion
_PySA_hO2ko_000188_000198,playing_xylophone
BRGPaHEkq8s_000184_000194,playing_trombone
-W06q2S-RG0_000251_000261,bowling
ThanInD0LBs_000849_000859,playing_guitar
27zx3ASBBNo_000082_000092,playing_bass_guitar
15IN2PHDvkQ_000076_000086,playing_bagpipes
AyJHMmQNrjY_000037_000047,blowing_out_candles
9yTV1kDJG1w_000187_000197,tickling
24RvljIiP_A_000062_000072,playing_trumpet
bwuA892wwqk_000033_000043,dribbling_basketball
eOJwMNmFBEs_000050_000060,stomping_grapes
NWIp4hyqjxM_000059_000069,playing_harmonica
CgVqX0a49HM_000082_000092,playing_guitar
ZqlVYkrq0Ds_000000_000010,singing
_yNpFYNqmOw_000063_000073,playing_bagpipes
EhAzdoMYwoc_000263_000273,playing_guitar
DOavV3SsRVI_000013_000023,tapping_guitar
3uLafXy8cDs_000099_000109,playing_drums
4pV-xXv_akY_000075_000085,dribbling_basketball
XHOQk1vmk7U_000000_000010,playing_organ
32QCqDlbhtM_000004_000014,bowling
4k35YMMTbzA_000003_000013,bowling
1msLeuOB6ho_000050_000060,bowling
aat2C7VgMDw_000124_000134,singing
UMPuvCrJhsA_000099_000109,dribbling_basketball
ZC0DT-vx5c8_000238_000248,singing
KvApdfzWr0Y_000524_000534,playing_violin
8rcGVxoNPrI_000002_000012,blowing_nose
6YQpF2VpunI_000031_000041,playing_bass_guitar
CI2Nh25Xiks_000032_000042,bowling
dDC2fsUNtLY_000098_000108,playing_bass_guitar
-O4Fx2w0FiI_000045_000055,playing_drums
M0kaP926pj0_000096_000106,tap_dancing
Z8F8shTNOqQ_000061_000071,playing_accordion
Du0_v8maguQ_000000_000010,bowling
csund_KY2Bs_000203_000213,playing_clarinet
SyF-9TNP5A8_000064_000074,playing_organ
UbifFEEnAKs_000003_000013,shoveling_snow
Pv3_7GEBYC0_000012_000022,mowing_lawn
GgH8d9CfROg_000045_000055,chopping_wood
WpiqTnsT5k4_000002_000012,tapping_pen
_TsfUWDTqKw_000030_000040,playing_guitar
VMUEkFtFUc4_000001_000011,tap_dancing
GO4dpA4v1n4_000045_000055,singing
7QeGCdUHy0c_000027_000037,bowling
7ZDm5jZJjDM_000039_000049,playing_accordion
akPZQh4igcc_000060_000070,playing_piano
ViSxUIzQEN4_000000_000010,shuffling_cards
fpXcu8bIGK0_000076_000086,playing_violin
1_WXeQA7dYA_000029_000039,playing_accordion
buuTXa1Nj2I_000193_000203,playing_accordion
MdG6O582oNs_000018_000028,playing_guitar
43pzaEi_PqY_000009_000019,playing_harmonica
CCRJL73N3Dc_000011_000021,playing_bagpipes
gfnCslJgMgk_000213_000223,playing_guitar
UUswCmWyqFY_000021_000031,playing_saxophone
CcsS5aAlEEE_000001_000011,playing_trumpet
ba3ywaJjN5U_000144_000154,playing_trombone
IE3tGdtwK90_000023_000033,playing_organ
0NN2c3H81tI_000002_000012,playing_keyboard
_bunvW0G_8E_000010_000020,playing_drums
FDeB3DX25I0_000332_000342,playing_clarinet
A-vD8gOTdcw_000001_000011,mowing_lawn
8_PfOOpcaDU_000185_000195,playing_trombone
eLfoOK9KRE4_000026_000036,playing_harmonica
0Uxv0GlU25M_000090_000100,tapping_guitar
aEqNW15t_gs_000003_000013,playing_harmonica
VcnUsbBJQ-s_000255_000265,playing_violin
2ZuXADAYhas_000000_000010,playing_piano
G_mWOxg-W84_000027_000037,playing_trombone
TB_0b1lxIRc_000088_000098,laughing
7Va5IXUm2Ww_000000_000010,chopping_wood
2qcjVLTRnvc_000053_000063,playing_bass_guitar
0c2smafL5nk_000000_000010,dribbling_basketball
T3m73wIGTeI_000337_000347,mowing_lawn
3E08PoeXkF4_000006_000016,tap_dancing
P-npMbQKOCg_000010_000020,playing_bagpipes
-W0E_PJW_6g_000001_000011,singing
fJMVz_TBWU0_000066_000076,playing_bagpipes
HYBrs1-pM3Q_000013_000023,playing_trombone
PskKOcBjKy0_000019_000029,ripping_paper
hEo4-RVLTcA_000022_000032,bowling
PBxap8ZN0Y0_000002_000012,blowing_out_candles
GapeDt4J68M_000018_000028,playing_drums
J_DJbhqSdwg_000009_000019,chopping_wood
WMLd9ubXRrg_000117_000127,playing_violin
F3b0atObCgk_000003_000013,playing_xylophone
T6U9NETAq1k_000036_000046,stomping_grapes
KCxVfcopiYE_000247_000257,playing_guitar
YQ_Pt23zPXY_000106_000116,mowing_lawn
BSsWzvslQRg_000010_000020,blowing_out_candles
SAlMbuhll1c_000042_000052,playing_trumpet
8apz96O2hL0_000001_000011,dribbling_basketball
cbhg8-fGZo0_000011_000021,playing_trombone
cJUyQS1tezk_000014_000024,tap_dancing
BjhTpKVP52Q_000028_000038,blowing_out_candles
NZMElJhMfwg_000009_000019,bowling
dJS87Axqth4_000009_000019,playing_harmonica
-nIkLweYb7w_000004_000014,chopping_wood
aKGxKd5OE90_000063_000073,playing_organ
Kw7XrvkV0mU_000063_000073,singing
NoEQTS6QiG8_000193_000203,tapping_pen
BhhCfGEVGmA_000036_000046,shoveling_snow
bze5NJEvpLw_000017_000027,playing_bass_guitar
LPfx40ikmQI_000109_000119,playing_saxophone
TqF3-fnqpOs_000055_000065,laughing
Y89Ac31BcLI_000063_000073,playing_clarinet
TEd4px8S4d0_000153_000163,playing_guitar
YtUegrDxjTQ_000115_000125,tap_dancing
Ytj1Ntl5_6Q_001153_001163,playing_bass_guitar
FE6m_q7fwpY_000003_000013,blowing_out_candles
Mq6yNlu8Ams_000003_000013,mowing_lawn
_5oftOzcVhU_000018_000028,laughing
Kmi0v86bLSw_000127_000137,playing_violin
31Yy9juCo0I_000004_000014,tapping_guitar
USe7HJGpx7k_000004_000014,playing_accordion
-laf6Y17FkA_000127_000137,tap_dancing
4uS92uPSBWA_000070_000080,playing_keyboard
R8TrMbr4ahI_000065_000075,playing_clarinet
HgxEoJktZHI_000002_000012,blowing_nose
dhU8JxShU9A_000001_000011,playing_harmonica
Bkw5I_wrFDU_000161_000171,playing_violin
77hg-Rz1OUo_000025_000035,mowing_lawn
gTqMoHtEEV4_000022_000032,bowling
aqH16LnvegY_000098_000108,mowing_lawn
0BQUfrcZ0Y0_000020_000030,tickling
Bg3_7NeCGfc_000034_000044,playing_xylophone
ZB9o_nKVb3c_000023_000033,playing_harmonica
6n6qBLZZtfw_000018_000028,playing_violin
94eNPnbeOko_000053_000063,tap_dancing
QMOJAVGFhD4_000343_000353,playing_trombone
4FKQJbwUoA8_000037_000047,playing_organ
PUjmqZ2p4CU_000075_000085,playing_violin
DbYCHh3QWwk_000012_000022,laughing
M25C-h-lLRM_000015_000025,singing
B0GqLPGED84_000032_000042,playing_bagpipes
DL34z_wf1yw_000040_000050,playing_harmonica
3X9dtfeV1mQ_000005_000015,playing_saxophone
9tLeoIo1LwE_000053_000063,mowing_lawn
6KeiH6GpRoc_000003_000013,chopping_wood
_vf4jsOymCk_000001_000011,ripping_paper
9lZJm-WqDnk_000009_000019,tapping_pen
-EACZrr00gw_000034_000044,playing_trombone
T3TPGJyC_rU_000002_000012,chopping_wood
8vbaIS2g-us_000088_000098,playing_xylophone
E90dLdWe2zI_000244_000254,playing_trombone
LoIr5TRFryo_000000_000010,bowling
_MpCb5AT2WY_000084_000094,laughing
CWzHebd1Vas_000133_000143,tapping_pen
BJtTZgxuO_A_000087_000097,laughing
76rnihv46xw_000000_000010,playing_xylophone
PjI75p2LSwk_000351_000361,mowing_lawn
2lMLLNCR1UE_000021_000031,playing_trombone
_ug5FAp_5FU_000042_000052,laughing
EK0AOkEzRY8_000003_000013,tickling
E5058Q2R-FI_000001_000011,playing_accordion
RPUhrCMQAUc_000003_000013,playing_guitar
9t8Sizc8_vo_000023_000033,mowing_lawn
X_wD9X_eF14_000004_000014,ripping_paper
A5B3ocdJG-E_000211_000221,playing_trumpet
VVn9xkUAQOI_000116_000126,playing_harmonica
NuWExbvRwGo_000294_000304,singing
6m1B-inHw2I_000028_000038,shuffling_cards
Rqz0TU6N0RY_000267_000277,playing_violin
dSIzDFr0ZcY_000094_000104,bowling
HjIfXTx5IQU_000010_000020,bowling
AaH3UyUFesk_000003_000013,playing_trombone
affoIhMtDbI_000017_000027,playing_trumpet
4fwgWKEBKoM_000027_000037,singing
P0Co-pi8q3o_000020_000030,stomping_grapes
DSJDZ9tftb4_000097_000107,tapping_guitar
Abb02nxwzDA_000133_000143,playing_harmonica
Q9ebwpsONqY_000410_000420,playing_harmonica
b3heWw3oka8_000143_000153,playing_accordion
8A2GbNyp_Fw_000048_000058,playing_accordion
6fVHfQaPIms_000171_000181,tapping_guitar
-N8u3wSeihI_000003_000013,shoveling_snow
KX0Ok7_Gb5c_000001_000011,playing_trombone
9BNV0j9gzVM_000044_000054,mowing_lawn
cYmqy8FeQ0I_000022_000032,blowing_out_candles
ABb4x-N4xtQ_000496_000506,playing_trombone
H7jy0tE12YM_000094_000104,playing_violin
IIw60_OyOuk_000044_000054,shuffling_cards
9T1chZzbB7w_000014_000024,playing_organ
8_HnGRPd950_000041_000051,playing_accordion
FyybsZfji_g_000110_000120,dribbling_basketball
JwGBTVWZw94_000001_000011,playing_harmonica
SzKwz-sKdWc_000029_000039,chopping_wood
frfp4-OT4_o_000158_000168,ripping_paper
bexGihDdfc0_000146_000156,playing_trumpet
7SilXNfF-kE_000300_000310,singing
BfbifR0WozI_000040_000050,shuffling_cards
c2LIgQ1EmbI_000768_000778,shuffling_cards
9NzfSesCxD0_000030_000040,blowing_out_candles
SpQrsOXoXn4_000199_000209,playing_trombone
Ib-u2mtZPtw_000006_000016,singing
G3UylSzasmk_000044_000054,tapping_guitar
_wMhd6WTCtk_000202_000212,shuffling_cards
AbakMFrR4z0_000127_000137,playing_harmonica
UJ_p85GrZW0_000046_000056,laughing
eMG3BpTJNds_000016_000026,shuffling_cards
MIChciHdHE8_000216_000226,playing_clarinet
48huDLh1H0I_000065_000075,tap_dancing
L-QK27XK6tU_000007_000017,ripping_paper
4r_fstVOC7A_000064_000074,singing
dLWeEi6f1HM_000018_000028,blowing_out_candles
Dze2KutcLg4_000019_000029,blowing_out_candles
465CIMqszZE_000003_000013,blowing_nose
PTJmXo_QVFM_000038_000048,playing_trombone
EarMhVEoFIM_000000_000010,playing_keyboard
0XEyBtqxh-c_000003_000013,playing_bagpipes
IRdxmNEwdOs_000000_000010,singing
epHnhoYkeCw_000000_000010,blowing_out_candles
gcmgeesBROw_000012_000022,shoveling_snow
bdoxLtzSKa0_000009_000019,singing
4oIDy8J2BA4_000000_000010,playing_keyboard
Eoa0uoiMxdg_000500_000510,playing_bass_guitar
XCQyxu7aEvU_000004_000014,dribbling_basketball
-hYwwirfVTo_000058_000068,stomping_grapes
QJDm2t2Wd50_000165_000175,tapping_guitar
VVN62TYoPhM_000073_000083,playing_accordion
DBfUKsCja9s_000018_000028,blowing_out_candles
WVDbGPU61pM_000050_000060,playing_xylophone
2fSxV9xSQII_000181_000191,playing_bass_guitar
JgeocoLL89c_000211_000221,mowing_lawn
gYDGZ30_4NM_000012_000022,playing_drums
TKtNVFmgb-I_000005_000015,chopping_wood
Ti0MdYnnj4M_000004_000014,playing_violin
GVFE0RN0A1o_000071_000081,playing_drums
VEx1CM54Q3w_000013_000023,playing_trombone
Wy-DpPMr_M4_000000_000010,bowling
atbiMFn1jCo_000023_000033,blowing_out_candles
DZ4FCUEaAlo_000000_000010,singing
XTxN4rsjSoU_000129_000139,playing_guitar
Fz-jjGtNAl0_000133_000143,playing_keyboard
a7yN99ytqlU_000173_000183,playing_trombone
WPzZDyaIsn0_000010_000020,tapping_guitar
6niNo44D-mA_000861_000871,chopping_wood
OJonDPc9BiY_000004_000014,dribbling_basketball
ZYbc1qAh6Sk_000044_000054,tap_dancing
Gt4AW3FqQLQ_000001_000011,playing_xylophone
WKWlbCp_xI0_000002_000012,mowing_lawn
RYf43WZP5FM_000017_000027,dribbling_basketball
C5gnC2zUWJg_000138_000148,laughing
O2DtwVW_vqE_000026_000036,blowing_out_candles
fbVQ-Yrd24M_000075_000085,playing_trombone
SO5mLkgM93Q_000003_000013,blowing_nose
339rs5DLSWk_000062_000072,bowling
WpucfDGQi0U_000039_000049,playing_trumpet
guUs-TqOrXw_000836_000846,playing_guitar
ND22kSKAFps_000001_000011,playing_accordion
cH0Ukamxek0_000022_000032,laughing
W9_g95Q_qEg_000014_000024,blowing_out_candles
MQCrTAE_Ngs_000046_000056,blowing_out_candles
2GIvxfSfGxY_000001_000011,singing
TEMwmq4BVtU_000000_000010,playing_harmonica
fWAIDJ_7mS4_000148_000158,tapping_pen
3Di95IthDB8_000227_000237,shoveling_snow
d2JzR82L-HE_000008_000018,mowing_lawn
_PFXSow61xY_000088_000098,singing
IfSrjxPcN74_000231_000241,playing_violin
X4k_dy2bBt0_000112_000122,playing_keyboard
88hXk0XC0Ec_000073_000083,tickling
7RTFIxOgNF4_000443_000453,playing_piano
Fwk10H7f1Ak_000106_000116,playing_guitar
-xd3aIXUJuE_000012_000022,laughing
boX4453uip0_000009_000019,ripping_paper
DUdp3C8F0xs_000368_000378,playing_clarinet
RKsto2FmBzM_000057_000067,mowing_lawn
3oKbqH3qSW8_000061_000071,shuffling_cards
8nryYWivhoY_000040_000050,playing_clarinet
MJ_M7JReMFI_000020_000030,mowing_lawn
hE-zzDNjgf8_000052_000062,laughing
RbWyUZ4xGjE_000008_000018,playing_violin
QMZJErXZceg_000006_000016,ripping_paper
LbH2duSwzfU_000024_000034,dribbling_basketball
09tMRQJvtJE_000005_000015,mowing_lawn
MWhsxMMpHtg_000002_000012,singing
NdCK5CFmeVI_000136_000146,playing_drums
XjqFKcUHQ1k_000015_000025,singing
amYWb-0Cn-s_000003_000013,mowing_lawn
FyKz_yhWW2c_000014_000024,playing_clarinet
VK8MInG1Fmk_000114_000124,playing_xylophone
YYIisuPvS9o_000046_000056,playing_trumpet
Vp8ty3UCtyA_000010_000020,playing_bass_guitar
U9T-nMtXjN8_000122_000132,playing_organ
6g8ZJIqxGkQ_000001_000011,playing_piano
WcrzDpjwI8k_000080_000090,blowing_out_candles
Ll4pOlmv7JQ_000011_000021,blowing_out_candles
dFumlv2JOMc_000012_000022,playing_bagpipes
X-joirj6Ev8_000068_000078,playing_trumpet
3KL_d1zyLO4_000133_000143,dribbling_basketball
TmB4WQzzJQA_000044_000054,playing_trombone
N9mQC7MeZCk_000008_000018,bowling
8OwTxW0pOzQ_000009_000019,singing
UMYWEyDLjCU_000032_000042,shoveling_snow
fSV_UUixKR8_000149_000159,playing_guitar
RZKLkTgXTQQ_000256_000266,playing_bass_guitar
eCeM2EGU5qA_000137_000147,playing_violin
BY-yHhv6qlA_000070_000080,stomping_grapes
g-biMDH3MBY_000020_000030,playing_keyboard
boYo369ILFw_000163_000173,tapping_pen
Wv8pX1LHmbc_000003_000013,playing_organ
7C5dkYG_cws_000094_000104,playing_guitar
2UQfMoW8Wzo_000004_000014,playing_trumpet
Z0UvONU1qb0_000018_000028,bowling
78Gy2r_lQcc_000073_000083,playing_guitar
W0h064KNjb8_000121_000131,playing_saxophone
Lihq_WmOI5o_000025_000035,playing_bass_guitar
D7TBMUohezI_000010_000020,blowing_out_candles
JTytpSiyxq4_000004_000014,playing_keyboard
GdKhv8Y7kb0_000029_000039,dribbling_basketball
Fx1tf2qOEpg_000142_000152,playing_accordion
EDIghWv8wsc_000306_000316,playing_trombone
OSaxqyB1Q5w_000079_000089,dribbling_basketball
7fAGgC2Y8fc_000348_000358,playing_trombone
N_nFst7t1jM_000006_000016,playing_violin
FhZPdWrDr_8_000060_000070,tap_dancing
KuLIXQXLHts_000008_000018,playing_drums
WK2aE-ebLbI_000011_000021,shuffling_cards
exrAkuOqxIY_000001_000011,bowling
M_4rQS-Er0w_000262_000272,tap_dancing
IVVqhWKh1ns_000242_000252,dribbling_basketball
WheFouCHzCw_000186_000196,bowling
57xBd1pkZTw_000019_000029,chopping_wood
-c3rYbtNNqw_000081_000091,shoveling_snow
0jt2lB8AJws_000039_000049,playing_saxophone
ad9BeMsjmTA_000126_000136,laughing
6pTwbm5Cyh8_000019_000029,laughing
QaF6G3OJy0g_000024_000034,playing_trumpet
S89uKaUphKc_000080_000090,playing_bass_guitar
JF9CeNGYbJI_000057_000067,shuffling_cards
A_uwwsdddIs_000499_000509,playing_saxophone
XarT4i-NYqU_000005_000015,playing_xylophone
8CTfkmXxKFE_000103_000113,mowing_lawn
bnoGFMOr4rg_000010_000020,playing_bass_guitar
2Ukcti1Bg78_000008_000018,ripping_paper
CvEsqhepKnM_000027_000037,playing_violin
e2yPWAndhZ8_000100_000110,shuffling_cards
9xUoGAroVyc_000002_000012,playing_clarinet
6rDjmP0mZLI_000002_000012,dribbling_basketball
VdxqH-6rs1Q_000150_000160,chopping_wood
ItoJsv5E0-I_000101_000111,playing_harmonica
NhNdWGsJ6YI_000028_000038,playing_trombone
4MjFXxsD_PQ_000005_000015,playing_piano
fdlnurE3mL0_000002_000012,chopping_wood
Vs_masET_ts_000008_000018,playing_trumpet
2t9qaxM7EQI_000197_000207,playing_saxophone
GdWLMfCafzQ_000069_000079,playing_guitar
20thlVMedIc_000288_000298,playing_violin
6PRTVkSVIjQ_000110_000120,playing_guitar
dTsDjv5G0_A_000012_000022,blowing_out_candles
ZBI-unr15Zg_000063_000073,shuffling_cards
163UOpJwnKM_000043_000053,playing_guitar
XbuImsi_RI8_000089_000099,tapping_pen
3bcLI9eqTJg_000008_000018,mowing_lawn
9Gm3HlDKGNI_000089_000099,shoveling_snow
19tGPy2wKZE_000089_000099,mowing_lawn
cdE1oUx7wPU_000003_000013,ripping_paper
dELaYcEZOpk_000051_000061,singing
3uHLyu3A47E_000032_000042,shuffling_cards
0m2haLS_Bcc_000006_000016,blowing_nose
Iz3XGryMS-Q_000314_000324,laughing
G5ywuoZkMX4_000059_000069,tap_dancing
Xw7VJw1hlQo_000046_000056,tapping_guitar
Lp6rGtrnCPw_000009_000019,singing
MSqLo0dNrHY_000015_000025,chopping_wood
6qDJPe_n8VY_000016_000026,playing_xylophone
ChqB5_7E_rE_000051_000061,playing_xylophone
GDtz2mEQme0_000279_000289,playing_guitar
CgVmrWG0st4_000021_000031,singing
H--PhUBDa3U_000034_000044,playing_bagpipes
BCyCy2CzD-0_000107_000117,playing_violin
2HRGeUJ6AbI_000001_000011,blowing_out_candles
gOWkVfVdwHM_000016_000026,bowling
P9dK0ZtFplM_000004_000014,tapping_guitar
B_ZBG8I_evw_000003_000013,chopping_wood
J-5YrYZ6tTk_000018_000028,tap_dancing
_TUcHlaWP-A_000037_000047,shuffling_cards
cly35MqY7L0_000014_000024,blowing_nose
PPQcuPACC1Y_000137_000147,tap_dancing
Nag5ysNeUH4_000062_000072,playing_saxophone
6QtjbRngb5s_000091_000101,playing_clarinet
A4QIpu_bDOE_000222_000232,laughing
GFzMIkHAZhg_000000_000010,playing_piano
C0UfOT_-vGY_000004_000014,bowling
6ATWrYX5-rE_000087_000097,playing_guitar
8Om-ZLOUeTY_000010_000020,singing
7WC5xkHkb2Q_000065_000075,playing_keyboard
4vUzNPcfIkA_000006_000016,bowling
IDsdycW4cVE_000055_000065,blowing_nose
HoZjzruYvuc_000188_000198,playing_organ
VCPW5JXaKKc_000015_000025,singing
SuIJnhivGfo_000006_000016,mowing_lawn
Gol3K1ABQcY_000013_000023,playing_violin
DuKFQJVU9u4_000003_000013,playing_trombone
I1RVwc9g8wY_000054_000064,playing_guitar
L2S1MwmffuA_000053_000063,playing_violin
R5S3Y_qyhrc_000000_000010,singing
V7GSJa7Y1zc_000075_000085,tap_dancing
TSJZiVdE6ng_000017_000027,dribbling_basketball
CsMV48eB8pI_000073_000083,playing_guitar
NaC6tzPvENw_000009_000019,dribbling_basketball
7tHfPtboEXQ_000067_000077,playing_harmonica
X7J-7bH9Nus_000002_000012,chopping_wood
WO_UoRVLf2g_000007_000017,blowing_out_candles
NbRL5ttpFoI_000119_000129,playing_keyboard
Gyy-x0PtCFg_000040_000050,playing_harmonica
WMifZvd20Kc_000028_000038,mowing_lawn
0olhNr566Z0_000018_000028,playing_trumpet
LFw1jr-IhCA_000003_000013,playing_trombone
DOpjjO4yGzA_000059_000069,playing_saxophone
Rw6wcZCCglc_000002_000012,playing_trombone
UCtL3q3immM_000012_000022,blowing_out_candles
8iqDqseky3Q_000008_000018,playing_saxophone
InNha0doIyg_000477_000487,bowling
08dBZbo40Ng_000032_000042,mowing_lawn
EqmYJIfxJ6o_000003_000013,blowing_nose
M1b5A-FvvT0_000143_000153,playing_keyboard
dGW9ya9SoAM_000063_000073,dribbling_basketball
96gANkyjmqw_000149_000159,playing_violin
1zpsH4FkiQs_000016_000026,playing_violin
e0Fh32GfXto_000049_000059,playing_drums
_I7vlEJ8LzU_000000_000010,bowling
G7IXbCYkQ1U_000043_000053,playing_trombone
XyzQqfGvYWw_000286_000296,playing_clarinet
XXIuht2tetw_000012_000022,blowing_nose
HaWXNGXGjEg_000010_000020,playing_saxophone
UUQ3R6tEgp4_000004_000014,playing_xylophone
aaA67Q8qQCk_000058_000068,laughing
1BDY88KMJDE_000002_000012,tap_dancing
diKtyveoJz8_000002_000012,playing_violin
SEO-anOzvHs_000123_000133,laughing
S-mMmPO6a9s_000053_000063,mowing_lawn
Cx41c76ArCQ_000025_000035,playing_drums
QnH0xo3TXgM_000015_000025,blowing_out_candles
ftr5b4CqNXc_000039_000049,laughing
NrvJyRvbf88_000009_000019,playing_harmonica
YFy2IwRXBqA_000191_000201,playing_saxophone
A82abMNY0t8_000046_000056,playing_organ
6wDUzuUlvS8_000027_000037,playing_bass_guitar
OlqHQCHXi4E_000000_000010,playing_drums
fOlGEaqnL8Y_000111_000121,tickling
7qvRVTSIcQs_000000_000010,playing_harmonica
_0nleJ8wm9I_000002_000012,playing_violin
993UgEc7wXM_000006_000016,playing_harmonica
XvsW4vQl-fM_000016_000026,tickling
dbD0nVfy9RU_000000_000010,playing_trumpet
_JGAvfGozUA_000005_000015,blowing_nose
XRDRXhuS3YU_000165_000175,playing_organ
h1-7vuw_fzY_000002_000012,blowing_out_candles
XXr9MZQzlBE_000068_000078,dribbling_basketball
aRhx2JtCjYs_000152_000162,tap_dancing
8ogH5luxq1I_000110_000120,playing_harmonica
3ox9QYjQbBQ_000359_000369,playing_violin
9eeTCpAERXg_000135_000145,playing_accordion
Gp48vk3KRFI_000052_000062,shoveling_snow
OANzoypbL9Y_000094_000104,playing_trumpet
Rmp6dxDe660_000491_000501,playing_bass_guitar
B343S8XEFmw_000043_000053,shuffling_cards
OCg87j7EEbk_000000_000010,playing_trumpet
-h1jccLMbjM_000011_000021,playing_violin
XtxiDtiM8YM_000228_000238,shuffling_cards
PZht0h5IWYU_000008_000018,playing_accordion
Dfxqjyg1OMA_000222_000232,dribbling_basketball
YTlTdsBNDoo_000026_000036,playing_trombone
RKeuAPPDF1I_000686_000696,playing_clarinet
3CdDB6XnsyE_000048_000058,blowing_out_candles
d7WQAWjUqvM_000018_000028,blowing_nose
G0UA3Bep9-Y_000207_000217,bowling
BRl66X22CZs_000083_000093,playing_drums
VOrc4AI_m7g_000141_000151,playing_violin
1TG5B1KMbeU_000093_000103,tapping_guitar
FVtkojtejrg_000049_000059,playing_guitar
di24EiHihQ8_000001_000011,playing_trumpet
6utponLXbo4_000085_000095,tap_dancing
8WVILTHfd_M_000050_000060,playing_guitar
MMzYrGcjekM_000012_000022,playing_harmonica
VAynjqcT-Hc_000224_000234,playing_harmonica
YBqnlg1dp2M_000030_000040,playing_xylophone
cGWhMjgVmYo_000001_000011,playing_organ
G_hxvZ8jhy0_000037_000047,playing_saxophone
-NUbtpgQtNY_000059_000069,playing_piano
I2vAgq5I2sA_000099_000109,playing_clarinet
DOMzvvZXA6Q_000004_000014,playing_harmonica
1FZQN69CBvc_000015_000025,chopping_wood
U0XGMgolLOw_000046_000056,playing_xylophone
BnAfszjLPYI_000003_000013,blowing_nose
U6PeWVXvGeQ_000440_000450,playing_piano
V55VaDQwBZc_000192_000202,playing_bass_guitar
OWz4I9yEGys_000100_000110,playing_saxophone
BQumrb-kGMg_000138_000148,tapping_pen
9NxNq4eALCc_000266_000276,playing_bass_guitar
ZbCMs31yhSU_000053_000063,playing_bass_guitar
LMPWfHqVj40_000220_000230,tapping_guitar
-vg0_9qr9LQ_000126_000136,playing_bagpipes
C0yamxWNx0Q_000004_000014,singing
NLg-G0Wk5Og_000000_000010,chopping_wood
HYiWN9KKQRE_000004_000014,shuffling_cards
BDOemKVaI_U_000000_000010,playing_bagpipes
T_7ErkQFduQ_000033_000043,singing
PT9VKennzxY_000109_000119,playing_saxophone
c17XgKmEl-8_000001_000011,playing_violin
-AENAqVfyDo_000012_000022,blowing_nose
Dl_19iir7qw_000021_000031,tap_dancing
JtuS8eiTBr8_000037_000047,playing_bass_guitar
KxwOcFwy1-s_000246_000256,playing_bass_guitar
a7c-9f2G-9Q_000110_000120,playing_violin
ZWx4jDsxjpM_000061_000071,blowing_nose
ANByQSke7HY_000000_000010,mowing_lawn
MNr102anxDA_000013_000023,ripping_paper
5_XhgTkJW0E_000004_000014,blowing_nose
5ZBUw_NZ2XU_000072_000082,playing_xylophone
Har9LqPyQLo_000046_000056,tapping_guitar
ACGUPmAEekA_000003_000013,playing_trombone
X9PsLHNf0O8_000002_000012,mowing_lawn
PZxsU7dhNCA_000020_000030,playing_bass_guitar
hK5oYSWmIJs_000094_000104,playing_guitar
B1K3HmfBwyA_000003_000013,shoveling_snow
_OJj0ky3MQw_000135_000145,playing_drums
aTM2hXvY6ig_000024_000034,chopping_wood
bNopjf5-IEQ_000001_000011,playing_bass_guitar
Vk7POyM81G0_000017_000027,playing_clarinet
CQNV9ZxzlGU_000014_000024,dribbling_basketball
9p20sqmRma8_000210_000220,shuffling_cards
1LZEAC0baLo_000013_000023,bowling
51Tg9GakrkA_000008_000018,blowing_out_candles
DFjTJS11CJ8_000028_000038,playing_bass_guitar
NCXrdjPLp34_000013_000023,playing_accordion
bBk8KsahY3g_000583_000593,playing_keyboard
MHBq8ksCVqo_000003_000013,dribbling_basketball
FFgdJ79hOoI_000077_000087,tap_dancing
J40Cu3y06GY_000106_000116,tapping_guitar
PZALJ06LHng_000028_000038,playing_piano
PraJB7yy8rc_000116_000126,playing_saxophone
U_kad4UavXM_000159_000169,playing_drums
dVIAzd7zJzQ_000044_000054,playing_xylophone
bo5dnogjPME_000300_000310,playing_clarinet
VgyxCQr20Vs_002102_002112,bowling
ID6iFV9e7zo_000138_000148,singing
a1yPFYlFbF8_000074_000084,shoveling_snow
9zPSvQlQh5k_000003_000013,playing_trumpet
AvuV2SFME_o_000237_000247,dribbling_basketball
asNmHEjgMNk_000076_000086,playing_drums
1zrN-OZycww_000030_000040,playing_bass_guitar
apV1tzFqglk_000014_000024,playing_guitar
W_RQuKH6e90_000091_000101,mowing_lawn
hGkNBT2MYtk_000022_000032,blowing_out_candles
dbSxodxiJ9U_000042_000052,playing_drums
KUJUn0GXzBs_000061_000071,playing_drums
-tHhal7E82A_000103_000113,playing_bass_guitar
2Oc72SeZXQY_000028_000038,singing
7ufRuypN2TQ_000149_000159,tapping_guitar
4IsF-3pueY0_000030_000040,playing_xylophone
fE7dFhrjf6A_000032_000042,blowing_out_candles
ayp-r4XDhOM_000014_000024,playing_violin
F7x0ug4nl3Y_000006_000016,playing_keyboard
440_k3NFw2k_000023_000033,playing_violin
cmFwW8ZScOE_000029_000039,playing_trombone
Auj-tlOq_Wc_000082_000092,playing_xylophone
RsK8DitB_YI_000067_000077,playing_bass_guitar
8ss_PW5pEZ8_000046_000056,tickling
X5DxvA2mTv4_000006_000016,mowing_lawn
SqXCP5haa-Q_000019_000029,playing_xylophone
WfF-lwT27Y0_000000_000010,tap_dancing
Muu39GA3gRY_000005_000015,dribbling_basketball
MSF2r6_0mmU_000042_000052,playing_violin
2oB0WADTd3A_000002_000012,singing
Yc3fDOM-v4w_000034_000044,singing
X5l_elzG2a4_000008_000018,playing_bagpipes
ZXx0fGrNYJs_000015_000025,mowing_lawn
E1nKqMTqNZU_000043_000053,playing_accordion
YweUKDKp0k4_000029_000039,shuffling_cards
dEKEOTBnQpA_000024_000034,dribbling_basketball
4oelckVMHpM_000008_000018,bowling
SbGLWEnodHw_000005_000015,shuffling_cards
futo7zOVnwo_000009_000019,ripping_paper
9qXMreeLo9g_000026_000036,blowing_nose
eBYE6XnS2xk_000113_000123,playing_guitar
5GR2wU2QSvc_000117_000127,playing_drums
cOODjp9e7y0_000000_000010,tickling
Shsis8UmBeQ_000003_000013,chopping_wood
7eqY6Cej8aM_000022_000032,tapping_pen
1xhr5X6UTR4_000004_000014,shoveling_snow
RcjI7_ZngD0_000022_000032,playing_violin
52TuOAFGQjg_000374_000384,playing_clarinet
7e9wi1bdlJ4_000023_000033,playing_bass_guitar
PCTDDvV93uc_000176_000186,playing_piano
_AO9Y3TqRdI_000028_000038,tapping_guitar
4ESIvFQLs54_000030_000040,playing_trumpet
gymw7C0u62U_000000_000010,playing_xylophone
7eK9hKqFCJg_000086_000096,playing_bass_guitar
DtJd_k9QHkk_000028_000038,playing_xylophone
Zt17pQcH4SQ_000009_000019,shoveling_snow
TOSRMGw-bm8_000051_000061,playing_drums
efxi4SXoVJo_000001_000011,bowling
LW5e68LObgg_000178_000188,playing_violin
0w2gF3RahO8_000156_000166,tap_dancing
QrP7aCMqIj8_000008_000018,tap_dancing
CDHVocowo00_000110_000120,playing_accordion
BZ4GEdEorXE_000004_000014,dribbling_basketball
dBf-xPqpQy0_000091_000101,tap_dancing
_AQc7VBUQZM_000029_000039,playing_trombone
O4alY3dwhw0_000002_000012,tickling
3Yg0N57f9f0_000078_000088,playing_keyboard
WGMaRLYLoA0_000018_000028,laughing
0TdX2-rZV4k_000035_000045,chopping_wood
QhMuB2WXrLk_000141_000151,playing_violin
1ofTY__n_24_000045_000055,playing_trombone
0Dbqyd-mHVk_000004_000014,blowing_out_candles
AmHM4lxH7mU_000049_000059,laughing
TeB1AkmAd40_000036_000046,playing_trombone
JJCyy8EFY8Y_000044_000054,playing_clarinet
UAQmJl0spMs_000107_000117,playing_saxophone
Zgbo6Ms074g_000003_000013,ripping_paper
5fEyNLaaKk8_000043_000053,playing_violin
WGl3xa5yOJE_000008_000018,playing_trumpet
4VF5kYa2Glk_000024_000034,playing_trumpet
6g-NlBS82m4_000311_000321,playing_drums
VOXpchCTTH4_000029_000039,playing_trumpet
FT4Jvu_t4B8_000068_000078,playing_piano
0W8QlCxJFkI_000047_000057,ripping_paper
0DNHE_cupx0_000022_000032,stomping_grapes
UxXQ356Dr0c_000003_000013,singing
39zZgsn9K_I_000002_000012,chopping_wood
_wN81e3rhts_000008_000018,playing_xylophone
OsfQ2_hyk-M_000012_000022,laughing
cRibV4I39lo_000033_000043,blowing_out_candles
GO5Re47MVJE_000070_000080,singing
LdZ7NBfkEpY_000197_000207,playing_accordion
bwS4lX0P0-Q_000029_000039,playing_bass_guitar
22RnCaxZVkY_000015_000025,playing_saxophone
ZwrITGGRUHs_000002_000012,playing_xylophone
hFcyDE01ToU_000002_000012,tapping_guitar
_jwqtMGVg0Y_000002_000012,mowing_lawn
4S0cEaMNtJ8_000017_000027,playing_violin
adGuBdV9Erw_000164_000174,chopping_wood
NKr9RxdQPkU_000001_000011,playing_keyboard
Kt49mxDFRl0_000016_000026,playing_guitar
B3sIXm5STrk_000001_000011,tapping_guitar
h4hXgEWq35M_000067_000077,playing_guitar
WC88icSw3Ww_000004_000014,blowing_out_candles
CsPtLbwgppE_000222_000232,playing_bass_guitar
IEB5PfUsWAk_000024_000034,shoveling_snow
8aq90iUMXF0_000036_000046,playing_keyboard
cg9_QHFfCSQ_000038_000048,bowling
_s3tEB86EJI_000129_000139,shuffling_cards
b-27ZWOINIY_000003_000013,bowling
XvfYh9RDDlA_000014_000024,playing_piano
RjynjJWWl94_000160_000170,playing_clarinet
a9Rky8fdbyQ_000033_000043,ripping_paper
NeKn-XluDbw_000025_000035,singing
-9GOvo_CfRw_000028_000038,blowing_out_candles
Whcp9gfyRIQ_000189_000199,shoveling_snow
8EKasgXxX7M_000044_000054,playing_clarinet
72PIG-ZZUh4_000000_000010,tickling
KvU0MNlNEQI_000138_000148,playing_saxophone
F23qzcBMqdw_000002_000012,playing_saxophone
_JQ8Jhm6zYA_000001_000011,playing_organ
N0Xn4CwAg88_000015_000025,blowing_out_candles
BuhyAjxvfBg_000078_000088,playing_xylophone
SdmhSZTtePI_000063_000073,playing_bass_guitar
3dJ8-3Jx-Rk_000001_000011,mowing_lawn
EHPGzWx-7YE_000024_000034,dribbling_basketball
02vVymJ73KA_000105_000115,playing_bass_guitar
ROqVaRerrQY_000000_000010,blowing_out_candles
Khef1VT8bmY_000047_000057,playing_bass_guitar
3Wl0jwbRfbw_000198_000208,playing_bass_guitar
5IJwDmzXCUQ_000193_000203,playing_clarinet
9pun1l9pDEE_000015_000025,tapping_guitar
AhZn0cS0i0g_000040_000050,playing_guitar
Y2ud4O8B8FU_000036_000046,bowling
XFNDUh_FKWQ_001224_001234,laughing
VStqCycfch0_000100_000110,singing
2l51Z1VBWcI_000230_000240,playing_xylophone
4P4dggbhSMs_000067_000077,tapping_pen
2NG8oKaLmY8_000029_000039,shoveling_snow
YT3sSac9J3A_000091_000101,stomping_grapes
UVYxN3WDBzI_000061_000071,playing_trumpet
IVZxhorZxFE_000004_000014,laughing
J-thTktnP4E_000002_000012,playing_piano
NIU57BCtNRo_000192_000202,playing_violin
OGWr33O8viw_000001_000011,bowling
9wtSrQAnCe4_000039_000049,playing_guitar
bHFu_FGW7CQ_000003_000013,playing_saxophone
EDT4uwsuf6w_000006_000016,playing_bagpipes
hIE5o8ZkjTY_000089_000099,shuffling_cards
GuStu02AabE_000020_000030,playing_violin
1QDwBAjVID4_000568_000578,singing
3cHont0BBXw_000006_000016,shoveling_snow
-FNoIqT9VJ0_000069_000079,playing_accordion
-De_GTVNO-o_000017_000027,blowing_nose
1AlbEWGJT2E_000042_000052,playing_organ
BaxHsWlVyQ8_000022_000032,playing_saxophone
dUGLVppUz_s_000002_000012,tap_dancing
_Fahq4xV4bc_000007_000017,tickling
WmScjKsOs5w_000005_000015,playing_harmonica
8wFecR4CDDU_000061_000071,tapping_pen
EfpdI_39P04_000030_000040,playing_drums
SVGwhTwugIE_000189_000199,singing
OeCa_MbJlww_000162_000172,playing_drums
1hk3E7VlyLo_000064_000074,blowing_out_candles
P0ELTF4kToE_000030_000040,playing_trombone
a0INDylMxQ8_000004_000014,playing_xylophone
Y8oJZbEyyAg_000546_000556,playing_guitar
5SNkYwgFN-M_000145_000155,playing_organ
gloD7pZ59vI_000039_000049,stomping_grapes
3IRDBc_08Io_000050_000060,chopping_wood
RLTfUZrrgEw_000017_000027,playing_xylophone
8nx1u7-ScXY_001862_001872,singing
GcThi3CUpNI_000021_000031,laughing
V-tB8DZ6r3k_000094_000104,dribbling_basketball
9uyL46IXXyo_000033_000043,bowling
I9WnVpkN0y8_000021_000031,playing_violin
2htLrgpah0s_000038_000048,blowing_out_candles
6LswKjker48_000008_000018,chopping_wood
JhBZSj9JvWo_000034_000044,playing_accordion
ZXgxOdICayU_000002_000012,mowing_lawn
7tcF2Hfr4bY_000086_000096,playing_clarinet
aaOzOpv8XQI_000020_000030,laughing
ECIEn5aWp6k_000004_000014,bowling
0I8Ua_rYTzs_000104_000114,playing_bass_guitar
IJdbq54i4-Y_000003_000013,dribbling_basketball
Ql-eq29ky48_000020_000030,playing_trombone
J0nNjIWCnuM_000084_000094,playing_violin
d7k11qPoI-U_000011_000021,playing_trumpet
2cLF588-uE8_000010_000020,playing_accordion
eQ6mi0XKdfQ_000106_000116,tapping_guitar
DoaW33f-UX4_000042_000052,chopping_wood
GNNejmBRsjw_000389_000399,tickling
2FAJ311OENQ_000075_000085,playing_guitar
7aVDAiFbvnQ_000003_000013,dribbling_basketball
9_KrS_5wWeo_000061_000071,playing_bass_guitar
GECXaIPkwEY_000072_000082,blowing_out_candles
Hdv-QIhFago_000349_000359,playing_drums
JVH-_B3QU_4_000202_000212,singing
7x7nkL2mbtQ_000006_000016,singing
A8rXwcLOaO0_000031_000041,tapping_pen
4K55KBsXZeM_000118_000128,singing
VjnLkvuoiB4_000002_000012,mowing_lawn
JywzKwLMou4_000013_000023,playing_bagpipes
4o_eEKdD7wo_000078_000088,playing_bass_guitar
El5rAOxoNxs_000283_000293,playing_drums
J9ObB9BLFcc_000127_000137,laughing
EFRxEDr5w9o_000001_000011,playing_saxophone
SaDjjBgkkAc_000002_000012,laughing
NTtFbGmQvvM_000111_000121,singing
1rfzCRvPbVI_000117_000127,playing_organ
M6Q03ZNahIE_000007_000017,blowing_out_candles
JdGJKayp1S8_000061_000071,mowing_lawn
0kRUoB7mtBY_000033_000043,playing_keyboard
LnMSviJOUY0_000227_000237,playing_saxophone
bTjAp3d4RhE_000122_000132,singing
Ef1K3wYf1cM_000168_000178,playing_bagpipes
XW4EUQGpDhk_000048_000058,singing
eGaspQfeV0M_000586_000596,playing_trombone
J2F9lwjSF4A_000078_000088,blowing_out_candles
LYLKMXAEXOI_000040_000050,playing_clarinet
7CewuCGsVXo_000303_000313,playing_saxophone
hKvg-ebfcME_000015_000025,dribbling_basketball
WWNzLOxRRW4_000058_000068,playing_violin
3SOjubo8nGs_000059_000069,playing_accordion
QmT35C_cc7U_000164_000174,tap_dancing
T4YDxUb82Wo_000137_000147,shuffling_cards
bDuIT8Ufc2c_000121_000131,shuffling_cards
GmdMRcw1FAg_000045_000055,mowing_lawn
_P9IEKOvfGM_000026_000036,blowing_out_candles
0JX7X8eMZ5M_000057_000067,playing_trumpet
Ept1Vx-SPHM_000010_000020,ripping_paper
U34oY6XYjKo_000026_000036,tap_dancing
-YfAShxhiGg_000003_000013,playing_harmonica
US2KX2MUQ3I_000001_000011,chopping_wood
Vgi-bZRmkQ4_000007_000017,blowing_nose
MDLdoU5fpSU_000014_000024,tapping_guitar
VZ4jGPAMjQs_000015_000025,playing_saxophone
023vDHQuXBo_000023_000033,laughing
b2lkWaGehDI_000009_000019,tap_dancing
59cx4mHxtwY_000004_000014,shoveling_snow
Dt9KoCtufaM_000992_001002,playing_violin
Zz0C6FkbopA_000061_000071,shoveling_snow
RxRxVBMS1Cs_000221_000231,playing_drums
SiJNLiAdXME_000048_000058,laughing
eBDxyAiOXPo_000003_000013,blowing_out_candles
Avay__OIzQM_000064_000074,playing_organ
Y41GdI6KY9E_000018_000028,playing_trumpet
FzHUuZrRUT4_000196_000206,playing_guitar
FePDRGYaIPs_000016_000026,playing_clarinet
JLJ7VZxjBt4_000139_000149,playing_guitar
ayOSkL5z1DE_000079_000089,playing_organ
SPvlZVtLgro_000002_000012,blowing_out_candles
VBPfUVqRYFY_000026_000036,dribbling_basketball
0DAJHbg8Wtc_000037_000047,playing_trombone
HFMtan_50K0_000084_000094,playing_piano
Zl0xDHrU-So_000154_000164,playing_bagpipes
7yFwzdiDuYA_000137_000147,singing
0YwecI169LA_000046_000056,playing_saxophone
8-wVqa-u0hU_000074_000084,playing_keyboard
02Rvsxd82H0_000002_000012,shoveling_snow
agOTnnqSbOg_000000_000010,playing_saxophone
epgPFE1o0Mc_000074_000084,laughing
JVeKAY_-FpI_000076_000086,dribbling_basketball
Uj_aBuPyfy4_000022_000032,playing_xylophone
OiE_DdLkpuQ_000037_000047,playing_trumpet
7Cu4hUH8d9o_000146_000156,playing_saxophone
KKEWeUB12NI_000011_000021,playing_violin
c0Y-hyqiYrg_000000_000010,stomping_grapes
J0Nti3RTP90_000041_000051,ripping_paper
0jt7eOUUYtk_000002_000012,playing_saxophone
9Ebq3gsdgfY_000010_000020,dribbling_basketball
BeEp3kA-xW0_000000_000010,tapping_guitar
5Hy3Id_qCSs_000000_000010,blowing_out_candles
EBnGyH_OtEs_000246_000256,mowing_lawn
XQDzzdTKcLk_000021_000031,blowing_nose
VeHOJpCZGq0_000001_000011,playing_harmonica
K_XAYUhGZ00_000136_000146,playing_trumpet
0-oQBxi06zM_000002_000012,playing_clarinet
fHDySzXjNoE_000095_000105,playing_guitar
3wGxE1Fhzzw_000063_000073,playing_harmonica
Nlj8oy-AaiM_000037_000047,playing_saxophone
AS8bG4QnY94_000013_000023,playing_trombone
Rcy64ZTr8Ks_000132_000142,tapping_pen
1JUL-MDQf3k_000048_000058,playing_xylophone
QQhaub_ogp8_000157_000167,playing_guitar
c4lYD9WKFzM_000011_000021,bowling
dGpE6eESQBw_000037_000047,tap_dancing
LAv24TPQgQw_000028_000038,playing_clarinet
NznGi6vZUrg_000012_000022,playing_trumpet
LMhaCjVCPeo_000163_000173,bowling
N0riu-LbLh8_000015_000025,bowling
6ztL3jl680M_000042_000052,playing_bass_guitar
3zSM0r8XS-4_000045_000055,tickling
OccqkybhZhI_000028_000038,playing_trombone
98qVe5Jcf9o_000000_000010,playing_organ
060M6aKGzh0_000073_000083,shoveling_snow
bpHdHkhHFMc_000001_000011,playing_harmonica
3ZL_3V7u-ZM_000019_000029,tickling
4LPeYd5Q08o_000005_000015,blowing_nose
FW6S8ntEOx8_000018_000028,shoveling_snow
6nvwc4UIteU_000025_000035,stomping_grapes
YIHgbfZsVNY_000034_000044,tickling
ZYjrCpa_30A_000109_000119,playing_harmonica
Qtj6ndC7zz8_000004_000014,blowing_out_candles
ZjJu5rzKw24_000050_000060,playing_saxophone
bPaM3ktwKQM_000156_000166,playing_clarinet
XnebBEtLESg_000004_000014,blowing_out_candles
8fiX58uj9bU_000002_000012,playing_trumpet
Ybb1fdjF2UQ_000065_000075,playing_violin
FVVqiEyOhbM_000027_000037,blowing_out_candles
aqNSkdugw1s_000025_000035,playing_accordion
fPZb1IB-U_k_000019_000029,tap_dancing
QYNrlQhP6Q0_000003_000013,mowing_lawn
dBBPr-87GQ0_000148_000158,playing_trombone
bFJvo7sbpOU_000001_000011,playing_xylophone
7s1mjXF9Rmw_000029_000039,playing_saxophone
8XQNyZ-LR3A_000175_000185,playing_trombone
CmYz9bXAvsA_000053_000063,singing
LmwGFnIkf_U_000002_000012,singing
bvr08Uj4rfw_000000_000010,tapping_guitar
VpePYQJ8V48_000009_000019,blowing_out_candles
WCz3CDrwG68_000410_000420,tap_dancing
JdRKrMZWFG8_000044_000054,stomping_grapes
GVYx_WhtH2E_000049_000059,playing_trumpet
98s9ENJ7zbo_000178_000188,playing_saxophone
fJLVrd8SsV8_000002_000012,playing_accordion
PGlZE6wlh_8_000206_000216,blowing_out_candles
CsmQTgJfD78_000000_000010,shoveling_snow
0uXp7GNsKP0_000002_000012,playing_trombone
IqmR9rUBjao_000058_000068,blowing_out_candles
JWVC0QGaUfY_000001_000011,playing_bass_guitar
eJ6uDyra_hA_000008_000018,playing_violin
RCA1KDH96ho_000151_000161,singing
U-HYHD8sv5g_000001_000011,playing_trumpet
AQLI3jFUjU4_000160_000170,singing
BOEm4U5LBv4_000185_000195,tapping_pen
BgNBfQphSzQ_000094_000104,playing_guitar
RJYjti2trA8_000019_000029,playing_saxophone
GwQg0vZDG4g_000004_000014,playing_accordion
hD3LduS5iTI_000008_000018,playing_violin
-8CTFoCnaY8_000000_000010,playing_saxophone
LsDBYAVxEqA_000025_000035,playing_clarinet
9HSCQARJwGU_000020_000030,shuffling_cards
YRUjNzYO2EA_000109_000119,playing_guitar
Gk9WRaIiwus_000017_000027,shuffling_cards
2zCQO6unYOA_000001_000011,playing_clarinet
68zJTUGf5hE_000045_000055,playing_drums
9GTlZIKK1_k_000034_000044,playing_trumpet
FvbCtTxZIAo_000000_000010,shoveling_snow
02zxom7lHXA_000003_000013,blowing_nose
-2UWP3n_05A_000360_000370,singing
FK1OFj8K15U_000002_000012,playing_guitar
Fd7GHWmspcw_000010_000020,playing_harmonica
2v392bDxTOQ_000000_000010,playing_harmonica
MvvNiLzjn6E_000073_000083,playing_bagpipes
MajWBnK_kb0_000003_000013,blowing_nose
ckWckEvsZM4_000128_000138,tap_dancing
OK_fFZiUY0U_000018_000028,dribbling_basketball
5e4IkdJ9EFc_000011_000021,playing_trumpet
HQV2a699mOA_000011_000021,blowing_out_candles
ajXzT3wVMRI_000308_000318,playing_clarinet
0vJBFSDG1ss_000189_000199,playing_drums
1-LBcSiDFag_000048_000058,playing_xylophone
-xqQ7VyJBxg_000000_000010,playing_violin
1nc-czz70X0_000154_000164,tap_dancing
5ud1zJMIkV4_000085_000095,playing_trombone
RbGBz7TmvLY_000085_000095,playing_drums
Oe9Zzot4WQM_000025_000035,playing_saxophone
1rXbDKO2MwM_000127_000137,playing_guitar
FR8ZMtIHULg_000000_000010,chopping_wood
Ehq6d6V100M_000001_000011,playing_bagpipes
ZEe9M8pm-GY_000062_000072,mowing_lawn
SImtQm0TQOY_000085_000095,singing
IOjG7GnvjW0_000038_000048,tap_dancing
MB8bcto4q1c_000027_000037,playing_accordion
2mTNlYxHU6w_000021_000031,singing
d2xJNoqFbA0_000000_000010,shoveling_snow
Bho7nFksDsk_000004_000014,playing_bass_guitar
FTqU-DYJ5hU_000040_000050,mowing_lawn
3b4KtfVpJCQ_000003_000013,tapping_guitar
_E_zz3ryPsI_000000_000010,playing_drums
ai6XE-WR8oc_000055_000065,playing_accordion
4GoEhUxWlRA_000001_000011,playing_harmonica
Bhdujrc5OeY_000128_000138,playing_organ
UKasUxLLlBc_000037_000047,playing_accordion
AVLUe5TP32w_000083_000093,shuffling_cards
3aam9O4tCBo_000060_000070,playing_xylophone
66CLAO5zaB4_000006_000016,playing_violin
M4CL8Nir0kg_000054_000064,tapping_guitar
5sXP6g9H_DQ_000046_000056,playing_organ
0fIK3FcF4vk_000011_000021,tapping_pen
QxPL-eFT-jo_000083_000093,playing_bass_guitar
RTW0APGF5pk_000066_000076,bowling
Uj4hBDOijxE_000026_000036,blowing_out_candles
buS9beS5WTI_000056_000066,tapping_guitar
Zh7wQ15twgM_000003_000013,playing_trombone
6QxMGT_w-ZE_000000_000010,tapping_pen
cm4CFQeYbGs_000020_000030,playing_trombone
IiqcRUUC9X8_000135_000145,playing_guitar
3CwGyYYbNMs_000005_000015,blowing_nose
ZlHaPkhGr_g_000175_000185,playing_harmonica
RlFHcVmXjPE_000001_000011,tapping_guitar
d2PHN6kGa2U_000069_000079,playing_violin
IQaNsvi4ihs_000004_000014,bowling
FzNa_8QugS8_000208_000218,playing_bass_guitar
GZXtHSnemRo_000080_000090,stomping_grapes
A9T71QLYZ1I_000201_000211,playing_harmonica
SDsABkgf10U_000016_000026,playing_harmonica
6Q1ZIKYpb2w_000151_000161,singing
Ofwnw_3yt4E_000001_000011,tap_dancing
FGZXZKh3dww_000170_000180,playing_guitar
a5Wy7PdaxLA_000060_000070,tap_dancing
PPNmfe372OM_000066_000076,playing_drums
hFjwbKMlmF4_000141_000151,playing_keyboard
L6ZahNKQXpk_000011_000021,playing_trombone
5iveDvRAzNM_000197_000207,mowing_lawn
3n9hbYwZZqk_000166_000176,playing_bagpipes
GbUKvw9ptvk_000015_000025,tapping_guitar
cmmd_3fah-E_000009_000019,blowing_out_candles
NzgAIuAJHW0_000071_000081,playing_accordion
OrDADTkmInU_000006_000016,bowling
eTcZWfDAz5M_000078_000088,mowing_lawn
FW9ZjIHOY1A_000021_000031,stomping_grapes
IIVnOjUJf1M_000004_000014,ripping_paper
Fj8sr74EehQ_000110_000120,singing
TjrIcf1Jj_k_000126_000136,tap_dancing
2SoL-pN-2qg_000158_000168,singing
NwG1NL5gV3U_000008_000018,tap_dancing
1LRYtnYgunk_000011_000021,playing_trombone
g4ZeGNcukZM_000000_000010,playing_bass_guitar
GwobTRnoOS8_000000_000010,playing_trombone
2GJ2xtYRKNo_000025_000035,playing_guitar
FG7HXaZKcgA_000150_000160,playing_guitar
ELR0gY1MMdU_000112_000122,tapping_guitar
PIDsGic8YjY_000046_000056,playing_xylophone
K7N6LXXKdiQ_000047_000057,laughing
fRtnLSaPMOs_000022_000032,tapping_pen
EEZHG5EZOYM_000029_000039,playing_saxophone
0_sKj7i6EFk_000011_000021,blowing_out_candles
U_pU_0G-qc8_000022_000032,playing_guitar
ErMWX--UJZ4_000000_000010,playing_guitar
ZMQayA7DByE_000013_000023,blowing_nose
-vuzfCsPHC0_000005_000015,tapping_guitar
414IO_FRKW0_000038_000048,playing_keyboard
bsy_583IauU_000510_000520,playing_clarinet
MCqWQ9MRlxc_000137_000147,mowing_lawn
HMgliBCuQz8_000006_000016,playing_harmonica
4ltoP_bx27Y_000079_000089,tap_dancing
NUeaozD1xig_000041_000051,playing_violin
AcBFvxJBn-s_000081_000091,playing_guitar
LhtnZg9Fycc_000000_000010,bowling
1o0355cVTAA_000067_000077,playing_bagpipes
NimnGpBEEvY_000065_000075,playing_bass_guitar
1effP13TOtA_000049_000059,ripping_paper
O1ZTlYIcVgw_000334_000344,tapping_guitar
N28sBKBnq1Y_000032_000042,playing_violin
0pvfJqWDHdU_000112_000122,playing_clarinet
YnyYGoOtOuc_000045_000055,playing_trumpet
-IENKCQdaVc_000054_000064,singing
ZffLl7OsKro_000023_000033,playing_trombone
ZRYpUGp7-C0_000247_000257,playing_trombone
D563_gMZubs_000092_000102,playing_keyboard
7Ll4RIUTJgI_000018_000028,shoveling_snow
MvBhv1W-Opw_000112_000122,dribbling_basketball
ZIO9iaKEu6o_000014_000024,ripping_paper
GDIBpmHzojU_000018_000028,dribbling_basketball
7x9EXRUXoWU_000018_000028,singing
CMkK49dud9A_000001_000011,playing_trumpet
SOuhAlgymqU_000446_000456,playing_guitar
XNGFi8wot8U_000131_000141,playing_harmonica
E6Ff_BOug10_000245_000255,playing_bass_guitar
G3m5HhFZW0I_000011_000021,blowing_out_candles
djtUlXXFHU0_000015_000025,dribbling_basketball
5O8Rtu5xRCU_000001_000011,singing
HwtSfk2C9AE_000048_000058,playing_guitar
_A-stRgqDk8_000007_000017,blowing_out_candles
_A0q3gP079U_000357_000367,playing_clarinet
diVQsH6sjXQ_000000_000010,bowling
9HR6Ah6ZiPg_000000_000010,playing_guitar
WUSeQruQ1T8_000043_000053,playing_violin
Ff8xYwLPXG4_000004_000014,laughing
eN_UQI9GYEs_000000_000010,playing_guitar
1g6vpPU8Z2k_000016_000026,tap_dancing
M4-OoHy5U8w_000002_000012,playing_xylophone
VEAiFz1sAVE_000206_000216,dribbling_basketball
6FnEwdBO_yc_000149_000159,tapping_guitar
7tJ5L-vKaqs_000003_000013,tickling
h28HU7AAujg_000170_000180,chopping_wood
Fa_u5D80jOs_000215_000225,playing_guitar
EecwIoU-_to_000149_000159,tap_dancing
Otc4KhZ76Ic_000075_000085,playing_drums
gjx1BmOGv24_000004_000014,playing_saxophone
MxGoVYdqdJY_000081_000091,playing_violin
XoSLUJz7kR8_000002_000012,dribbling_basketball
Lcmb4RplClQ_000033_000043,playing_guitar
YQ3MoLBujc8_000203_000213,dribbling_basketball
09pVvvITA-o_000003_000013,shoveling_snow
GKntJHEySBQ_000155_000165,singing
CdbVhBQMnG8_000000_000010,playing_accordion
7Q4fuo_hQZw_000173_000183,playing_accordion
GECh2nsFyAo_000199_000209,playing_guitar
94pb_k0x8Ok_000001_000011,bowling
AfARC4cgXok_000006_000016,bowling
MhAqOiOGQoE_000054_000064,playing_bagpipes
ZEIrOgvMre4_000065_000075,playing_organ
-N4G4FQ2s3U_000169_000179,bowling
YQyeVqc5eo8_000218_000228,playing_guitar
UTVJYZ1ONus_000116_000126,stomping_grapes
SVSJHz4VOvQ_000016_000026,tickling
624WhK8Hr-Y_000032_000042,chopping_wood
MheJaIssrIA_000008_000018,ripping_paper
9GGLASaMUyc_000016_000026,playing_organ
a2LLZyGSLYM_000304_000314,laughing
ODj8fyd-KJw_000099_000109,playing_organ
TOtvj9CLKz4_000034_000044,playing_bagpipes
5AeHhG6SZBY_000097_000107,tapping_pen
OYRlsEINGHo_000081_000091,playing_trombone
bFobR1O3G1g_000125_000135,tickling
gj-I9q9IMzs_000017_000027,chopping_wood
caIy1Iq7xc4_000115_000125,playing_harmonica
PRbLDDyX2mk_000100_000110,blowing_nose
BLHP0PSnyrE_000002_000012,playing_bagpipes
eFXxHMtGlbQ_000077_000087,shoveling_snow
B37F2r1cDWc_000028_000038,playing_bagpipes
L528KcH7hxQ_000024_000034,playing_guitar
ZChYffzWIDg_000003_000013,playing_piano
TBo0xhGHaYE_000102_000112,singing
SsKUBXUsEKU_000194_000204,mowing_lawn
I6Fgu0UH4lk_000009_000019,bowling
g1qg9myFCqw_000167_000177,playing_drums
LMxX4mMSVgc_000008_000018,playing_harmonica
0W_LkZt4ae0_000002_000012,playing_xylophone
WfJ_VM1sHTE_000053_000063,blowing_out_candles
KIhCrqP2dVY_000150_000160,playing_bass_guitar
HZZX8GJ5IEQ_000084_000094,playing_clarinet
W_stX07SjrM_000016_000026,blowing_out_candles
4X7M6LOwz8k_000097_000107,tap_dancing
3LFGHTyXEKw_000068_000078,tapping_guitar
FFWOLu6bGos_000543_000553,shoveling_snow
gYuyp75Hj3A_000282_000292,playing_trombone
AUKVIRQTMZw_000101_000111,singing
Fp6e9WfoaSM_000116_000126,playing_piano
5HVD5DyWXA0_000000_000010,playing_trombone
dgZFOYp5C0I_000224_000234,tapping_pen
IR9iwJ0JEiQ_000075_000085,shuffling_cards
9r9UOxMwOSo_000014_000024,shoveling_snow
I2Lu-VH8kfw_000001_000011,playing_bagpipes
Bni0GCctr9M_000002_000012,playing_harmonica
ZWIWeVfwy3A_000045_000055,shoveling_snow
MPW-geOjDG4_000053_000063,tap_dancing
O05iHkPbMZ8_000053_000063,laughing
EGcerw-FgzE_000351_000361,playing_clarinet
arCGR8QnSxU_000073_000083,singing
bf65wffrbx0_000163_000173,tap_dancing
87b955JWmX8_000002_000012,playing_accordion
Qt8WdibmczE_000002_000012,chopping_wood
XPcYyqvdFbk_000192_000202,playing_bass_guitar
C_IyJNmAzZM_000013_000023,playing_keyboard
fUp3aOpCmiE_000070_000080,tapping_pen
d9uOX6-SKMk_000115_000125,playing_trombone
fmVCFCVF3U4_000115_000125,playing_organ
SHfzOULymz4_000312_000322,playing_piano
GkthWKSYmwc_000185_000195,playing_xylophone
Im9PuLYoqB8_000001_000011,blowing_out_candles
brVoJybW3oE_000004_000014,playing_organ
3XTFuXZjabg_000002_000012,blowing_out_candles
JN2SQ4m7M04_000463_000473,playing_violin
U88m2B5bDWw_000046_000056,playing_accordion
aZ7Qfg_h8Xk_000036_000046,tapping_guitar
XEeQN7K8-5A_000004_000014,dribbling_basketball
2yf7zMlkiZE_000005_000015,bowling
HgCwT2Nn66E_000004_000014,dribbling_basketball
giY092xl2OE_000094_000104,shuffling_cards
ghfa4OnVIWA_000021_000031,chopping_wood
ESwYjnbygZM_000069_000079,dribbling_basketball
2-LIAzmLEJ0_000024_000034,playing_violin
Y3ErDt6N0-0_000036_000046,playing_saxophone
QmnCpFTpLd8_000160_000170,singing
5qjCEi0PB4M_000117_000127,playing_bagpipes
WbjeInAtqPs_000029_000039,tickling
aCacl2cZNzU_000018_000028,dribbling_basketball
fOumEB6uqRU_000096_000106,playing_trombone
Pc7QeY50PGU_000002_000012,laughing
2VO41l31-RM_000037_000047,laughing
5h-FvUh6NKw_000025_000035,playing_trombone
dqChTpIZbHA_000004_000014,playing_xylophone
Io1mMWALQrM_000047_000057,singing
K_Kd_76EoT0_000008_000018,playing_bass_guitar
15gUABtgW4Q_000013_000023,playing_bagpipes
C2j6AOmDZOQ_000004_000014,dribbling_basketball
2NAevYhdB18_000029_000039,playing_harmonica
1DvaZNMuXss_000110_000120,playing_drums
XAb9knvsMVs_000025_000035,bowling
6igwiWY9sOY_000016_000026,bowling
-m2WZLslIqw_000125_000135,tap_dancing
EyVCvGAxQ9E_000019_000029,chopping_wood
HciLdkOW9Rk_000239_000249,bowling
XahnbNwaPZc_000028_000038,stomping_grapes
XJf5ZBhuXwo_000008_000018,playing_accordion
Fj14uxSTaio_000016_000026,ripping_paper
ctpFgOSVlXU_000004_000014,playing_trumpet
DkSGMH0g-vo_000390_000400,tapping_guitar
3OJ-3oE2BSI_000001_000011,playing_keyboard
DrtzizI_4uM_000068_000078,tap_dancing
BHl2GzzDOzc_000194_000204,playing_trombone
grMUIjWg7ks_000003_000013,playing_trombone
LfzLUSknAd8_000046_000056,playing_saxophone
5zEMK58hwq0_000084_000094,playing_bass_guitar
DX9xXn0I-Rs_000017_000027,mowing_lawn
MRQVVhZHOuc_000012_000022,tapping_guitar
HQ7onFDwkjc_000091_000101,playing_bass_guitar
787iDRk38AM_000069_000079,shuffling_cards
HwzsTKiYL1g_000004_000014,playing_trombone
PK0zTjBlGxU_000032_000042,playing_bagpipes
QWgOJkM1VTs_000018_000028,playing_trombone
-yNGuu-nuiI_000037_000047,shuffling_cards
3LMAqViLvn8_000000_000010,bowling
cvag_jWZy_g_000000_000010,dribbling_basketball
6tAxZ4QlReM_000121_000131,playing_piano
J8_1OkQSs8c_000011_000021,tap_dancing
8OmtpRes8v4_000000_000010,singing
A1ufGwNWpu8_000157_000167,laughing
7o7hL0VccJQ_000076_000086,playing_bagpipes
HZ7FXKhWac0_000203_000213,playing_clarinet
DlqqE_4xe4E_000108_000118,playing_bass_guitar
BB_53FEVtIg_000040_000050,laughing
CB0yYGVNcOk_000038_000048,playing_saxophone
AnhUzB8OocQ_000750_000760,playing_clarinet
QafpN87BeMg_000006_000016,bowling
-LMCI_EBJvc_000409_000419,playing_harmonica
IfiAeg5elK4_000123_000133,playing_accordion
PoYyHytiF5A_000034_000044,tickling
88YhXYj8aD0_000003_000013,playing_trumpet
0UXvV5iS_eg_000229_000239,playing_guitar
XwAuegDAXWM_000055_000065,bowling
Sp0Mz7EJjps_000000_000010,playing_trombone
Xg2dTsfaPcc_000002_000012,playing_keyboard
J8IK9HUYo9w_000071_000081,blowing_nose
Cs5wMYMVIZU_000022_000032,bowling
Por5v0MAZvo_000145_000155,shuffling_cards
O9WAPfgOrUo_000105_000115,playing_trombone
QrXYpuLKdLY_000119_000129,tapping_guitar
OgXZM3rXcQk_000012_000022,tap_dancing
OOm9j5yH0h8_000194_000204,playing_drums
XlxKMyN1ioM_000013_000023,shoveling_snow
NdipUtT1dvY_000073_000083,playing_trombone
BGvox56jGL4_000057_000067,shuffling_cards
5ViMV2d1yZ4_000053_000063,playing_trumpet
_Q7r2VyL7Xs_000000_000010,bowling
EdUQmaqYecE_000034_000044,bowling
CTVaXABOopc_000085_000095,tapping_guitar
181dlOYLsl4_000038_000048,blowing_nose
CGLBefHS7Ac_000000_000010,playing_violin
Q2HhI1sRPh4_000001_000011,dribbling_basketball
6VM2NtJJcaQ_000011_000021,playing_xylophone
Ig41PLXylBU_000120_000130,playing_bass_guitar
I-MNS83Ni-g_000196_000206,dribbling_basketball
WD7-sjA5UcE_000035_000045,tapping_pen
RH_CWnSfLJw_000049_000059,playing_bagpipes
ef5PdLRMxxs_000002_000012,playing_violin
SF_kcpyJNoU_000133_000143,playing_guitar
VotFmUr2NWc_000180_000190,playing_accordion
19lICDKvMIQ_000027_000037,playing_saxophone
GXBTwKMwVZg_000020_000030,playing_trombone
Y3_CukVqS68_000124_000134,mowing_lawn
DuWUaA88vog_000050_000060,playing_guitar
NZnm3yGbE48_000031_000041,playing_saxophone
N5e9NeZSvPM_000021_000031,dribbling_basketball
Gs5OnRuyWCk_000031_000041,playing_clarinet
BX2fgPW0fn8_000084_000094,bowling
DbvOtt6k82I_000413_000423,playing_bass_guitar
ZWk6JsoR5M0_000069_000079,bowling
dghB1R4rKfQ_000015_000025,mowing_lawn
gA30RpYbsHs_000097_000107,playing_organ
Dp7Ymj7JSkg_000069_000079,shoveling_snow
D3YGE3nJDQc_000078_000088,playing_bass_guitar
Qlze2SF7R0c_000141_000151,tapping_pen
SHTh_ewgLsY_000059_000069,playing_trombone
ByF0qwR_kPE_000018_000028,playing_xylophone
NMbeGHEk2tA_000005_000015,blowing_out_candles
5GM3_Dtf_xc_000200_000210,playing_organ
HVy64d4Wen8_000000_000010,playing_keyboard
aWl2ZFEshYo_000078_000088,singing
BrZdQoWk0g8_000024_000034,mowing_lawn
NYeesDBku1U_000003_000013,tickling
-FegJMpQ2DE_000063_000073,dribbling_basketball
de2DSdPJJuk_000215_000225,playing_saxophone
A6A_PcyU7aQ_000031_000041,playing_trumpet
SiGGFZP5dd8_000072_000082,playing_guitar
4vnmdbj9H_g_000202_000212,playing_piano
XBcrXeWIeNI_000258_000268,playing_guitar
990jSIRddkc_000101_000111,playing_clarinet
AhAN1ZdKSqo_000336_000346,playing_guitar
NEUoY7CrbcI_000004_000014,shoveling_snow
DErgu154s88_000198_000208,tapping_pen
A5hN5Pc1RJU_000003_000013,playing_violin
fKDl_CnA8nY_000049_000059,playing_saxophone
Ao0-8D-pBr8_000203_000213,shuffling_cards
NZXQdvhApi0_000058_000068,playing_clarinet
Wm_ipxestXc_000146_000156,singing
A808QjCJw20_000143_000153,playing_trombone
LsNIhR0b3_0_000026_000036,chopping_wood
_HFwxNljAHo_000011_000021,chopping_wood
IweNwVEThNY_000091_000101,stomping_grapes
AqOgS4i5u0A_000027_000037,playing_trumpet
OYOWq0nOUAM_000027_000037,chopping_wood
9wStFB4bg_Y_000035_000045,playing_harmonica
TqjDU6c9Gd0_000174_000184,playing_violin
FN_HY-HoHDc_000002_000012,mowing_lawn
QXQJWqNhky8_000079_000089,playing_keyboard
dk6I2Emn61E_000015_000025,playing_xylophone
Nk76Q94RarQ_000165_000175,playing_bass_guitar
AQqNK8QNuf0_000182_000192,playing_bass_guitar
FlIW99I6MlA_000148_000158,tapping_guitar
BaV2I49tzVA_000170_000180,playing_trumpet
LNgwQ8fypt0_000002_000012,playing_trombone
XR5qa2SCF8I_000008_000018,bowling
2mk6JIUcVj8_000509_000519,stomping_grapes
fqJce-1ERVk_000002_000012,mowing_lawn
FX55IIIS3q0_000033_000043,playing_harmonica
Zlp-OdmLBCw_000012_000022,playing_organ
-MfVZopgATw_000139_000149,playing_guitar
Ws7pTCldw5A_000065_000075,playing_bagpipes
2KoFk1Zb0b8_000035_000045,shoveling_snow
Z6_b2dcY36w_000097_000107,dribbling_basketball
fM0EkVZVwSI_000021_000031,playing_accordion
ZkgXXifgfWg_000014_000024,playing_harmonica
R0d9nARq2bE_000157_000167,playing_clarinet
9y9IfbfA7uQ_000032_000042,playing_bass_guitar
KEe83VM2t9E_000048_000058,playing_saxophone
8ZIFP0R-uOI_000002_000012,mowing_lawn
W3I8jeLopWA_000188_000198,chopping_wood
_AJTZMh6fkc_000040_000050,playing_xylophone
DKHnRqcEbi8_000073_000083,dribbling_basketball
3uHBJQbqzn4_001237_001247,playing_violin
h2hL9a5i1Po_000004_000014,dribbling_basketball
BKCTZFhhDKA_000000_000010,shuffling_cards
VwXnPwv4Ho0_000094_000104,playing_trumpet
XgTGiMNetCQ_000002_000012,mowing_lawn
Z0O2r0Dl2T4_000134_000144,playing_trumpet
cFuaBtqY3LU_000182_000192,playing_guitar
AORC-QChH3M_000089_000099,playing_keyboard
ZWkglTy-qZM_000164_000174,bowling
9fTmpJlHb3c_000012_000022,blowing_out_candles
96MHfz4tXHs_000540_000550,playing_clarinet
H1azEaVGXyo_000014_000024,blowing_out_candles
7THR_yS3PLA_000163_000173,blowing_nose
_xvSniyU3gk_000013_000023,mowing_lawn
9NtD5U_EZvc_000028_000038,tickling
E7o43HtwZIA_000014_000024,playing_keyboard
PtPZqeKMwHA_000070_000080,laughing
AIxPAWrEEqs_000005_000015,playing_bass_guitar
5EStSWCVbPE_000013_000023,playing_xylophone
MYWnPFGvxwQ_000039_000049,mowing_lawn
SGHHV-tpc_Y_000065_000075,playing_violin
6ZnPh97Uj4M_000240_000250,playing_clarinet
XDjwjwTwQyM_000005_000015,playing_trumpet
1wu2BUPd5ic_000098_000108,playing_trombone
8YL635z_voU_000028_000038,shuffling_cards
ckNAWbCvALc_000017_000027,chopping_wood
DRCoIocCLYA_000280_000290,playing_violin
eaetekJREWA_000010_000020,tickling
ewcbcyBRoF8_000128_000138,tap_dancing
0V-vPFLaEcU_000009_000019,playing_piano
hK5oL2hxoxE_000066_000076,tapping_pen
8nRyq9LtlQo_000064_000074,playing_bass_guitar
RFbWkL818XQ_000127_000137,playing_guitar
6sHHdIWDmnk_000145_000155,playing_guitar
KaXlfjtt1cE_000012_000022,tapping_pen
Yb-k-dfIPgo_000038_000048,blowing_out_candles
TY-cyX-RubA_000003_000013,playing_xylophone
9dD1zzS9zoo_000029_000039,singing
C9Wsy_qH94Y_000024_000034,chopping_wood
NkmLeArSzJ0_000074_000084,shuffling_cards
-I9D8V2YNds_000424_000434,playing_clarinet
PoZjxtmt7Hw_000010_000020,dribbling_basketball
U7N6a7LuQjU_000000_000010,chopping_wood
89H38AaSQ1Y_000041_000051,playing_trumpet
HAYxSMm1fTo_000084_000094,playing_keyboard
AO2CeOhx2ss_000010_000020,shoveling_snow
TcE8ob-2Mks_000003_000013,playing_saxophone
GExKSt1tZnU_000046_000056,blowing_nose
J3P9fvHvekw_000036_000046,playing_trombone
RP_jjpaySWo_000007_000017,bowling
YiTvtvIW-MU_000148_000158,tapping_guitar
7Qx0lODLQHk_000021_000031,ripping_paper
dBbLTTufxwY_000133_000143,playing_keyboard
UdD9ALPc_ts_000002_000012,playing_clarinet
auVOWTaA3Xk_000011_000021,chopping_wood
47RtNFeyrJM_000003_000013,playing_bass_guitar
AddlRvxbdqY_000017_000027,playing_organ
DrMKAo_0HgE_000065_000075,tapping_guitar
EkM4eBZPfFk_000002_000012,bowling
9G3eiw39o9A_000004_000014,playing_harmonica
6pStZIzJOMA_000335_000345,tickling
dK3BT5p05aQ_000063_000073,bowling
AltRFS_Kfcw_000017_000027,playing_accordion
2v_Qv8CaIhk_000002_000012,playing_trumpet
gKCj1PW9bSU_000006_000016,blowing_out_candles
2rJnl7RipDk_000010_000020,playing_trumpet
R4LUQ6f9_Fo_000057_000067,playing_bagpipes
Pb7edxOGuDU_000035_000045,tapping_guitar
JRsHA2n1LFU_000053_000063,shuffling_cards
VCPvefhwvMI_000056_000066,singing
ZMhUqzRpDVo_000308_000318,playing_organ
_RnPfM-OMXw_000039_000049,playing_drums
LRct9vG536o_000000_000010,mowing_lawn
2eq3JIfIwn4_000000_000010,ripping_paper
dPqjeEBfLMo_000003_000013,ripping_paper
4jmv1XpnR90_000079_000089,laughing
ZpNo0nEkvpg_000002_000012,playing_keyboard
0hhdwUcurPY_000123_000133,singing
FoL-p6UQckA_000068_000078,playing_xylophone
FTE_8R6g7KM_000023_000033,singing
PLSQOYxLTps_000046_000056,playing_trombone
7hiL6fV-Vr4_000015_000025,playing_bagpipes
Qo9le5bIHHg_000000_000010,dribbling_basketball
JgFaxVoVgmo_000198_000208,playing_clarinet
IT0VMo997k4_000042_000052,playing_keyboard
Ny5R-iR7Bag_000867_000877,playing_organ
JYx5s-LZZag_000000_000010,dribbling_basketball
M_nh0kryBlQ_000029_000039,playing_accordion
1vGzOofS2Mk_000113_000123,singing
EKLHq_12VkQ_000001_000011,playing_drums
cOn-nw2f8_o_000015_000025,tapping_guitar
9f6jlC-2AEQ_000014_000024,playing_trombone
Sd6Ga1ajFaY_000528_000538,shuffling_cards
ayXlqebJ9eY_000270_000280,playing_violin
AbWswdzNw4c_000140_000150,playing_violin
MNSRrXN1qRE_000240_000250,playing_saxophone
1eNKBJarmnM_000041_000051,shoveling_snow
DJrGe7Rf7Vk_000090_000100,playing_trombone
7dcBEtZeTlg_000001_000011,playing_violin
XuK56xQWkT8_000044_000054,playing_trumpet
cIyHROObEt0_000028_000038,blowing_nose
EAwLvd3_eck_000003_000013,playing_xylophone
g2TpkuI09cs_000054_000064,playing_bass_guitar
cu0DsDuOi5g_000002_000012,playing_violin
K9S4YRXaiMM_000069_000079,playing_piano
cL_vuZbwt2Y_000020_000030,laughing
H1gOgy5rYr4_000000_000010,playing_trombone
HgRNTAktAKw_000066_000076,playing_harmonica
17ivLGFukBc_000000_000010,playing_violin
G1ArwOvBTLY_000027_000037,ripping_paper
cvM3OopdB24_000051_000061,playing_organ
Radoxxs_zP4_000003_000013,playing_organ
VarbZUiuzDs_000053_000063,bowling
GanMDOfzRrM_000036_000046,playing_drums
dGeKZQzfcpk_000003_000013,bowling
gy4Fgs4sPIg_000008_000018,shuffling_cards
N8dwp-xsLQQ_000044_000054,playing_clarinet
acJOC2a9Cus_000001_000011,playing_keyboard
g3f9WrUFiNM_000003_000013,playing_piano
IokZYo-LzlI_000004_000014,bowling
bAot0WN_aQA_000047_000057,tickling
E9czDLqMfn8_000018_000028,tap_dancing
GaMB3m-quHI_000089_000099,playing_drums
JYuOZnAqQCY_000082_000092,playing_xylophone
aH5wZlXjrSg_000000_000010,playing_organ
82EtiBkAsPg_000027_000037,playing_bagpipes
QGAwN2MiE-w_000197_000207,tapping_pen
XpCBfGwXzjg_000335_000345,playing_trumpet
UkED29J-aw4_000051_000061,tap_dancing
38rbY-5QPp4_000037_000047,blowing_out_candles
TdjMCK4AghU_000098_000108,playing_xylophone
fI8qv6vPPIw_000096_000106,playing_trombone
Etz-Xo8Ubfo_000000_000010,tapping_guitar
5I73EgPQu5c_000016_000026,blowing_nose
9rkpOVJ_uoI_000099_000109,stomping_grapes
cQKASf9zNGc_000002_000012,shoveling_snow
9YL5RM_hcrc_000019_000029,tapping_guitar
AzdvxxO5Txk_000002_000012,shoveling_snow
ChO2FCy0oTQ_000016_000026,tapping_guitar
Xv2FP0XKOQk_000002_000012,bowling
J-tqHZl_vQU_000067_000077,playing_piano
0wX2bwUELps_000018_000028,playing_clarinet
FYaWscvGSaM_000358_000368,dribbling_basketball
DL8e_Iaeuh8_000002_000012,shuffling_cards
ajcfFf7YVaM_000188_000198,playing_guitar
1t8VusqSg9M_000158_000168,singing
Pz7vZ_6VYlU_000087_000097,playing_trumpet
a_bxRttgH_k_000004_000014,shoveling_snow
afHF_CYzVDk_000193_000203,playing_trombone
9enPv_pKXK4_000021_000031,playing_clarinet
1n5s_SDpGGc_000070_000080,tapping_pen
cWhyMlyAmN4_000242_000252,playing_drums
2OgT21gxanA_000097_000107,playing_drums
Dmx6VOuUf4c_000006_000016,bowling
c5bI8v3Q9bg_000053_000063,playing_xylophone
8Gc6uqNNPa4_000107_000117,playing_violin
_G_E57HKsvI_000018_000028,shoveling_snow
6_0dkz1mg48_000000_000010,ripping_paper
NOKNLrUs6l8_000232_000242,tickling
KRF98J1UVNA_000091_000101,playing_drums
AzkLlcoieF8_000299_000309,tap_dancing
Vr90LXkBXt4_000253_000263,playing_clarinet
RI_DK1TC9M0_000002_000012,shoveling_snow
YO2_p0exIts_000010_000020,bowling
a7a-kmir4x4_000034_000044,playing_violin
WUOe-rdsBlY_000095_000105,playing_trumpet
-q2eiIMIdPY_000076_000086,shuffling_cards
cvxc6ZTFUKo_000010_000020,playing_drums
AmK7CAJZr-E_000006_000016,playing_trombone
7b6L4_55OiI_000110_000120,chopping_wood
LL12tMufPfo_000149_000159,chopping_wood
KnQzldaSEME_000021_000031,mowing_lawn
ffxQFpqzEOk_000017_000027,shoveling_snow
7nJHm0mzejg_000000_000010,playing_trombone
baaPf4SyFm4_000144_000154,playing_violin
aaHKzshQQzc_000013_000023,playing_bagpipes
aGyuo1rdweM_000038_000048,dribbling_basketball
9Iw55kHkpXs_000001_000011,playing_harmonica
eL464-gL4s4_000002_000012,playing_piano
5sMVNX2__II_000570_000580,dribbling_basketball
Y4FEb26Af48_000001_000011,bowling
LegCQ9AK4rk_000000_000010,laughing
RUaVfCbC-wY_000257_000267,bowling
2mJltvn4J-k_000033_000043,playing_trombone
4teWkojksNA_000030_000040,playing_saxophone
Wx-JOzwNamU_000087_000097,playing_bagpipes
BDFR1EfU4kU_000001_000011,blowing_out_candles
PAFpT_CqhnE_000008_000018,playing_trumpet
IMI4ihsU04Y_000022_000032,playing_saxophone
PtAIOYGA3Bg_000008_000018,singing
YmQ8DwUQGqA_000003_000013,shuffling_cards
GNt0S76-ihQ_000000_000010,laughing
O6oxvYwJPJE_000004_000014,bowling
Aq4qCa3RmyE_000205_000215,stomping_grapes
SyoMvTgetGg_001381_001391,playing_violin
ZrDsJIY71WU_000003_000013,playing_accordion
GhDkVe-qyPk_000149_000159,playing_accordion
gtQTgb_TClw_000002_000012,tickling
dqGQRhg31pk_000128_000138,chopping_wood
SHvECSuAVcs_000143_000153,blowing_out_candles
XgxQlRn8kP4_000226_000236,tapping_guitar
DbPI8VQkjMc_000002_000012,playing_xylophone
PSRMXVcdFYw_000005_000015,tapping_guitar
TF5dJxMJk8c_000010_000020,playing_accordion
I6NlPLR724o_000103_000113,singing
18cSSXlQLVY_000015_000025,playing_trombone
CjNJoNLzmwI_000117_000127,playing_guitar
JPu2XQ7X5wI_000001_000011,playing_guitar
G2JSMlu8uYU_000081_000091,playing_accordion
IAZIAUY_UUs_000020_000030,dribbling_basketball
H2_f9E51ygQ_000104_000114,shoveling_snow
dBxrEMPB1uk_000042_000052,laughing
JchD4Tuq6tI_000003_000013,playing_saxophone
7phNAPITvdM_000060_000070,blowing_out_candles
fv3BRCxnY2w_000003_000013,blowing_nose
S9mGMQ-Owrc_000004_000014,playing_guitar
ElvX1oVC3LM_000039_000049,playing_trumpet
elPtkXvEbmg_000000_000010,bowling
OVN1PNSIMhQ_000320_000330,playing_trombone
R1pT-5HdDgc_000012_000022,blowing_out_candles
K8w6mpKETck_000028_000038,shuffling_cards
F4nBKhvuIb8_000010_000020,playing_guitar
EBPrWmU6Hr4_000000_000010,mowing_lawn
RoVAuP5Af0c_000032_000042,shoveling_snow
RZCFsP5Li2U_000005_000015,playing_xylophone
OpaEvG_u-00_000044_000054,mowing_lawn
fJCzJoB0thU_000035_000045,playing_drums
9IRGPCxBIyw_000021_000031,playing_saxophone
A99UOy0jnOY_000001_000011,playing_trumpet
1KT-K5hrhcA_000162_000172,playing_harmonica
X8Hy7fa5aVc_000099_000109,playing_trumpet
98cDj93FKTA_000308_000318,playing_bass_guitar
1r9Xki73-FM_000000_000010,playing_bagpipes
0QD0fXAMdqQ_000048_000058,chopping_wood
WCG4HJidevQ_000131_000141,shuffling_cards
LorMqSLTguo_000326_000336,playing_drums
N3JLdSbeB_U_000305_000315,playing_drums
-o4930F56oo_000143_000153,playing_drums
2SrUusfAWBw_000164_000174,singing
0QY1M36Tc40_000040_000050,playing_trombone
A_eIHzWki7I_000091_000101,shuffling_cards
CtqHV_ulybw_000121_000131,playing_bass_guitar
8-Smxcrn30k_000005_000015,playing_guitar
L_iu3jo8XU4_000047_000057,playing_harmonica
dicr44IB4mI_000004_000014,playing_trumpet
7J1U2t88rVw_000108_000118,playing_trombone
0xQQKj-oERU_000283_000293,playing_drums
gWzYpY8m2y8_000024_000034,shuffling_cards
5UU_YPALus0_000060_000070,tapping_guitar
Dm9xEntwnAg_000001_000011,blowing_nose
UbVQrxTT2i0_000015_000025,tickling
JHyNdQAu2sg_000131_000141,tapping_pen
Xwfi-2skV08_000009_000019,playing_trombone
2iFyzr3f06M_000015_000025,mowing_lawn
6HC5ZH-CLwU_000000_000010,playing_violin
7ULpmsYGH4g_000024_000034,ripping_paper
bYYXjALIkQs_000015_000025,shoveling_snow
YJuCIjCMYUQ_000005_000015,mowing_lawn
OLpWTpTC4P8_000057_000067,playing_trombone
XOiLm4LU2c0_000003_000013,tapping_guitar
Zp6OB2GMXpE_000348_000358,playing_keyboard
CCpxFZOmTPw_000206_000216,playing_bass_guitar
ejr4M4Hj_bc_000056_000066,playing_guitar
Ew0YnhQ7CD0_000097_000107,playing_bagpipes
-SUchzC0pBQ_000001_000011,mowing_lawn
24nBh-zzpsQ_000042_000052,playing_piano
6LrGsHMT2wM_000002_000012,playing_piano
gXfh_USNnJk_000101_000111,tapping_guitar
MZ9PmFGVN70_000011_000021,mowing_lawn
PaFs63RfOiU_000277_000287,playing_piano
OhNZbe-1NME_000102_000112,singing
G2mm7esathg_000053_000063,playing_trombone
WUXh-l_34ig_000003_000013,playing_bagpipes
IWOeqpDc6HE_000038_000048,mowing_lawn
7UqN6tTrF84_000087_000097,playing_saxophone
CgyWIhyaiSM_000061_000071,playing_bass_guitar
glfbTNOF44s_000183_000193,tapping_pen
YLMmy4en19I_000094_000104,playing_drums
P0ygLozQ7MA_000047_000057,tapping_guitar
QfDPfqu9pC8_000101_000111,playing_trombone
7WXQptoc21E_000014_000024,shoveling_snow
Xi-g0OVCCGU_000003_000013,playing_saxophone
eBVDpMsRXck_000059_000069,playing_drums
FGcE0idhlD8_000004_000014,playing_bagpipes
S-0wg29YH6Q_000012_000022,mowing_lawn
eSfnKX_LOLA_000150_000160,playing_drums
DqjyTkS-_OM_000015_000025,stomping_grapes
-czkueqmw4w_000042_000052,playing_harmonica
7KqgWfut6Ic_000147_000157,laughing
Hph_P57-8jE_000118_000128,dribbling_basketball
FmV3uKD12yQ_000229_000239,playing_clarinet
W0g25YUJbkA_000302_000312,chopping_wood
foK0wWrFjcg_000066_000076,playing_bagpipes
YApjDoBwszA_000257_000267,playing_bass_guitar
0Jm1eeKPbyk_000001_000011,playing_harmonica
LUyas9vxo_o_000016_000026,blowing_out_candles
g7aurKScnYM_000059_000069,playing_keyboard
YnExl0ZgHis_000032_000042,chopping_wood
fvT41qr8nMA_000008_000018,bowling
L3Xnioeqxvw_000004_000014,playing_accordion
EEe07XIObpk_000032_000042,playing_accordion
gHYNYAHrQBM_000006_000016,blowing_out_candles
GQfxp4Ms2-I_000014_000024,playing_accordion
0EsIDu_8y6o_000311_000321,playing_drums
hAypk2CLcGk_000003_000013,stomping_grapes
-8p7pwxhob8_000002_000012,playing_harmonica
VgrY0fNDi_8_000000_000010,playing_accordion
fPRJyGcA8kA_000035_000045,chopping_wood
KtN6NW0tzeM_000016_000026,playing_xylophone
fqN42j6xZTE_000512_000522,shoveling_snow
9D4wwwPLOx8_000006_000016,playing_trumpet
Ax1T-hJ8kk4_000010_000020,playing_accordion
00oaZubetUo_000161_000171,playing_trombone
fMBqvbXjgmc_000006_000016,ripping_paper
_l0da5E5kl0_000160_000170,playing_violin
2VvBXmYVGjg_000024_000034,playing_accordion
afFnsnYC7wE_000326_000336,playing_trumpet
NeDmaXBC8nM_000097_000107,playing_trumpet
JjDXm1JUNo0_000007_000017,stomping_grapes
g7E4NFbPPO0_000227_000237,playing_violin
dAJYZVRiMGw_000188_000198,bowling
IPehEfMBLM0_000068_000078,chopping_wood
VkEkg6LXwdA_000000_000010,stomping_grapes
7h_rIZHGDgI_000008_000018,bowling
XLkJ1s5Jfuo_000015_000025,playing_harmonica
7GqeJCPbbf0_000004_000014,laughing
CTiYaTeCHak_000055_000065,mowing_lawn
L7Pi1SHOJrw_000128_000138,bowling
HX_ud3136BA_000000_000010,dribbling_basketball
ZyBh71lR9Ew_000004_000014,bowling
MJU1X0n-t-8_000000_000010,bowling
81nyWa9TZIo_000001_000011,blowing_nose
3xo20__aIt8_000019_000029,playing_violin
aZ1PcTdyXCI_000101_000111,playing_violin
aKfaNgdThCg_000045_000055,mowing_lawn
Lqt0q4fyE_I_000054_000064,playing_bagpipes
BWTQThKl96k_000015_000025,playing_piano
J9H7ddeBExw_000927_000937,playing_bass_guitar
bR07Nu9mFrI_000029_000039,playing_trombone
C3TEPiiMKw0_000004_000014,playing_clarinet
fKcyCzkfqhk_000223_000233,playing_organ
1WzdUAg2UxY_000069_000079,playing_saxophone
M6R1uIIfA4A_000001_000011,bowling
bc0gfCdsw6Y_000068_000078,mowing_lawn
S00XRV7S_Mw_000192_000202,playing_guitar
P3uqMD27vfs_000179_000189,playing_keyboard
RDNEfoEFm6s_000037_000047,playing_trumpet
X0xHw-6tAW4_000075_000085,playing_violin
elXhg08Z1AA_000100_000110,playing_drums
Rh2WbakUK7Y_000010_000020,playing_harmonica
bJ3V2TbPRwE_000076_000086,playing_guitar
OanA-rxqLRw_000023_000033,blowing_out_candles
fv3_IShcfP8_000007_000017,playing_saxophone
74vYh3_x1pQ_000004_000014,playing_harmonica
JwW5HkBRFKc_000075_000085,playing_keyboard
AkPXFMX3k1k_000011_000021,shoveling_snow
g1LMj8hJLtA_000111_000121,playing_accordion
ZlZ7vXLcNZk_000067_000077,shuffling_cards
LB_xW0Q-koA_000121_000131,playing_harmonica
BqAP4-08qM8_000082_000092,tap_dancing
Ru4d3z3FxAU_000021_000031,playing_xylophone
XGEFz3ASZxQ_000037_000047,chopping_wood
6I1Q_IsPZSM_000026_000036,playing_trombone
-sXb-urx3Y0_000150_000160,playing_clarinet
H-3HWVSqrLE_000012_000022,shoveling_snow
7MmlNo7iojw_000041_000051,playing_bass_guitar
Khxa5Ey3udM_000083_000093,mowing_lawn
GszaZBfLP4c_000003_000013,playing_accordion
QD2HW0EsU20_000004_000014,playing_harmonica
I0aHetPN2Jo_000015_000025,playing_accordion
WxMXeGrjEto_000008_000018,bowling
KtEjv1iuRfc_000278_000288,singing
28eIdF2e1SA_000053_000063,playing_trombone
EFVkN6zUta0_000582_000592,playing_clarinet
hGdm14xANBY_000127_000137,playing_drums
9FUbczQBBeA_000252_000262,playing_piano
d7UQm8a5tUA_000001_000011,playing_harmonica
DgplTU4epu4_000003_000013,mowing_lawn
3JPLGE_Hq2Y_000081_000091,playing_violin
KJEb6O-cjhU_000193_000203,dribbling_basketball
CkV27fhk8vo_000219_000229,playing_guitar
F0fbp3guOms_000105_000115,playing_harmonica
d2wYJfbCkaQ_000005_000015,chopping_wood
_JHk0-X01LI_000024_000034,playing_violin
-rVMqgJiRF0_000030_000040,singing
YZR_Fs3EWas_000074_000084,stomping_grapes
6XRB9N1DwgI_000161_000171,shuffling_cards
VC9Zj1xf_Zc_000006_000016,ripping_paper
0mTi_gr0e_Q_000128_000138,tap_dancing
8PjFtOt5fs0_000019_000029,playing_trombone
J5nrokD2aVw_000016_000026,playing_guitar
LT-wd0FV2Ao_000075_000085,singing
MheM9luedGg_000048_000058,playing_guitar
J9zU7XtQq-w_000047_000057,playing_keyboard
RA_QvbcoJLY_000032_000042,blowing_out_candles
Si6dOdf8pnw_000000_000010,ripping_paper
DqjbAI-3tlU_000018_000028,playing_trombone
4T1yhyPBHj8_000000_000010,bowling
cW9976X3JSY_000003_000013,playing_accordion
WR-MUEY_vJk_000057_000067,tap_dancing
DK8Teh4JL0U_000008_000018,playing_bagpipes
fs2tlPA3suQ_000011_000021,blowing_nose
gxu1mEBNIY4_000024_000034,playing_harmonica
HMRa0UvxQGs_000112_000122,playing_guitar
DY_-GYyKzgo_000021_000031,playing_saxophone
70i1Ak13qQI_000084_000094,mowing_lawn
CPe5iCHV1d4_000044_000054,playing_guitar
Y0E0g_xLyXA_000031_000041,dribbling_basketball
0YhfLhkQCdY_000197_000207,playing_guitar
HkkiJ3Vpmw4_000146_000156,playing_guitar
VOMqXCt72Fs_000028_000038,tapping_guitar
_KhRmVT_0tI_000253_000263,playing_trumpet
gH-NuNFHLKc_000009_000019,playing_drums
IoDQGhbnmyM_000005_000015,mowing_lawn
P_C1clIaOX4_000140_000150,shuffling_cards
NNqjf1agcUI_000005_000015,shoveling_snow
Lf5ZpUTcnJs_000003_000013,playing_organ
YAot75iytpo_000001_000011,mowing_lawn
KuBT-MtWSeU_000861_000871,playing_accordion
UtjiEs2io4I_000024_000034,playing_violin
f62HqDJq9yQ_000000_000010,blowing_out_candles
g2UX429W3f0_000055_000065,shoveling_snow
338o84SU4yg_000103_000113,singing
Zste92g1uFQ_000000_000010,playing_harmonica
2_D85CpBc7Q_000000_000010,playing_xylophone
WCfPVCnnhPM_000022_000032,bowling
SUtYz8PSBLI_000002_000012,playing_xylophone
J75HVIfwp68_000235_000245,tap_dancing
BJNMjRJIS-I_000013_000023,bowling
MAEhr5Pmttk_000040_000050,playing_bagpipes
Upp6O81gDDc_000045_000055,laughing
G4WlkI55YK4_000016_000026,ripping_paper
cWrzwtqUqTo_000043_000053,playing_trombone
SzwhgBpdnAk_000004_000014,mowing_lawn
K4ekAki50U8_000015_000025,tapping_pen
7nL3xfx0X9E_000182_000192,playing_xylophone
UC5QXZe-_xk_000000_000010,playing_clarinet
OCnun15mJjk_000015_000025,playing_trumpet
TbUuBljJ5cc_000034_000044,playing_piano
-oC2surIRXA_000002_000012,playing_saxophone
ElX0OhLHyy0_000000_000010,shoveling_snow
OlqxqqZ2GAU_000081_000091,playing_violin
aK7S3B-BHx8_000082_000092,playing_harmonica
9QeZzdbdBVY_000063_000073,playing_trumpet
82vIq7CJecE_000112_000122,singing
_imIQdMKbpI_000190_000200,playing_clarinet
GPU1wogBwbA_000363_000373,playing_bass_guitar
gvC74fOIDK0_000003_000013,playing_xylophone
-D0f4exnx9M_000005_000015,playing_harmonica
IN7BvbjaYDs_000003_000013,playing_clarinet
_GbyJQicwf0_000018_000028,playing_violin
aeV9wuMharE_000292_000302,playing_guitar
YL2WUyuV2I8_000000_000010,shoveling_snow
7109dgqFvG8_000081_000091,playing_keyboard
PBlgtq54xWE_000087_000097,playing_trombone
_6q5yf5O_Gc_000115_000125,playing_bass_guitar
R_MzMp09TbE_000014_000024,singing
5lwcgRvkUAI_000011_000021,shoveling_snow
6ZHjVQzC8BE_000036_000046,playing_harmonica
Sd5VUveYv20_000005_000015,mowing_lawn
4HyQs4WJzUo_000013_000023,dribbling_basketball
FKHjBacUPGg_000134_000144,playing_piano
Rvf5bTOPhWc_000015_000025,playing_drums
Zy_vzF_NHS0_000014_000024,bowling
YHUMLagG4Rs_000184_000194,playing_violin
JK6FcQjZ6i0_000026_000036,shuffling_cards
OE_vXprqHCQ_000000_000010,playing_violin
8HoZnyaeolg_000007_000017,playing_keyboard
ave_VDl3LwE_000015_000025,chopping_wood
_IoniCjk7b8_000000_000010,ripping_paper
O1zfXp-4gEA_000004_000014,playing_bagpipes
dqW-IPqi4cI_000003_000013,chopping_wood
Zc8M75Lisn4_000049_000059,chopping_wood
OhbwequCx1w_000097_000107,mowing_lawn
_xHR6uQeKh4_000006_000016,playing_accordion
bBHPXZG-bf8_000053_000063,mowing_lawn
amZEpaJoiGs_000009_000019,playing_accordion
2ApqVonJSMY_000013_000023,playing_trombone
J72kUCZehNE_000029_000039,bowling
SlUkCHOqEsQ_000002_000012,chopping_wood
B4s2ogs7RRI_000001_000011,playing_violin
-gMwxP9-xwk_000002_000012,playing_harmonica
2BEoTgR-nas_000007_000017,playing_piano
-3Nz5NOgpXM_000057_000067,playing_trumpet
42zdLANTWqE_000078_000088,stomping_grapes
6ob_FwPEXns_000051_000061,playing_trombone
ZZDP2eM1YB0_000020_000030,mowing_lawn
591I_P99VKk_000080_000090,playing_keyboard
eDB0dg7kCGA_000001_000011,playing_organ
eu9Alz_0xRk_000025_000035,bowling
3cp0Zvmk3hE_000003_000013,playing_bass_guitar
Rr_HVbiL73E_000049_000059,playing_violin
OZHg1uoIe1w_000014_000024,playing_accordion
BrJ4SrJ6x3g_000004_000014,playing_harmonica
F7rlU09zJOU_000032_000042,playing_trumpet
HRsXmeW0nU4_000010_000020,playing_trumpet
CMK8AAttA_Q_000082_000092,singing
flYr9Hk5AF8_000049_000059,tickling
gQUNUFqZzSA_000001_000011,playing_harmonica
Eivpg-Avs78_000104_000114,tap_dancing
2SCH8yy9dUY_000129_000139,singing
NpNS1qggarQ_000182_000192,playing_trumpet
8RC-DeqkHyo_000001_000011,blowing_out_candles
g_SGv35QudI_000000_000010,tap_dancing
DnajIva-9gA_000026_000036,singing
gnSmI4RFgJs_000008_000018,chopping_wood
5xM1muOiLy0_000020_000030,tickling
7QvgCehdwcs_000364_000374,ripping_paper
fPwnKr-J8YU_000042_000052,playing_drums
EbohwNbt6Ds_000010_000020,playing_violin
A9a3yw0I-9E_000005_000015,chopping_wood
a2wbBVpGLls_000011_000021,shuffling_cards
GuUA_XAV3Ws_000084_000094,tap_dancing
am814mqCl3Q_000012_000022,shoveling_snow
MY9tmlmf3Pw_000002_000012,playing_bagpipes
EUvL8zbmxRY_000216_000226,playing_bass_guitar
Qh0sE2M4ftQ_000238_000248,playing_guitar
cCDWuK5Hnqo_000000_000010,playing_trumpet
BXDmK_SR-C4_000146_000156,playing_harmonica
aC7jCfmXbE4_000004_000014,playing_trumpet
Y6ImIxfOwhQ_000046_000056,tap_dancing
VuAZTep1NcM_000015_000025,tapping_pen
cIqPXaEcLoQ_000108_000118,tap_dancing
Dhxy_zdTTTA_000281_000291,playing_bass_guitar
NhK3WqsgjzQ_000025_000035,playing_violin
0bYUAffLy0c_000038_000048,laughing
YI_1eSUlqNA_000467_000477,playing_saxophone
WvlG7V427jk_000005_000015,playing_trombone
fQakaVsoDq0_000012_000022,playing_bagpipes
4VQLx0y4cXQ_000015_000025,blowing_out_candles
CVYBwxg1ss4_000020_000030,mowing_lawn
SSIM5H0WrK8_000001_000011,blowing_nose
CZZyELIpJkY_000187_000197,tapping_pen
7lJ-BMyD5Wg_000334_000344,playing_clarinet
gdfrW0ohNCU_000073_000083,playing_drums
KmM4bYvmG7A_000189_000199,playing_drums
PA0WpPSMPic_000040_000050,playing_organ
U4GpTIxfrZM_000165_000175,playing_clarinet
YRZeKV8aNoY_000115_000125,playing_bass_guitar
BDdRyLtxJOU_000201_000211,playing_bass_guitar
6r-LfAa94J4_000021_000031,playing_clarinet
0l8wma77J5w_000003_000013,bowling
DBZyRBNb3no_000074_000084,playing_clarinet
KLIDc4NwE84_000097_000107,playing_xylophone
AAW6ICAvGRA_000000_000010,playing_bass_guitar
XiEwY76Ig9g_000002_000012,laughing
XvaVxuAilhA_000077_000087,playing_harmonica
JgRYHDe0F90_000008_000018,playing_saxophone
eBUTdlJTmR8_000331_000341,singing
LgqlEaCM1MA_000001_000011,playing_bagpipes
8mhRdgOEVI8_000162_000172,playing_bass_guitar
7ZM1Q8HxuOA_000056_000066,tapping_guitar
WhApCe3DXrU_000017_000027,blowing_out_candles
IORyV-1EVUw_000160_000170,stomping_grapes
XeTkXxIB0Dg_000078_000088,stomping_grapes
e7Nc24VxyUQ_000076_000086,tap_dancing
MUuMXB0qNYo_000041_000051,playing_accordion
c_ZpxNzA1G8_000003_000013,playing_trombone
Z7grdFfRXw4_000057_000067,laughing
HwuaAzZzGN4_000002_000012,singing
Aq-eCUPETUA_000041_000051,playing_clarinet
UU2WN1uwn0k_000037_000047,blowing_out_candles
WLOS4_13xoY_000026_000036,playing_bass_guitar
IuJBEIP5ADw_000061_000071,blowing_nose
DjPdl233RCE_000039_000049,playing_accordion
WfFA4ZSYcec_000000_000010,playing_bass_guitar
eGyhpY6IjMU_000002_000012,playing_xylophone
S_q3D_ayPeM_000001_000011,shoveling_snow
FpdDsfrz6NI_000025_000035,playing_drums
EeuBDMj-0kg_000003_000013,mowing_lawn
WH7TSnyvrpg_000001_000011,chopping_wood
G3r7BYVbxpg_001034_001044,playing_guitar
3BwnZ1VfmnM_000263_000273,playing_drums
3b0zBRT9BMA_000125_000135,shoveling_snow
PJvtSt8cXLE_000079_000089,playing_trombone
1vxXTamXmPY_000080_000090,playing_organ
0Ni3ufvqkBQ_000060_000070,blowing_out_candles
Sen0cHpze6w_000046_000056,playing_guitar
MFTn-nikPxY_000125_000135,tap_dancing
d6uFuadX-O0_000046_000056,playing_drums
YGCNEgSNS3c_000047_000057,playing_organ
aDhumk0UlsI_000165_000175,playing_trombone
eRh-mI4MzjI_000019_000029,playing_violin
ZMtY-dxN82U_000105_000115,dribbling_basketball
btdsKl-tpG0_000009_000019,tap_dancing
Y2gz57pruHI_000003_000013,shuffling_cards
Kd2kXT3alJY_000017_000027,blowing_out_candles
2oywdvkoI8U_000004_000014,stomping_grapes
01IsL7cOQvM_000003_000013,mowing_lawn
PtGkIJmDE0w_000009_000019,blowing_out_candles
FdvGYkHHyO8_000021_000031,blowing_out_candles
0XKR4zE_cdQ_000078_000088,laughing
2tPnbgquLu4_000001_000011,blowing_out_candles
YBOtHslKSTg_000061_000071,bowling
epPKcpAKoWo_000004_000014,blowing_out_candles
4Rcbub2Aj1c_000011_000021,laughing
arbfhcH-DNY_000093_000103,playing_trumpet
VMC0v7xYtug_000018_000028,tapping_guitar
DMghrfRBYsI_000090_000100,tap_dancing
F4QT-68rOLE_000013_000023,dribbling_basketball
ViRkeI9VNOo_000215_000225,shoveling_snow
6SvQVtZTItA_000028_000038,blowing_out_candles
D4iOgUFT5LQ_000057_000067,playing_bass_guitar
LKRcdVcUu3U_000124_000134,playing_xylophone
5U8mP6CIfMY_000493_000503,playing_clarinet
geVB6I2Mu94_000072_000082,tickling
EMKAHX5ohjQ_000002_000012,dribbling_basketball
EOs2DTgTwwA_000074_000084,dribbling_basketball
19H8d3Ar0Ls_000004_000014,singing
UWUp2PsD3p0_000004_000014,playing_accordion
9mAfGMwcpdg_000015_000025,blowing_nose
An4ZvFEi7Yc_000008_000018,ripping_paper
BLAQ0myEFgA_000237_000247,playing_xylophone
QhF1YhpBK0c_000030_000040,playing_keyboard
E6KNA1gGrl4_000009_000019,laughing
fOW2dk4yTxs_000019_000029,blowing_out_candles
5H8uVDMjLRI_000113_000123,playing_trombone
BjtW9NwG5Ws_000002_000012,blowing_out_candles
eJMeeoDtI0E_000014_000024,playing_trombone
Nljfu6ZzuFU_000001_000011,blowing_out_candles
-C6qLnqVu5I_000032_000042,playing_bagpipes
JLrc7xx-8eQ_000013_000023,playing_bass_guitar
Cz6sBxx65us_000018_000028,playing_bagpipes
BsLfzDpJhsc_000001_000011,playing_trumpet
Z-UIguEKHO0_000005_000015,blowing_out_candles
T6l9wNrV_tc_000146_000156,mowing_lawn
PhA5aXYVgAs_000068_000078,playing_xylophone
bI9P_qlKeU4_000231_000241,playing_trombone
ddcezLuxbJM_000154_000164,shoveling_snow
O2PocM0DsOA_000131_000141,playing_drums
EvvXvOiZ2xg_000008_000018,blowing_out_candles
-7mzCq3m6mQ_000022_000032,playing_trombone
NqIhfcghybE_000038_000048,playing_clarinet
NErI5rCiwCc_000006_000016,blowing_out_candles
NzhGGMYVhEc_000028_000038,playing_trombone
LiNlPsx6HqY_000014_000024,playing_harmonica
29ccb-YD4cs_000053_000063,playing_violin
TaCEPs6SLcs_000047_000057,laughing
Zok3Lhz4X_Q_000006_000016,bowling
YE9i7SBg8H8_000049_000059,playing_bagpipes
AcbWwIYZSD8_000253_000263,playing_trombone
NFbqs2jXPKk_000005_000015,laughing
_6QAwLxYSJg_000113_000123,laughing
Q53LEBadt_4_000006_000016,playing_bagpipes
Qkf4cAfJqxI_000192_000202,playing_drums
7D3PIkFsgF8_000257_000267,ripping_paper
A07VbL59fSs_000084_000094,playing_clarinet
e9odbnXgsno_000136_000146,playing_violin
QH7OzxKD5yU_000026_000036,playing_guitar
IP0Us2V24fs_000247_000257,chopping_wood
Q-fHYRlhaRI_000100_000110,tapping_pen
2n_zwKpzjIc_000097_000107,playing_bass_guitar
KzZpN8EQZ6g_000050_000060,shuffling_cards
3D-RlDaCXBk_000003_000013,playing_piano
VvYuiRkyGKM_000037_000047,playing_bass_guitar
KrUOhv_gleI_000007_000017,blowing_out_candles
FmfWRjloZpw_000224_000234,tap_dancing
L33c8oTFJbI_000201_000211,shuffling_cards
dNfVmzmiIBI_000049_000059,playing_organ
ZfVj58YHuQo_000000_000010,tap_dancing
M5QComKAnJs_000005_000015,blowing_out_candles
3QHQH9XoF-Y_000037_000047,playing_piano
Zvzw7ARCLvs_000053_000063,stomping_grapes
T-Yh7xh9QEE_000190_000200,chopping_wood
92zHk8N1I_g_000021_000031,playing_harmonica
Yb7Pn3IngY8_000030_000040,playing_drums
9-eZxvJ02Sg_000205_000215,playing_piano
3A-SmcsSLIo_000119_000129,playing_bass_guitar
RpHPYlkkY1U_000173_000183,stomping_grapes
EfTL7e6zAwk_000022_000032,playing_trombone
CANLRXYXUqE_000140_000150,playing_violin
IzNWOlEKo4Q_000001_000011,blowing_nose
HQ6DcuvGeas_000039_000049,playing_violin
98mt4-a7cRk_000013_000023,playing_trumpet
f_FdysQU9Ck_000025_000035,bowling
O8PrDP3H2sE_000386_000396,playing_violin
1JlTj508AOI_000138_000148,tapping_guitar
dAcOfpu0Sas_000138_000148,playing_violin
ZLjsECJ64Vc_000001_000011,playing_bagpipes
cyrJ2by0GZg_000006_000016,playing_organ
cfvTaqo06Rg_000132_000142,mowing_lawn
24YcQ91xcUY_000003_000013,playing_bagpipes
1U1wUbQ6Dqs_000161_000171,playing_organ
2JALzUogK8Q_000053_000063,tapping_pen
Szp0G8TSE44_000051_000061,playing_guitar
HB4vyYtHNO4_000392_000402,playing_bass_guitar
RISV8eATgqI_000025_000035,stomping_grapes
XBV6a8nRxxs_000172_000182,playing_bass_guitar
V5jpWIEicgk_000006_000016,playing_xylophone
Lv-uPUFne2k_000002_000012,mowing_lawn
gw3pAmOkrEc_000087_000097,singing
XZGa5D4X-TY_000000_000010,playing_organ
frn0GPkWAH8_000001_000011,playing_trumpet
PSaFDQ5QObo_000130_000140,playing_organ
1RCiWdEI5IU_000000_000010,playing_drums
AomvEquCagM_000089_000099,playing_guitar
LL14GX1UBY8_000001_000011,chopping_wood
_Av8gl9Y3fs_000036_000046,shoveling_snow
Leqe_LiU8DU_000004_000014,playing_organ
H2HGlv9DaA4_000543_000553,playing_clarinet
LfwPyiqfN-w_000025_000035,laughing
S2VBnL7lnuA_000091_000101,ripping_paper
An-eBFUP-B8_000005_000015,laughing
Z9pJ0ju3WR8_000089_000099,tickling
-hctofG3AfI_000227_000237,playing_guitar
AiKLxcsUfBg_000059_000069,playing_clarinet
7a3Kkevx1RM_000054_000064,playing_saxophone
QITA6zlY8Y4_000001_000011,playing_keyboard
9MHEWQADP8s_000133_000143,playing_drums
aOYJPWequ7s_000308_000318,chopping_wood
_qixMnBDaw4_000052_000062,playing_clarinet
GcRMZxUhcJM_000096_000106,tickling
Lc2tig7o80Q_000007_000017,blowing_out_candles
apQPdQ7r7LQ_000020_000030,playing_organ
E2J5ICsNMt8_000003_000013,playing_drums
IfsUkuTButA_000000_000010,playing_piano
3cVuMJHGNSg_000023_000033,playing_trombone
S4RU5hiUVGc_000021_000031,playing_violin
BviehKdKlwA_000012_000022,playing_accordion
HIDuo3T1JF4_000544_000554,playing_organ
1RbmwQzdp5c_000022_000032,playing_trumpet
XlRfgUgUluY_000041_000051,shuffling_cards
FUmmlFpMFtk_000008_000018,playing_guitar
ctjxYNiUbSA_000181_000191,singing
B2yagUiFslg_000185_000195,tapping_pen
2jHm6rR_8pM_000001_000011,blowing_out_candles
Lp9yEADO4C8_000149_000159,playing_clarinet
CGZpG-6sm0Q_000086_000096,playing_bass_guitar
GWWgIIlr3is_000003_000013,playing_bagpipes
0WaO8qB40eQ_000035_000045,playing_keyboard
MEG6v5wGQqI_000031_000041,blowing_nose
Egla_V5JlXg_000262_000272,stomping_grapes
6sZL4iN33uA_000025_000035,playing_harmonica
T-ZPzRvn0h0_000028_000038,blowing_out_candles
YD1gtdukk9w_000072_000082,bowling
Azr0Xl1rjW4_000008_000018,mowing_lawn
6hZ1LvDWFhE_000068_000078,playing_saxophone
gk8XlYoVu5Q_000002_000012,bowling
Vnj_oy9YuS4_000000_000010,playing_trumpet
78r-FdUURt0_000083_000093,mowing_lawn
eu88vXJGGBg_000057_000067,playing_trumpet
9Tzej8XKqfA_000060_000070,playing_clarinet
AU4IQUy9fY0_000286_000296,playing_harmonica
caGKM1u4ees_000034_000044,playing_drums
3wU0wLO14wM_000004_000014,playing_xylophone
0OCVaL0clww_000011_000021,playing_accordion
NI1Nl3t6z_g_000002_000012,playing_xylophone
F6KetxOOKeY_000023_000033,playing_accordion
IKwlU_fniek_000069_000079,playing_xylophone
CEe81yrh9_4_000000_000010,playing_trumpet
9CuWxkQAZ4A_000046_000056,blowing_out_candles
DN6-gNzk-9g_000001_000011,playing_trombone
05wsL12f47w_000058_000068,tap_dancing
W-dD8saovYI_000023_000033,playing_harmonica
9QPcz82XnXA_000002_000012,bowling
Cq7SHb1wuOY_000003_000013,playing_saxophone
CKG4QH3tFHc_000083_000093,playing_bagpipes
5Woz0h7QpZ4_000030_000040,blowing_nose
P86wviOwTxo_000002_000012,shoveling_snow
0CL0WoBPeSU_000228_000238,playing_xylophone
LClWhv7ZQII_000008_000018,blowing_out_candles
JtGAVUWpFgY_000002_000012,laughing
TWLHkDrQ0t4_000088_000098,playing_bagpipes
Ak7-fh6Q7IQ_000043_000053,blowing_out_candles
1wPEkLI3I8M_000004_000014,playing_xylophone
COSfdkfr_RY_000253_000263,playing_trumpet
04vBydt4aKw_000032_000042,playing_trombone
Itr79f1G1xk_000235_000245,playing_keyboard
GqtQyyrR16w_000324_000334,mowing_lawn
L9rijDVHsKU_000302_000312,playing_guitar
TT6CAT-J49A_000026_000036,tap_dancing
CWpIlOqAFg0_000025_000035,playing_keyboard
CnnHcXYULUE_000158_000168,playing_violin
EDbY9qou1ko_000091_000101,playing_keyboard
Q_S-g0okeRg_000069_000079,playing_bagpipes
Hkjy1KYS8VA_000235_000245,playing_guitar
MgqEPRGjmOg_000058_000068,playing_drums
EfBBmqb1Pug_000081_000091,playing_organ
YsxYmC-IUMs_000005_000015,playing_drums
7LaRlnp3M7U_000046_000056,playing_piano
HD6qMT-x3_M_000236_000246,singing
gAzwJPPQW80_000007_000017,shoveling_snow
Jo_oYbS8IUE_000000_000010,playing_trumpet
H_t704Cr7Dc_000053_000063,playing_xylophone
Ea_PFms83kU_000088_000098,playing_piano
0AqpxOQWfAE_000002_000012,playing_xylophone
R6ryCytb30o_000062_000072,bowling
9eNtkGa4S5c_000072_000082,playing_saxophone
g6R21uu83Io_000049_000059,tapping_pen
5ZETNUAUNxA_000416_000426,tapping_guitar
LST4qP0ihd4_000446_000456,playing_clarinet
AuZHLRdmu68_000015_000025,playing_harmonica
KvkR--lXdHY_000003_000013,playing_harmonica
Xb8fHJt2FKU_000004_000014,blowing_out_candles
Pa972cBLBiY_000085_000095,playing_saxophone
BfDsu4uH0P0_000323_000333,playing_drums
Nyud4s2aYzE_000012_000022,blowing_nose
Kwb37o_BSe4_000045_000055,mowing_lawn
gwH-oGyOKLA_000180_000190,playing_trombone
N5eap4vcJB0_000015_000025,bowling
MO9RnNyeekc_000089_000099,dribbling_basketball
3_6v3ZHpWco_000025_000035,dribbling_basketball
TeENapX8wBM_000028_000038,laughing
XpiAzcudZKQ_000005_000015,playing_saxophone
I9kiqd38kvQ_000172_000182,tap_dancing
UPlwdbcT5D8_000003_000013,playing_harmonica
TK7MsZDCJes_000081_000091,playing_drums
crPivOnqjcA_000006_000016,blowing_out_candles
T-EH4nHV5w8_000001_000011,shoveling_snow
9rFklxIDYKs_000081_000091,playing_harmonica
ep-h24MQjGQ_000000_000010,laughing
6EoEc5EEXzQ_000044_000054,playing_accordion
akvI1zEX35o_000018_000028,playing_accordion
-S5q7b5fBPs_000000_000010,shuffling_cards
NQcK4qPOqtg_000232_000242,tap_dancing
IKL-KuuA6zo_000042_000052,tapping_pen
9kLiFawXHZs_000014_000024,chopping_wood
-tVcRS3Olmo_000169_000179,playing_clarinet
4wAx5U7IKuU_000013_000023,shuffling_cards
41c2_q0-nZg_000175_000185,playing_drums
YmGe070HmSk_000015_000025,singing
2cSjOxqldFs_000428_000438,playing_harmonica
YLtNlSaKO8Y_000100_000110,playing_clarinet
Bh4sm_JrxPc_000280_000290,tap_dancing
9D46Mp1AD9g_000016_000026,mowing_lawn
Qk5DyQi5yv0_000107_000117,playing_clarinet
3mujY5I9VPo_000009_000019,tapping_guitar
RxIWlvcJWeo_000213_000223,singing
ayxaIsVh7TM_000223_000233,playing_clarinet
H1iciTTbQfM_000061_000071,playing_violin
BAiUFVi7nXo_000074_000084,shuffling_cards
OGA9qm2sxvc_000182_000192,playing_guitar
Wc9Jk7BpPuY_000023_000033,mowing_lawn
BzKThj6aByo_000006_000016,playing_saxophone
2XCDkPlfbqA_000063_000073,playing_accordion
BLtUldq0Xwc_000021_000031,playing_trumpet
IhQTcR9p948_000034_000044,tickling
GTsEpDcBzx0_000005_000015,chopping_wood
aFPqH7ZeeVM_000037_000047,dribbling_basketball
8YOBMU3-zNg_000011_000021,playing_bass_guitar
-kBIyyVuFDg_000006_000016,playing_xylophone
GQx7xQiIQfY_000013_000023,laughing
NyJngVIdbi0_000105_000115,playing_clarinet
c2UOy2xHfgE_000046_000056,tapping_pen
T45nqn-fC3I_000004_000014,playing_xylophone
foeFlFMiFKA_000003_000013,tapping_guitar
dmI-5Mdo2yY_000007_000017,playing_violin
Db-gJQUmEZc_000019_000029,playing_trumpet
X5YDOZcgDVA_000059_000069,playing_bagpipes
69WuDxICM2Q_000065_000075,playing_drums
En5iXNTtQAc_000001_000011,dribbling_basketball
EfLJ-kDlkRs_000169_000179,stomping_grapes
NqZsddLki4M_000092_000102,playing_bass_guitar
IG0JY0a23uA_000124_000134,laughing
OxktRJ_11tE_000004_000014,blowing_out_candles
3ourSwkq790_000003_000013,blowing_out_candles
_LabGgsnxNo_000004_000014,chopping_wood
1sUXjuZUOLM_000023_000033,playing_saxophone
PKPxqwW39pc_000127_000137,playing_accordion
IgQl4gl0j3o_000091_000101,playing_saxophone
2zkSuZvck1c_000059_000069,playing_trumpet
6LsV0SMAzRw_000004_000014,playing_piano
Hf0mxHROHW8_000000_000010,ripping_paper
MX9CCLtkW9s_000028_000038,blowing_out_candles
FEZHvDaXeVQ_000181_000191,playing_xylophone
ahBXXFA4IpU_000086_000096,dribbling_basketball
aPoM7odMYsM_000023_000033,playing_xylophone
MXrWlfeKBD4_000073_000083,playing_xylophone
VRuP5EMHXb4_000074_000084,mowing_lawn
RLxjFf_BZgk_000000_000010,tapping_pen
XzVHGKpw1Es_000138_000148,playing_drums
Z73cL1GW4Tk_000028_000038,bowling
NFv7SLJeWDI_000002_000012,dribbling_basketball
9slbD5xX6e0_000109_000119,playing_trumpet
NWlGhgdT004_000096_000106,playing_drums
eG9-1pKw6Pc_000010_000020,chopping_wood
dwxJfFrANOg_000058_000068,bowling
UvcVtwd1QYM_000004_000014,playing_clarinet
Va6VCbEnbBg_000057_000067,shoveling_snow
HQHL6xSUxj8_000053_000063,playing_violin
Y9pTCWXSShg_000009_000019,playing_trumpet
aq2kR-mtvpQ_000102_000112,chopping_wood
cvf40CDn3oY_000000_000010,playing_piano
7Sh9Xp099iA_000080_000090,singing
3n83axavWYA_000015_000025,playing_saxophone
Z9uJo-icv6g_001496_001506,tickling
QZMRcFokTeA_000191_000201,playing_bagpipes
g56KXWg_02I_000145_000155,tapping_pen
VcsfYXZTtzo_000059_000069,playing_violin
DMF8LL4oEuo_000017_000027,chopping_wood
0phXt0i01vs_000013_000023,playing_accordion
h8mJxCcMc5k_000004_000014,playing_organ
ViCM_1M3FP0_000245_000255,playing_bass_guitar
MBsQUA51XSg_000037_000047,playing_keyboard
DYSZtFCUbdw_000082_000092,chopping_wood
MWqvKdWuEQ4_000014_000024,playing_accordion
YhnRpRdEd0A_000222_000232,playing_violin
RbJb9v04buc_000004_000014,playing_piano
IR1AhUFgdi8_000040_000050,mowing_lawn
SXN6sBxU9Qg_000026_000036,playing_accordion
LzS4kkPFpWE_000026_000036,blowing_out_candles
O3Yxrjp5GGw_000017_000027,bowling
AFtBsIjJP88_000030_000040,mowing_lawn
2ZY59BvV4qc_000110_000120,bowling
cBPvo0GLv-s_000003_000013,playing_xylophone
ffvQo5BUDyE_000000_000010,stomping_grapes
aI4nfNk-8qs_000191_000201,tapping_pen
axKp-vGWmis_000056_000066,shoveling_snow
Tad_pquIHjQ_000000_000010,playing_harmonica
c031WgPULl8_000005_000015,blowing_nose
2dtbBtmOwvA_000351_000361,playing_bass_guitar
UJqCvXx1Wwc_000327_000337,laughing
aTLVtA71Rlg_000110_000120,tap_dancing
JBVlD8ssBYM_000004_000014,playing_bagpipes
QLDx4Ez79ik_000013_000023,playing_clarinet
Cv7f3PpVbyE_000000_000010,mowing_lawn
DveBiuWnhRM_000003_000013,shuffling_cards
2eO1aQHjddE_000002_000012,blowing_nose
VCfIoFLNoA0_000058_000068,playing_clarinet
4PzcBwdOBgw_000009_000019,laughing
adO0a8-ycIM_000002_000012,playing_saxophone
XeaCXJ1sXvc_000009_000019,dribbling_basketball
QvLD1wytwCs_000004_000014,playing_guitar
Fm5x-38VIaA_000151_000161,tapping_pen
Eylvz04H2WQ_000034_000044,ripping_paper
KbRufeBL3jM_000008_000018,mowing_lawn
7B-_YNhc1GY_000038_000048,tapping_pen
BTQy9ipfW2A_000024_000034,blowing_nose
K5v9-h2S5pw_000123_000133,playing_saxophone
AovCCWwhFuU_000131_000141,mowing_lawn
IK2Qr9MulrE_000000_000010,blowing_out_candles
_T8seWpuMiI_000001_000011,tapping_guitar
enWcojKQHlQ_000148_000158,playing_xylophone
OdbqCdE-Q50_000124_000134,tap_dancing
GMWttALs7R8_000027_000037,playing_accordion
dYMgKZr59YM_000056_000066,shuffling_cards
RzRcrAQCfdA_000067_000077,playing_guitar
DRp_cjj3tlc_000004_000014,laughing
0cm0gm-p-3Y_000331_000341,playing_guitar
IZ4JnxGc2JM_000083_000093,playing_saxophone
CDm_hHE1svw_000029_000039,tickling
2JjIilhqxto_000004_000014,playing_harmonica
DDQ6QJAXnUs_000002_000012,playing_trombone
BGSwCPA0Uv0_000078_000088,tap_dancing
EUrf8vH9rRk_000026_000036,tap_dancing
H0lGSv2rpFk_000058_000068,singing
Gq4tdnGI5zA_000253_000263,playing_clarinet
G_zw6oBtTGM_000007_000017,bowling
dYi4QiowinE_000104_000114,tapping_pen
7MA-1bL2-28_000003_000013,playing_trumpet
ItoPrl53An8_000143_000153,laughing
NgdV_IZWPaY_000023_000033,playing_organ
FzB7MW5syyA_000197_000207,dribbling_basketball
EdJSqpc-CGY_000097_000107,playing_clarinet
Ph4WA-s3iHc_000197_000207,singing
fzX0srFLndk_000159_000169,playing_bass_guitar
0DMS72_ngM0_000034_000044,ripping_paper
M9yXVxIe8pw_000066_000076,playing_guitar
ODOHrSas8yE_000002_000012,playing_xylophone
gaxS3cG7RDM_000018_000028,playing_trombone
8rGzJtrhs0s_000004_000014,dribbling_basketball
SVUwFhRAjNU_000002_000012,playing_xylophone
UoeHTxWC45w_000023_000033,blowing_out_candles
gtZ3ilRCZxw_000005_000015,tickling
a36J-vHT4EA_000026_000036,chopping_wood
XL4H0ZyVaEY_000104_000114,playing_organ
SpMrrKG4r6s_000103_000113,tap_dancing
IX4PRt2OIiY_000054_000064,ripping_paper
E1GgJPZdB8s_000532_000542,playing_guitar
03myzLkvb_E_000053_000063,tap_dancing
4gVRyRaJjy8_000142_000152,tapping_guitar
SlrmxOCTtm8_000003_000013,playing_bass_guitar
Cy8hlNUgsfU_000461_000471,playing_clarinet
WhJvNC7MHxs_000039_000049,tickling
2WLlW-UZ6b4_000302_000312,playing_organ
P_x53wdd-6c_000563_000573,mowing_lawn
MR_x_vrSZBM_000209_000219,playing_drums
XAdFsVHEY0Q_000304_000314,playing_violin
PnwOuE62a7U_000704_000714,tickling
Tfz1S7e0jc0_000032_000042,singing
_GBKs5y2guw_000073_000083,stomping_grapes
2EMciE2837U_000155_000165,playing_bass_guitar
82DgOneQgxU_000006_000016,chopping_wood
C9gOhhsZGfM_000143_000153,tap_dancing
1MjgbLTL8M4_000053_000063,playing_violin
I2wZbvT1JqQ_000000_000010,mowing_lawn
01ufCevrEEo_000004_000014,tapping_guitar
6__O8mZefCI_000076_000086,laughing
NMBAeD-WMBg_000043_000053,playing_bagpipes
ReuKRLuWpQQ_000050_000060,tapping_pen
9jWAtQPQ9js_000012_000022,ripping_paper
U01U0vzVl4k_000023_000033,playing_bagpipes
9zGoMHo-w_A_000019_000029,mowing_lawn
RqHlbPMgxZ0_000064_000074,playing_bass_guitar
cdAH71TkYfA_000204_000214,singing
MnH-clB3hao_000145_000155,playing_violin
edrtkrX5B-M_000043_000053,playing_xylophone
EdozLOqAYFY_000011_000021,playing_accordion
4sB_l6VTrnY_000004_000014,playing_accordion
GQRRuDpWha8_000024_000034,playing_violin
Vltz3f4Qifs_000099_000109,singing
Do5Wp5HDrUg_000106_000116,tap_dancing
augp51NACK4_000097_000107,chopping_wood
Suy6MGUxcis_000077_000087,tapping_guitar
Xu3uh7lboUY_000131_000141,playing_saxophone
4uc6J5AvR7s_000064_000074,playing_accordion
3RQSrl-nlTw_000014_000024,shoveling_snow
SXChj_AKjh4_000057_000067,playing_drums
Htv_1mHDUQs_000045_000055,playing_clarinet
QIsLgdFBO84_000085_000095,tapping_guitar
B8U6pdj71YU_000002_000012,playing_guitar
1QpRZs78gQ8_000101_000111,playing_guitar
daKVzXwiR54_000015_000025,blowing_out_candles
Q2pkE95Qms4_000063_000073,playing_saxophone
aomSpODrRpI_000192_000202,tap_dancing
GibY5XTdU98_000062_000072,tapping_pen
XwefIEM7fis_000010_000020,ripping_paper
EdIwcqB24_M_000003_000013,playing_harmonica
0MbpR9XFRUI_000205_000215,playing_keyboard
YbALYr-5WpM_000038_000048,playing_harmonica
P3M_tucxjWk_000005_000015,chopping_wood
dcnLZeiCnhM_000006_000016,blowing_out_candles
WstCm417VxY_000118_000128,singing
HVFB3WvCCFY_000078_000088,playing_violin
ex6q_7i786k_000032_000042,laughing
JtefKOnfdy4_000134_000144,laughing
Txd6G9ElmME_000086_000096,playing_accordion
PcecI9Ma6KE_000089_000099,playing_bagpipes
FVLznOlwzO0_000171_000181,playing_drums
bXnRpfz8UcA_000035_000045,playing_clarinet
Ch62g963ZEY_000005_000015,chopping_wood
2l5BTtbG9wY_000086_000096,shoveling_snow
BYUp9Y6XfpE_000114_000124,laughing
BihfdxyCyag_000009_000019,playing_trumpet
Q2rSxzkL9Bo_000002_000012,laughing
IyZRGWY6Y54_000020_000030,blowing_out_candles
eIzxCVmLz4o_000129_000139,playing_harmonica
9Qg4YhwiZ-c_000056_000066,playing_accordion
NH8HVsKgmBQ_000002_000012,singing
_vFWD_6mFP8_000069_000079,blowing_out_candles
6-AWvB797d4_000043_000053,chopping_wood
ausAXx1MWSU_000010_000020,chopping_wood
ZVnhzHLIXFQ_000007_000017,blowing_nose
J73Z6m2EKwY_000002_000012,playing_piano
3PgC6xIsDzQ_000027_000037,playing_keyboard
CWb-yBKrBpw_000075_000085,laughing
J8gthp2mvb4_000015_000025,playing_saxophone
cZI8slhlSgM_000017_000027,bowling
QrZ3ZT6D9a8_000194_000204,playing_violin
3IfhaMrBvX8_000026_000036,tapping_guitar
ePHlXtPW04I_000004_000014,playing_accordion
W14PqZm8oZ0_000095_000105,tickling
6v5nzbKT7S0_000089_000099,tapping_guitar
Iwck-LNnUic_000217_000227,playing_guitar
DtEnIx33sSo_000010_000020,stomping_grapes
KsUAxG6c3Ws_000184_000194,playing_violin
eRfiEbnmuQg_000274_000284,stomping_grapes
T-F4anLUNiY_000032_000042,playing_harmonica
ORUVtJb48Xg_000003_000013,chopping_wood
RlNfwLKg_4U_000100_000110,chopping_wood
IrUPUsfZuP8_000004_000014,ripping_paper
1jMO4OgHB7w_000314_000324,playing_bass_guitar
YoCJoNyH4FQ_000149_000159,tapping_guitar
RTgMO7JUKwg_000137_000147,bowling
Uo6eU9kFgL0_000134_000144,playing_harmonica
Fe78GqhmPKU_000057_000067,playing_bagpipes
Z926H03epW0_000000_000010,blowing_nose
_0o-lYiNip8_000007_000017,playing_trumpet
_9miCi6AMmI_000018_000028,playing_keyboard
EdHMTpHterc_000149_000159,mowing_lawn
1ukhGjYkbRw_000017_000027,laughing
Up0Xsd_TLSE_000384_000394,playing_violin
YusMAxX8c_Q_000247_000257,playing_saxophone
AmdNfWEXflI_000009_000019,bowling
5NHFcMjZIyU_000087_000097,chopping_wood
YDS1IpV10jY_000036_000046,chopping_wood
Kytcvl9A7F0_000081_000091,playing_guitar
f_VWFpLI5LE_000136_000146,playing_guitar
G0DDZPJdLUY_000029_000039,playing_xylophone
Y0_DInIU9MA_000150_000160,singing
QGQuCLpQvj4_000010_000020,playing_drums
UhTJGSyZRnA_000070_000080,singing
SzVAST8-kNc_000124_000134,playing_saxophone
EMv44ErVNfQ_000036_000046,tapping_pen
Xfu6WQuFEks_000000_000010,chopping_wood
eQk-saDmxQg_000000_000010,playing_trombone
U03VBeNGMzg_000112_000122,shoveling_snow
cw6OQiomUPQ_000052_000062,shoveling_snow
OpMkn7Bux94_000008_000018,mowing_lawn
aTxftlV3QPI_000016_000026,playing_violin
AO7-gKpJXvo_000033_000043,tap_dancing
JAQVqNH9m7g_000020_000030,blowing_out_candles
3mLRwtb3BQk_000066_000076,playing_violin
TWbg86P_BCE_000141_000151,playing_violin
eFLt7boZj0c_000112_000122,playing_harmonica
cETEL7AYfWA_000001_000011,playing_violin
V3fSXpM5R8o_000070_000080,tapping_pen
P5_Yh2DFjxo_000204_000214,playing_saxophone
X-d3EVNh9TE_000003_000013,shuffling_cards
SkPmcAZFNnQ_000041_000051,shoveling_snow
7KbjxyCJ6bg_000001_000011,singing
H1Eg8lNbP8o_000004_000014,blowing_out_candles
MFcTzajSOSk_000004_000014,bowling
X8glOTnlIC0_000037_000047,shuffling_cards
3uN6doB8Tso_000001_000011,blowing_out_candles
7Fp8AL714Ns_000057_000067,playing_saxophone
XIKPHsVyxKs_000190_000200,playing_violin
0DhRNz9YCuw_000001_000011,playing_trombone
F5IGA11_Qr4_000038_000048,laughing
WmAdLBG0wAk_000005_000015,mowing_lawn
A_nSHIMxNpk_000020_000030,playing_trombone
fEEslPANFu0_000064_000074,singing
-OKWQGh34kw_000100_000110,playing_bass_guitar
W8UIDv3Qz08_000047_000057,playing_bagpipes
PdwWFueQErM_000025_000035,shoveling_snow
-tuKSaADF3c_000022_000032,ripping_paper
DceiQXigZFo_000036_000046,playing_clarinet
Ut7qL4BLvOg_000083_000093,blowing_nose
-1IlTIWPNs4_000027_000037,shoveling_snow
baXT2cRbPwU_000006_000016,playing_trombone
Ld9ixVwCDjg_000023_000033,stomping_grapes
WsU6PEBvKA8_000061_000071,chopping_wood
HD6VqxHoCbk_000010_000020,singing
C6f-nCuK2jY_000771_000781,playing_clarinet
HzYSYFzb7r0_000000_000010,blowing_out_candles
ABsX8xJdX0k_000513_000523,playing_trombone
YRhq6TJhszc_000031_000041,playing_violin
FVPhVloUWtY_000043_000053,blowing_out_candles
XqSAgvgOiZU_000086_000096,playing_violin
b52pviABq1E_000110_000120,playing_guitar
HldMWC7pYYA_000045_000055,mowing_lawn
FYLZAsYQZK8_000107_000117,singing
F61c_5ZeOsM_000005_000015,playing_piano
_wUQvpyfne0_000060_000070,bowling
LOxZdZF9zFU_000005_000015,blowing_out_candles
gevnRB3OedA_000001_000011,mowing_lawn
eJOTHDajmG4_000033_000043,blowing_out_candles
OQXfmpw5gM0_000079_000089,singing
JG1wMSpioHo_000003_000013,playing_clarinet
bJAD0lu13GI_000014_000024,playing_trombone
eyRrcH3BoS0_000457_000467,singing
UWD8L-qeTLc_000012_000022,playing_violin
KdeyxgXiQiE_000009_000019,blowing_nose
MCLw8O5YTB8_000031_000041,laughing
SsYbVpj8qUY_000232_000242,playing_clarinet
4X8raZBOzvM_000035_000045,playing_bagpipes
JxuWIFJaN58_000006_000016,bowling
8VOyHV-eJbI_000195_000205,playing_bass_guitar
PDGxsRod9SE_000178_000188,tapping_pen
Z0UkpOLPBaA_000004_000014,dribbling_basketball
9-fuKNq_wWI_000512_000522,playing_keyboard
IRglx-8hTqg_000006_000016,playing_harmonica
B-syaMnhnRY_000070_000080,playing_drums
4JLfhFRWJh8_000033_000043,playing_clarinet
cJpo_YP8BBU_000130_000140,shoveling_snow
AJGo0XZI9bk_000040_000050,playing_harmonica
VSeBb4e9ysU_000089_000099,shoveling_snow
_Im_AD5oixQ_000093_000103,playing_trumpet
2hMd2_gTpao_000026_000036,stomping_grapes
1C8pvSR7CF4_000028_000038,playing_violin
CfV2g0La0WA_000039_000049,dribbling_basketball
28TREFVRvpk_000017_000027,playing_accordion
WEnc_ErVhsk_000015_000025,blowing_out_candles
U1SAHH02M5o_000144_000154,playing_violin
HH-oXgfPUtw_000125_000135,tapping_guitar
2FnfnWplyjY_000000_000010,mowing_lawn
Z3xd8bXlzeU_000073_000083,laughing
3A8W9Z9TX8w_000036_000046,blowing_out_candles
NlXsOx0Dt-0_000086_000096,shoveling_snow
9yUSEOCVy7Q_000038_000048,mowing_lawn
-kEbX9clxOw_000004_000014,bowling
2ib1idaGAc4_000037_000047,ripping_paper
AWh5ncR7xsg_000007_000017,playing_bass_guitar
HXpCWlxpAow_000009_000019,playing_accordion
1fwl6wRp_Tg_000001_000011,laughing
a9tDeAJo1MM_000028_000038,playing_guitar
NfpVbSXrm1U_000062_000072,playing_organ
IckF2vkUjXA_000149_000159,playing_accordion
0k8ZyywA8Ac_000004_000014,bowling
4Bw_msGZo9k_000105_000115,playing_guitar
gBaNzOzdmdQ_000003_000013,shuffling_cards
NUB0x6P_79w_000058_000068,playing_keyboard
Xpv-tNIKG0E_000000_000010,mowing_lawn
ZFxWkUkUsQA_000096_000106,tap_dancing
0jJ92N6nrdY_000013_000023,playing_clarinet
8V2DchuKW2g_000071_000081,playing_violin
_MxDNvM0pz0_000144_000154,playing_drums
_uMMHCJ09lY_000051_000061,playing_trumpet
2WOt8CPeLok_000147_000157,playing_clarinet
Px3aDJ9KaBU_000113_000123,playing_bass_guitar
SqW3mjhTXF8_000085_000095,playing_xylophone
FSC7-HVO2DU_000051_000061,playing_drums
Jg-BRpn38L8_000480_000490,playing_guitar
_7EOR1fcAj4_000003_000013,playing_trumpet
DZrKQXmUnms_000050_000060,playing_accordion
X56SpQ7NR6A_000001_000011,playing_trombone
_oYfq687Gos_000000_000010,ripping_paper
ZujUXfQ1upQ_000049_000059,playing_clarinet
I_a8KfCyIBA_000019_000029,playing_clarinet
SbnYU4hzxHI_000000_000010,playing_accordion
FLaKuk4OPCY_000060_000070,stomping_grapes
coMYV-bFf-Y_000076_000086,shuffling_cards
HQzTEG-SjVM_000051_000061,playing_bagpipes
02mqLT9Y2sc_000059_000069,playing_violin
8p6f33Y2lW8_000226_000236,playing_violin
IAPT-GxGs98_000001_000011,bowling
e3ET1qAQRBI_000012_000022,playing_trumpet
dSI9xmR2gOY_000017_000027,playing_clarinet
Lx1Ar4Or3ks_000052_000062,bowling
HZSRx8fITYA_000102_000112,playing_saxophone
QN-WapegB_I_000020_000030,tap_dancing
f6LRtwtzfK0_000066_000076,playing_violin
LiTfKRosajw_000008_000018,bowling
PDsuNO-IWu0_000107_000117,chopping_wood
2dDDEEH5eY0_000040_000050,playing_bagpipes
Srfu5ueDirU_000001_000011,blowing_out_candles
DBcfHD0hLJU_000072_000082,tapping_pen
Mc-lKxgFwu8_000000_000010,dribbling_basketball
FVp1_h1lJU8_000194_000204,playing_bass_guitar
GbL8smFyNbg_000013_000023,mowing_lawn
8sVHc1gSsOA_000138_000148,laughing
cmCAz48XS7c_000038_000048,tapping_guitar
NgiN-oQWikA_000039_000049,playing_organ
E6ju3zXxEnc_000025_000035,playing_clarinet
L8iSs9oGTLg_000019_000029,playing_clarinet
WByZCgyQyNM_000062_000072,playing_accordion
d4rnjuNBj00_000272_000282,playing_harmonica
TvB3yfAbIT4_000335_000345,playing_guitar
bsOLwhr5ZZA_000000_000010,tap_dancing
H8Sn1q5V03E_000000_000010,playing_piano
I6IMJZUV4_w_000007_000017,bowling
btrDEXbW3n8_000028_000038,blowing_nose
9B0PTHGgvyk_000000_000010,playing_organ
LCRwCnYqa0g_000114_000124,playing_bass_guitar
Gb6_fEwnReQ_000091_000101,tickling
FAHwrs0Y0xc_000010_000020,playing_violin
B5oPkK80-OU_000219_000229,playing_drums
Na0WUP545FY_000208_000218,mowing_lawn
5ffvZlxbWGg_000032_000042,playing_guitar
4d7lfSzrffo_000737_000747,playing_trombone
7Cxp7siQE8g_000125_000135,mowing_lawn
H0uIxyLnhEU_000126_000136,playing_organ
2DYLpiQ43UY_000337_000347,playing_bass_guitar
PySV5lVsrrs_000000_000010,playing_drums
VMltoz2b4OU_000006_000016,mowing_lawn
3kbwmCEn-Jw_000001_000011,playing_trombone
OBfahxh-fvA_000002_000012,shoveling_snow
7Od3fZKSCD4_000175_000185,playing_violin
Bqeo4uMLKUs_000006_000016,playing_harmonica
3by7kw1FhjE_000088_000098,stomping_grapes
PQq_-P6CGB0_000088_000098,shuffling_cards
7G_-G8j73YY_000097_000107,playing_bass_guitar
MzAj8ymCDJg_000020_000030,playing_trombone
1HfCdmtv-88_000044_000054,playing_harmonica
-Wx087CwsdQ_000011_000021,chopping_wood
B_Wb3YCFUNM_000099_000109,playing_accordion
dSneaPEoUVw_000385_000395,playing_violin
5IXQH1i7hr0_000007_000017,tap_dancing
DEwu_F4bDCY_000005_000015,blowing_nose
Rjv-MJJ2x14_000233_000243,playing_drums
-pwPqc5PyY0_000496_000506,playing_clarinet
FXeSY7P7SUM_000019_000029,blowing_nose
XUbWewUgOMg_000017_000027,playing_trombone
_coHKe3ifA4_000406_000416,playing_bass_guitar
Sd00WoW7wlk_000099_000109,shoveling_snow
WDL9q2FptVg_000018_000028,playing_clarinet
eHsFXpmGAEc_000016_000026,dribbling_basketball
W72PDfquWiY_000049_000059,playing_clarinet
9ScdUekLrPs_000100_000110,playing_clarinet
TUD9KRjTgqg_000054_000064,dribbling_basketball
NHdzCwONRCo_000051_000061,playing_accordion
cAzjDHJk6bE_000000_000010,playing_piano
bvPerBz-lXo_000110_000120,tapping_pen
PHD-NFdbx9Q_000001_000011,shoveling_snow
1ISyWYj3MFg_000010_000020,mowing_lawn
7RvfhKxnz_E_000004_000014,playing_violin
FUrLg7FETWo_000019_000029,chopping_wood
T6Vau9mrs4w_000110_000120,singing
VnNg-0kNL1I_000000_000010,playing_bass_guitar
MtlD34egVpY_000014_000024,playing_xylophone
9y77yIqIiD8_000367_000377,chopping_wood
PHzvWi_cZF4_000000_000010,tapping_guitar
3tyHvD0SLRg_000330_000340,playing_violin
g8nk6aYAGC0_000007_000017,blowing_nose
cS8FkJNnuiI_000005_000015,playing_guitar
0p5Ph99ZFXM_000037_000047,ripping_paper
BlFAR0CSrD4_000000_000010,playing_saxophone
LOibF3f0JGM_000190_000200,tickling
gjavnqDZmhQ_000353_000363,tickling
BrOVPxBPbgA_000016_000026,stomping_grapes
5SpAmRa18BM_000000_000010,laughing
-i1x6TgfsKQ_000029_000039,playing_bagpipes
S-RMHlV5EHY_000001_000011,chopping_wood
cSrjyRnxk1I_000109_000119,playing_clarinet
98qrwX_ph4E_000000_000010,playing_violin
8cIprYq8rLE_000013_000023,tapping_pen
a-JzLKFhA0U_000092_000102,playing_accordion
dJbwCU7pQZ0_000150_000160,playing_violin
Ip5DVz2PZcY_000038_000048,playing_xylophone
Uk0K2z_7xpw_000007_000017,tickling
21264GpoPDs_000120_000130,playing_organ
6qBI_M14Vq8_000019_000029,chopping_wood
YZ54-XbdqD8_000004_000014,dribbling_basketball
akYXmG4xQz0_000037_000047,playing_violin
XizMvRKtQ9A_000014_000024,blowing_out_candles
MOfeR2Eh22U_000003_000013,dribbling_basketball
Hl5mJZdgtKQ_000019_000029,bowling
cxsT5zqeB3E_000029_000039,mowing_lawn
EwcbWQ4cdqY_000103_000113,dribbling_basketball
KFZ133NpMY0_000027_000037,playing_xylophone
GN-PYwaRj9c_000036_000046,mowing_lawn
ANJfLBavP5M_000171_000181,singing
NtY3Hlj5rQI_000002_000012,blowing_out_candles
g7a6qouX1x8_000000_000010,dribbling_basketball
72fUFtAJGZg_000005_000015,playing_violin
QXDOyonqodQ_000012_000022,playing_piano
ZCzd8UC10hQ_000021_000031,singing
-V2uLG7pjnc_000004_000014,playing_clarinet
X7qkZvf6jyE_000071_000081,chopping_wood
dvTviNpYW1k_000114_000124,playing_accordion
CqoMbq35mB4_000004_000014,mowing_lawn
DXnBOiM01ys_000041_000051,singing
4Mz2UpEFLWY_000168_000178,bowling
8pvqVK0NwIg_000002_000012,playing_organ
0FU57bB_bEI_000052_000062,playing_violin
_bkSI0oHrok_000071_000081,tap_dancing
cm7Q4NeaApA_000240_000250,playing_guitar
eIC9QEyiuGE_000000_000010,shoveling_snow
SYZxlA9OC54_000046_000056,playing_accordion
8vLjOkynnzM_000140_000150,playing_harmonica
NnpKbNmlPYc_000139_000149,tapping_pen
bBaSGog54NA_000006_000016,mowing_lawn
LrVaJwUNFjs_000014_000024,blowing_nose
_glf345Z7D8_000009_000019,playing_trombone
4og9z1Heh_U_000434_000444,playing_bass_guitar
Dsp3rWxtOF0_000098_000108,tap_dancing
6KcwOQFlHh4_000007_000017,tap_dancing
8eTBGfdDT7M_000073_000083,stomping_grapes
cfTgMyZNGOg_000081_000091,playing_piano
8w6gTS8WEBI_000063_000073,bowling
ZWFfhi6u5Cw_000006_000016,singing
CpZBqdYWwZE_000097_000107,playing_bass_guitar
DexcBujhWVQ_000488_000498,playing_accordion
CzLZltyrzMI_000014_000024,singing
XW32lzJjZtw_000003_000013,bowling
BQgsEhGhiwE_000016_000026,playing_bass_guitar
KO3LPRz5o20_000081_000091,playing_xylophone
381lc1-g8Sw_000001_000011,playing_saxophone
SsoaGzoNTQE_000206_000216,playing_accordion
AW3agv6wpyw_000001_000011,chopping_wood
UZSQV-UWPGQ_000019_000029,playing_keyboard
Ih2NTgSPPdE_000285_000295,playing_clarinet
7fWjYTrQ56Y_000047_000057,playing_xylophone
BuhLdV_IxEM_000067_000077,chopping_wood
Ix1OHbf2Rmo_000000_000010,playing_bass_guitar
gw5a25Th0QI_000048_000058,shoveling_snow
VwxfKUdhx48_000011_000021,blowing_out_candles
8yPKT7m0p38_000125_000135,playing_clarinet
YnznpHEEuB8_000233_000243,bowling
-QJGnhkNZ9w_000007_000017,playing_bagpipes
eXiQmYi8LIo_000065_000075,shuffling_cards
E2VaXabDEcE_000073_000083,blowing_out_candles
Wyujp3urvuE_000012_000022,playing_piano
Xv-vnpMZxgg_000098_000108,playing_guitar
ELG3u5ROxDE_000076_000086,shuffling_cards
N4hdiK_G8rA_000208_000218,singing
NncuivTGewE_000045_000055,tapping_pen
-VLYS339Eis_000067_000077,playing_drums
MfvQevEuymU_000122_000132,playing_guitar
DlV1wZaU1OQ_000213_000223,playing_harmonica
GSqe4HmfKQ4_000001_000011,shoveling_snow
6Jy6q-C-sxE_000018_000028,playing_trumpet
PPlCt-K1kRc_000012_000022,ripping_paper
--6q_33gNew_000132_000142,tap_dancing
WyhQ4bjASAU_000004_000014,blowing_out_candles
EZvDchqHcow_000078_000088,playing_violin
7JKAUB1ZUbg_000004_000014,playing_harmonica
Ujkuw-Z80IA_000071_000081,playing_bagpipes
Jojljamx_4M_000185_000195,singing
geJpvTc1d-U_000023_000033,shuffling_cards
ElDi9jhxYw8_000032_000042,playing_keyboard
gY0mku7UTes_000057_000067,stomping_grapes
3cAfr1yw1AA_000013_000023,playing_guitar
AnyEHBnVnOo_000037_000047,blowing_nose
fbEI8l0GjzM_000025_000035,blowing_out_candles
e4DuzaioGwA_000069_000079,shuffling_cards
Er7cVh3iJ24_000070_000080,tapping_pen
a1XSqgYWcDM_000012_000022,shoveling_snow
VDV8OKtDZrE_000046_000056,playing_piano
M6K9Jw2sB_4_000053_000063,playing_clarinet
fZ1MXUC14aU_000059_000069,laughing
6Fbwd2Z2jEc_000104_000114,dribbling_basketball
LWly2lhBp6w_000702_000712,tickling
D05xwY7-yQs_000011_000021,bowling
MYnBPRGfuEI_000024_000034,dribbling_basketball
WsnpSHYLSeY_000194_000204,playing_clarinet
F_HifUHcq9I_000059_000069,blowing_out_candles
UZpSagPkOUQ_000265_000275,playing_drums
0v-37hu06eE_000000_000010,playing_trombone
0_tznV3JhCc_000368_000378,singing
82fOWaMMDW8_000402_000412,playing_clarinet
P_bwGxJSr4o_000064_000074,playing_xylophone
61oSwxR8ngo_000103_000113,playing_violin
5iUbxGKBDz4_000187_000197,playing_harmonica
g8wj7AWZHLk_000177_000187,playing_violin
acYNvr4pV60_000009_000019,playing_keyboard
BlzjyAEBdLU_000028_000038,playing_violin
Aw8j91xjt38_000015_000025,playing_harmonica
EqKvXiwD1so_000000_000010,playing_violin
IhPlIuVDWY8_000005_000015,playing_harmonica
ai75IMc06No_000001_000011,shuffling_cards
7H683FANMRQ_000059_000069,chopping_wood
CWPvOP7baRY_000001_000011,ripping_paper
Rj1XESHJWSg_000086_000096,tapping_guitar
3K_1W3YJ1BE_000262_000272,playing_organ
_ob0b79jAcE_000063_000073,shoveling_snow
Z86yQdAnAi8_000061_000071,playing_clarinet
0UTKZRo0HIg_000144_000154,mowing_lawn
SqEo-lvDKl0_000276_000286,singing
eta9co2RRWk_000064_000074,playing_harmonica
TVRvWxECzqI_000114_000124,tap_dancing
VEJJ3Ue_smo_000002_000012,playing_bagpipes
4OxLrA5-wRE_000021_000031,shoveling_snow
bqjqpzJckYs_000028_000038,playing_trombone
arFJDFXg23g_000043_000053,bowling
fmfOGWS2JF4_000004_000014,playing_bagpipes
QbllhzGQ92E_000015_000025,playing_xylophone
C0Gs9VX9Wkw_000095_000105,shuffling_cards
BBcTHQsMv10_000034_000044,singing
5cxreyLIy3s_000200_000210,tickling
0K1GHOu4viA_000150_000160,playing_bass_guitar
U18CfwYmYd0_000052_000062,playing_keyboard
7tAT9of_m9w_000033_000043,singing
U53Qo9sgbUw_000001_000011,playing_keyboard
LlEE4HhTotk_000111_000121,playing_organ
PHIvlw51vdY_000029_000039,stomping_grapes
HOhvzl72064_000027_000037,ripping_paper
LXlCoZNaJys_000008_000018,tapping_pen
Z4yHPR1cUDE_000002_000012,bowling
Iz8Iiz_Bqnk_000004_000014,playing_accordion
ZxMQ2R3zcuo_000005_000015,playing_violin
X7kyHFAh57o_000108_000118,playing_trombone
FAWbtJJiUNQ_000005_000015,chopping_wood
F1YnPQoKMP8_000150_000160,playing_violin
ArPLaRIN_qI_000048_000058,playing_violin
W1RnDy6xF7g_000157_000167,bowling
7aU8t6mhvm0_000029_000039,tap_dancing
37xjuUtuRhg_000007_000017,playing_trombone
2jYxKqfIBWQ_000099_000109,bowling
JQkxecqxOrI_000079_000089,playing_organ
KMRts5Ot70E_000071_000081,tapping_pen
G7JJLrflK8M_000001_000011,playing_clarinet
7tMtGnpNlDg_000184_000194,playing_harmonica
6ncrRg-OmmI_000234_000244,playing_guitar
THGxo1i7Bjs_000064_000074,playing_guitar
DkuAiz60SF8_000002_000012,mowing_lawn
IFlqQA7LYz8_000189_000199,playing_bass_guitar
X_7zpTEuHCI_000027_000037,playing_trombone
LbXtztjmxs8_000018_000028,blowing_nose
N_8eD1mnAMM_000001_000011,blowing_out_candles
awBGxFCJ9CQ_000118_000128,singing
FZu097wb8wU_000146_000156,playing_saxophone
SNtA1gYKQ0A_000082_000092,shoveling_snow
DeXre9LPQnk_000024_000034,playing_trumpet
8GxWehFZVRE_000000_000010,playing_accordion
9TTe5Jxn0fk_000023_000033,playing_saxophone
avGXdeE5zSY_000094_000104,bowling
5Plwsrz-8b4_000000_000010,playing_keyboard
Jn-juUibYBk_000016_000026,laughing
068UUAWp55Q_000004_000014,playing_saxophone
GUAN6epWKHQ_000021_000031,playing_violin
QRx2vwA5RKg_000073_000083,shoveling_snow
HEUPgVxGh3M_000015_000025,laughing
HHNmiR7e9JA_000050_000060,blowing_out_candles
CM3jmQELCY4_000124_000134,playing_trombone
G0omC8bvMZk_000001_000011,playing_accordion
LkTKXUurTcA_000087_000097,singing
Qs1zbRzeucE_000104_000114,playing_bass_guitar
QKyuMMtmaE0_000028_000038,shoveling_snow
SJUmu8WpneA_000007_000017,blowing_nose
AHR7QMi4C90_000105_000115,playing_drums
2EKjWuTq98k_000000_000010,singing
7fnzpI_GSDc_000003_000013,playing_harmonica
4CLJJkIswgE_000001_000011,blowing_out_candles
J73U7cb0l1E_000104_000114,playing_piano
1bIuR3fuVdc_000035_000045,singing
ByIMA5zM8Z4_000008_000018,tickling
fwJpRe14dbw_000010_000020,chopping_wood
b8SzNLeZLdk_000029_000039,tapping_pen
Wy96R1Bykl8_000004_000014,playing_harmonica
PxrTknyG714_000001_000011,playing_harmonica
P3SlMaPz8Tk_000013_000023,playing_saxophone
6D5eqVcomNo_000000_000010,shuffling_cards
VZFhdgYY-Vg_000390_000400,tapping_guitar
eIw7YP7LIo0_000164_000174,playing_trombone
8OxIUyKgyO8_000013_000023,shuffling_cards
QN5H3f-nRTw_000000_000010,playing_trumpet
cn0j4gPfCOY_000005_000015,playing_saxophone
QsM34xK0Pks_000003_000013,playing_piano
6p_FpjPhBNI_000248_000258,playing_bass_guitar
9K6a2SLRGGI_000002_000012,playing_bagpipes
S5-2dhCdzOQ_000002_000012,playing_xylophone
Kt7QiBj3ofc_000027_000037,playing_bass_guitar
BEqONBQauhg_000064_000074,singing
gxUMagpSaI0_000094_000104,mowing_lawn
4Fyiyzh0LAg_000090_000100,playing_violin
AsghD21CFr4_000054_000064,mowing_lawn
61jc3Uc131A_000007_000017,blowing_out_candles
X8Xbf2qzFvo_000007_000017,blowing_out_candles
Lmro_lEqjf4_000017_000027,tapping_guitar
eU7pJ0AVTHo_000051_000061,tapping_guitar
WMXr-Ki1S68_000010_000020,playing_xylophone
HTbLZYDgTmg_000020_000030,playing_accordion
HnIRfHCX2Mc_000031_000041,playing_guitar
c0YzAQDdXQA_000039_000049,shoveling_snow
A1v_p-lMUo0_000054_000064,shuffling_cards
KUbxXzFE_to_000046_000056,chopping_wood
ZtiSAqZFx1A_000003_000013,playing_trumpet
8mKZmYh4p9A_000004_000014,bowling
ZpQNOD_bgNQ_000009_000019,shuffling_cards
GPdbnGqQzd4_000057_000067,singing
MnfCxu6vyuo_000046_000056,shuffling_cards
CqvwMX0Ce_g_000012_000022,mowing_lawn
BIzVxB2w0uQ_000005_000015,playing_accordion
CXYWKVZDdv4_000000_000010,bowling
UtmigUKjb74_000115_000125,shoveling_snow
CLTxe4qqDOk_000111_000121,tapping_guitar
HJa5OzvQj5A_000065_000075,tapping_pen
F_WZZd7efr0_000178_000188,playing_violin
4IJz6SDn1UQ_000001_000011,playing_trumpet
gxgd4axE0h0_000338_000348,dribbling_basketball
QzeXZxOnpAs_000020_000030,tap_dancing
-erfdAkSa1I_000006_000016,tapping_pen
-VMdyhBgByw_000014_000024,bowling
F6jJwcwpuhY_000083_000093,playing_drums
MF5Ii8yEtcQ_000029_000039,dribbling_basketball
P83REbI3xkg_000246_000256,playing_drums
5MkE6YGIntw_000001_000011,tapping_guitar
M7myEP8cHXg_000007_000017,playing_xylophone
8HhQHc4N-QU_000022_000032,mowing_lawn
IuNgVzNsREw_000016_000026,mowing_lawn
Gb38FGRSsaQ_000139_000149,playing_drums
OIl05wCdNEo_000021_000031,chopping_wood
0lSG_XwYTHg_000085_000095,singing
N9K2anEQFgk_000038_000048,blowing_out_candles
KS43CrEalgc_000009_000019,playing_accordion
PVvSDZMvyoE_000037_000047,playing_trombone
gDmjl8dxz8g_000035_000045,tap_dancing
5q1alWNVmKw_000038_000048,tickling
Aa9QHkb7UqY_000043_000053,playing_trumpet
SDVvGImJEvA_000013_000023,blowing_out_candles
DRyXMbcAiTs_000187_000197,playing_guitar
Okl6mc9rvMk_000004_000014,playing_piano
_IgRmTODPJw_000072_000082,playing_harmonica
gYpEFix4Xf8_000030_000040,tapping_guitar
XqveqgF9DNI_000044_000054,playing_accordion
NoscwPZ6Sw0_000069_000079,playing_clarinet
F6cS5xXF6Bc_000024_000034,singing
dq8f6lBI2ws_000002_000012,mowing_lawn
Y-EalCdApwY_000031_000041,playing_guitar
1IY8xPwq8LI_000036_000046,dribbling_basketball
R1UgI0y-l1o_000024_000034,chopping_wood
c2WyxV0dxjo_000296_000306,playing_clarinet
35sOnKI_uwc_000036_000046,tap_dancing
WDruQE5r0Zg_000072_000082,tapping_guitar
cRoKp1r2Jl4_000043_000053,ripping_paper
7KPPVTuv4PU_000042_000052,tickling
H1ldhks9fFM_000019_000029,chopping_wood
Bu9cc4d1bOs_000092_000102,playing_trumpet
9emBZV_ns_0_000013_000023,playing_harmonica
AvlARLCmHnw_000095_000105,shoveling_snow
R7XFh8qy2o4_000044_000054,playing_keyboard
CeWIinTraP8_000155_000165,playing_clarinet
X5W6r5U7yBE_000239_000249,chopping_wood
BCFa8Nz2b9o_000009_000019,playing_piano
UCBR7eDQgQ8_000013_000023,playing_saxophone
O8VzGfHyaF0_000196_000206,singing
cM_A8Y3DJGU_000020_000030,tickling
8fx6ZHy1dlk_000120_000130,tapping_pen
aLGiIsViiX4_000025_000035,playing_trumpet
WOz_bNVY7OA_000046_000056,tap_dancing
GuuA9N6YyHU_000027_000037,playing_clarinet
F3Cdrk06jiE_000021_000031,playing_harmonica
N2zn3A7Ufg4_000016_000026,chopping_wood
YX5nW69xwMc_000006_000016,singing
XXW3bTn-q10_000020_000030,shuffling_cards
GN8iqjNOEA4_000001_000011,tapping_guitar
J7gZ2PpW8Ic_000017_000027,shuffling_cards
3qlTOQhiYYQ_000053_000063,tapping_pen
ZA_P00fdmgA_000000_000010,playing_piano
SDbRmVXmSWg_000074_000084,playing_guitar
Tz6A1Mqh1-U_000288_000298,tapping_guitar
-Z7f9FsEGKI_000092_000102,singing
Q4UP9C5Xxwk_000010_000020,playing_violin
Tj0rFf1h_-0_000000_000010,playing_saxophone
QYXcpCDyLvo_000401_000411,playing_accordion
JpUIefJGBLg_000006_000016,playing_trombone
F7J3O3cgKlw_000257_000267,playing_guitar
AxOprIUgsbo_000003_000013,dribbling_basketball
AVaAnrRi8Pk_000012_000022,playing_organ
IL-HjjwJW1o_000031_000041,laughing
VmSP8jHJIfk_000464_000474,playing_bass_guitar
CE7BRDlu13Y_000009_000019,playing_saxophone
YhD2aZWNYHM_000023_000033,playing_trombone
NIeKZtEuE_4_000002_000012,singing
0X-bncPSKnA_000047_000057,singing
MGc3ib49Iag_000051_000061,tap_dancing
gqFJerB24Fc_000042_000052,blowing_out_candles
GEiuqm_yhaQ_000088_000098,playing_bagpipes
B_yyA_7QIpA_000017_000027,playing_keyboard
NNMzkUTw0fE_000029_000039,playing_harmonica
I4ASQfDoFvs_000093_000103,playing_accordion
LOERbdHvc7k_000001_000011,playing_piano
BvIVjJ3FqXc_000056_000066,playing_xylophone
YFTO3Uv1t8s_000022_000032,playing_violin
CDr6whK0WJc_000002_000012,playing_accordion
T_7SwZB3_0c_000087_000097,singing
5BV-znc8PaI_000019_000029,blowing_nose
GFr0NFJTH14_000018_000028,tap_dancing
E69JF0-028Q_000139_000149,playing_trumpet
OKqsLRjDBAo_000008_000018,blowing_out_candles
2ngmait2oWc_000041_000051,playing_guitar
S5YSGsuEWV0_000005_000015,stomping_grapes
OXRo5NVArTM_000000_000010,playing_bass_guitar
JZeB409az-8_000029_000039,playing_drums
8KBSPl-YnBU_000055_000065,bowling
CQgQVi_AEKM_000160_000170,singing
drjzVEEgzxI_000144_000154,playing_violin
JNZNmPjyQOE_000017_000027,tapping_guitar
bvEx2oyNVTY_000004_000014,bowling
TF6cnLnEARo_000052_000062,playing_guitar
egfzXatr0jc_000074_000084,playing_clarinet
dfvpy6l-vio_000058_000068,tapping_guitar
GbGZqoAVQvQ_000147_000157,singing
GcS2cEBcv0o_000000_000010,playing_harmonica
DdhOYnFeRSA_000094_000104,tap_dancing
3dwtCn6nmoQ_000167_000177,playing_drums
bsAHRJXMnqk_000068_000078,playing_piano
YHI_vKylle8_000015_000025,playing_trombone
ci6YPGQedr0_000054_000064,bowling
TELaRyfa_dU_000267_000277,playing_guitar
QvzBfn86Z-k_000078_000088,tap_dancing
IxzNh8YDO-8_000099_000109,playing_trombone
Gu60Ik2y3Pk_000119_000129,tapping_pen
J8vCjfiaL68_000002_000012,playing_accordion
bvc2Sh9Bb9Q_000094_000104,tap_dancing
3UzFlKryiPc_000176_000186,playing_harmonica
bCBgx0UgVyQ_000145_000155,playing_xylophone
-239HZbaZ0M_000164_000174,singing
eaBwyUsZpb8_000151_000161,playing_drums
HCdgL8NhTJQ_000054_000064,playing_violin
fbzXuwa5UCg_000117_000127,playing_saxophone
8-iwlfcciHI_000195_000205,singing
B2GtZobnYik_000131_000141,dribbling_basketball
OzvkMjC747M_000041_000051,playing_trombone
OiE7d2Lg5KI_000001_000011,bowling
YR4fDFV0qjw_000184_000194,playing_violin
9FP6KggcxkE_000045_000055,playing_accordion
Dim1kzFUBRQ_000075_000085,playing_bagpipes
P7xPz0Wa3pk_000187_000197,playing_guitar
SsgYF1rnCXA_000019_000029,playing_harmonica
-b5vQ-sabYg_000003_000013,playing_harmonica
LDDhE5VTjKw_000028_000038,mowing_lawn
emTIfiOWmJE_000035_000045,mowing_lawn
8L0G6AxkQpM_000046_000056,playing_trumpet
25Kv62xcdeA_000471_000481,tickling
VkESMfbzeCY_000219_000229,playing_organ
PHfV81eXeHE_000087_000097,playing_guitar
JCyUgLgefqE_000174_000184,playing_trombone
IOgmMeQIrMU_000029_000039,shoveling_snow
dVLs7V0B4PA_000000_000010,blowing_out_candles
cdt6XZCCKOQ_000205_000215,playing_clarinet
HjLuh_fRlM8_000037_000047,playing_piano
SOKuPxUxfq8_000187_000197,playing_drums
CYQcdbjum3o_000028_000038,tap_dancing
gNJcdmk2AIo_000098_000108,playing_bass_guitar
3ZAdEZunYTA_000000_000010,blowing_nose
efh4d3Hy_1g_000683_000693,playing_guitar
MpcBP1uFKoc_000004_000014,playing_guitar
S4rqqsijqJE_000017_000027,playing_violin
3k3xV5RXRn8_000092_000102,playing_accordion
aAqj2sGn00E_001332_001342,playing_accordion
XabutVxg1Ew_000000_000010,shoveling_snow
7X-wOtBsgPk_000036_000046,playing_accordion
1oR8FSr-eyw_000184_000194,singing
GBCS7cuZ0Ew_000005_000015,bowling
JCVDz4BeWTg_000101_000111,playing_violin
g-O4GuP4a8Q_000033_000043,dribbling_basketball
ADrZM3sk_2w_000000_000010,playing_guitar
4GlqL6-kuns_000016_000026,chopping_wood
7aCJmS_qC0s_001209_001219,playing_clarinet
UTtWPjJpLuA_000260_000270,playing_clarinet
fII7OunkOYE_000001_000011,blowing_out_candles
5HfUDHuZiUc_000162_000172,playing_guitar
geO9N_6iKFc_000000_000010,bowling
J665jQBTVoc_000003_000013,playing_accordion
T6cUu12L6mw_000000_000010,tickling
Egx1XKjDTy8_000000_000010,dribbling_basketball
C5lqUa861lo_000023_000033,playing_piano
NNX6Md4uu7w_000047_000057,playing_harmonica
gzB9bdnPoBM_000131_000141,playing_clarinet
8VFNb3ZMMTo_000007_000017,shuffling_cards
NK4GiJ7xsrw_000071_000081,playing_accordion
d3U53Fq8234_000010_000020,playing_bagpipes
9jDR_2Zsr40_000072_000082,chopping_wood
cDP05_Cm1iQ_000510_000520,playing_organ
DBicFSLfz_I_000020_000030,playing_harmonica
av1horq0k70_000202_000212,playing_bass_guitar
VjrNeYsUGs8_000114_000124,playing_organ
Q5OlKtd_tN8_000114_000124,playing_drums
CRwRJUv3haw_000000_000010,dribbling_basketball
_zXzqZryIeo_000225_000235,playing_clarinet
KaCV2msKn_w_000043_000053,mowing_lawn
bOg53tJRx5U_000012_000022,playing_trombone
ekbDeRV0DTE_000030_000040,mowing_lawn
HLfvF13uRQk_000117_000127,playing_trumpet
Y_jNsq241MI_000001_000011,playing_saxophone
F7hoXLIp0rk_000016_000026,playing_accordion
Yg_RKUOW4Bw_000033_000043,blowing_out_candles
HzLVimnQxFY_000014_000024,laughing
gLsbR4hi-_o_000087_000097,playing_guitar
ec9XmxynBAU_000007_000017,playing_saxophone
5EdZeca8TWk_000471_000481,laughing
Ty7wm90y1dI_000014_000024,blowing_out_candles
-Q8pn_086zo_000202_000212,playing_keyboard
-LblDlF0WZ4_000078_000088,playing_saxophone
8zS5r_VnFdk_000016_000026,bowling
CDrgC8_nYr0_000027_000037,shuffling_cards
JcJYnBs7e5E_000286_000296,playing_trumpet
QXZ7SOWuD-o_000049_000059,tapping_guitar
Da-3tSQ4Y2A_000087_000097,ripping_paper
3LRJ8jZ94Bs_000027_000037,tapping_guitar
B5Qroh02WEw_000074_000084,singing
N4s-qvJFKlY_000070_000080,stomping_grapes
C7qA2ROsjJQ_000060_000070,laughing
YdvFZElDDV4_000013_000023,blowing_out_candles
e8HirCDwcfo_000001_000011,playing_accordion
_wCQW67YPuw_000043_000053,singing
ecJOZGsrqdk_000017_000027,shuffling_cards
cmmYjST80QA_000013_000023,dribbling_basketball
NImFjhdCBrA_000041_000051,playing_accordion
AwNeHtu8Ftk_000176_000186,playing_saxophone
Ki80-MDDJCI_000002_000012,playing_accordion
TEwJ7TJ-0Ig_000010_000020,chopping_wood
h87zjpaggYs_000096_000106,shuffling_cards
HiS6JR7jkAs_000019_000029,playing_organ
KHqay2j4IhA_000006_000016,mowing_lawn
PKYg6_rs3LQ_000015_000025,chopping_wood
Krl7EJC8cpU_000027_000037,playing_trumpet
-4uHANzXV6k_000822_000832,playing_trombone
YXl4cEB7E3Y_000002_000012,playing_bagpipes
5zNt24_27oM_000004_000014,bowling
NJ9A6Kbp3Yw_000009_000019,playing_xylophone
fz4gnWdaHQc_000016_000026,playing_bagpipes
5EHKSV0jLXQ_001491_001501,playing_organ
U-62WGS1Yec_000003_000013,playing_violin
PnFjNLfjenw_000056_000066,shuffling_cards
17u2o3lgVp8_000197_000207,singing
N0ntmNPk38c_000250_000260,playing_bagpipes
azzqtnY7hdU_000006_000016,playing_xylophone
408dvHcEjFg_000009_000019,laughing
7-dJw-8NvCk_000004_000014,blowing_out_candles
KE7x7HXeUYI_000033_000043,playing_keyboard
OOsTaESuo8E_000002_000012,playing_piano
gHe7SRBnpm8_000091_000101,playing_accordion
9eNU4wUPtP0_000013_000023,playing_keyboard
-uWc-xNt-1I_000004_000014,shoveling_snow
4igvehYCc7U_000112_000122,playing_guitar
65oLHzPjPLA_000100_000110,playing_organ
IS88nF2067I_000000_000010,playing_drums
I7I3aofjG-w_000027_000037,playing_drums
Ax7FFNYeNeQ_000020_000030,playing_accordion
ftbkj5NgIg0_000021_000031,playing_trombone
Yf0xxPONOvY_000046_000056,laughing
X4_NwpGsc6Y_000134_000144,tapping_pen
7tYZtTS10Go_000040_000050,playing_harmonica
ZqDsqLVO94c_000015_000025,mowing_lawn
WRfzlt9e560_000118_000128,laughing
dtB2j-n6g84_000003_000013,playing_harmonica
6gRaZ0Xp6m8_000031_000041,tapping_guitar
_KO7xYXL7O0_000031_000041,playing_keyboard
cJpJlLTE3zA_000022_000032,tap_dancing
82WTPfT1mFs_000172_000182,playing_trombone
NIWv1KT41DQ_000015_000025,bowling
MoimEI8lfTU_000034_000044,blowing_out_candles
hDv4VxoIXTI_000675_000685,playing_saxophone
AKvmVIV4XUA_000027_000037,playing_accordion
U5f46WgcfGA_000004_000014,chopping_wood
Dac91FrjgbE_000068_000078,tap_dancing
RFyvKeaVIu0_000067_000077,playing_guitar
YsABLBCV5Ak_000082_000092,playing_keyboard
dr89KBiQ2t8_000090_000100,tap_dancing
8Z16LZ_OEP4_000010_000020,playing_bagpipes
CFAvtpRkVlY_000000_000010,bowling
USHXAom2xsw_000020_000030,tapping_pen
V_geBE8fB-Q_000220_000230,playing_violin
6s9pZAUrWSI_000032_000042,laughing
18YMaTNTEnU_000319_000329,playing_saxophone
OpEC1SL7R6Q_000094_000104,playing_drums
6EDjDZMBh6E_000008_000018,mowing_lawn
7Yxv6MpfR3k_000153_000163,playing_guitar
5oE8FoX7RrM_000003_000013,shuffling_cards
1Krn8hNJGso_000028_000038,shuffling_cards
BbFWxhn2UsE_000351_000361,playing_violin
0H56Ph8YMpc_000005_000015,bowling
aP0rKclLTYk_000020_000030,blowing_nose
7Z4Ex1jQlN8_000070_000080,playing_xylophone
A3ILt2sLd6I_000024_000034,dribbling_basketball
UqY-Q1WcvX0_000228_000238,playing_violin
NAqPNFKc0C0_000136_000146,playing_clarinet
NINngSwdpok_000006_000016,playing_keyboard
4wYxmO9Xs-c_001281_001291,playing_clarinet
FoSMSICu2nw_000122_000132,playing_clarinet
JwPIKXzIOgY_000102_000112,playing_keyboard
AyLWmGqTm0E_000000_000010,ripping_paper
RcY45YWeTs0_000110_000120,mowing_lawn
e1FBHUl1fKo_000080_000090,shoveling_snow
bEwG8SIAWJw_000013_000023,chopping_wood
8toLSQt-7s0_000001_000011,ripping_paper
71V0xxbTkY4_000026_000036,tap_dancing
A4fZahbfIms_000093_000103,playing_trumpet
DSl5oc3FJh0_000003_000013,blowing_nose
OvURr4qpVls_000055_000065,playing_clarinet
329SDWDqVko_000063_000073,shoveling_snow
Y0-HQYJUu6A_000077_000087,singing
7nvtGi5Ujr4_000092_000102,playing_harmonica
LGt26_P-S-Y_000036_000046,playing_bagpipes
6So4wg3pTYg_000340_000350,singing
OHg9-Dqd2Jk_000003_000013,blowing_out_candles
Xsdq2Bs5eJQ_000086_000096,playing_trombone
NIeg_aXGmFs_000044_000054,singing
NXTuqpvB_Do_000000_000010,playing_xylophone
GWpIv3ZgpeU_000029_000039,playing_keyboard
ZsXCKj77p7s_000000_000010,tapping_guitar
JVOT_aV9xNU_000004_000014,playing_piano
P1BNz-y3T0A_000003_000013,playing_clarinet
Ac3ni0EE0hw_000146_000156,singing
I25QGuIEZ5U_000058_000068,blowing_out_candles
C06FHZRBadE_000000_000010,playing_bagpipes
P35aWtdDPQY_000003_000013,shoveling_snow
b-HPRAAJ-L8_000263_000273,playing_saxophone
HVcIvI85vHY_000066_000076,tap_dancing
h6_FnmFq6CE_000003_000013,bowling
aZ74j4B7cTY_000013_000023,playing_keyboard
V4JfbEh3OwA_000085_000095,playing_guitar
QZDe6Z-Ye6s_000022_000032,playing_guitar
CZF7gcXOc-E_000072_000082,tapping_pen
aPCeIyGP1kQ_000166_000176,shuffling_cards
PIaRJpLmfn0_000011_000021,playing_trumpet
4PbWk_2Djck_000015_000025,blowing_out_candles
FWigb3IoOWc_000190_000200,tap_dancing
duI4cyPmpx4_000003_000013,playing_trumpet
1Xbd2knWErk_000025_000035,mowing_lawn
M03rZLSGDxQ_000035_000045,playing_violin
Mh7EKMQXMh8_000011_000021,dribbling_basketball
Tz8oVdYo9cg_000069_000079,singing
HHtteRstOOI_000021_000031,playing_saxophone
P73vebch-Qw_000017_000027,singing
T_RPKK11kq4_000139_000149,playing_drums
1K1rWKze6TI_000019_000029,playing_trumpet
B9_P7cVhNVw_000355_000365,playing_trombone
c-40GnS3Heo_000051_000061,playing_accordion
ZPendo6dtpM_000002_000012,playing_harmonica
a4lHmubzgiY_000154_000164,playing_guitar
B2fHrYODnlU_000016_000026,shoveling_snow
N_llMqOPk70_000055_000065,playing_trombone
ekST2yY86lw_000170_000180,playing_bass_guitar
1B63sueiDxM_000761_000771,mowing_lawn
Uihv5q4wQak_000001_000011,singing
dyK28J8ClXg_000001_000011,playing_trombone
6qIRTcC0d_s_000072_000082,playing_trombone
8WO9BuYxfMM_000000_000010,dribbling_basketball
fW2GcoKuXF8_000038_000048,shoveling_snow
L_zYDH27MbE_000001_000011,playing_violin
6XmZiT74ya4_000002_000012,blowing_nose
gJwze32LyvE_000004_000014,blowing_out_candles
7oRqfDEm6X0_000007_000017,playing_harmonica
BNAWKTxmR-s_000160_000170,laughing
-araxNMgKLs_000324_000334,playing_guitar
OIAE59H0nVQ_000073_000083,playing_guitar
HQVRWi-fVAI_000189_000199,playing_organ
J1vyPVxoZiI_000000_000010,playing_bass_guitar
3gaE6kCFXMg_000089_000099,tap_dancing
Oi4WDUPYvfY_000259_000269,playing_guitar
OFMlEg1gqgg_000049_000059,shoveling_snow
duKiLEYzRwM_000133_000143,playing_keyboard
6AfEwxJbdEY_000018_000028,singing
DyQVNPhY1Kk_000000_000010,playing_trumpet
AcrHz0ynafg_000136_000146,singing
Ipb86GuKu7k_000012_000022,playing_bagpipes
Wifw3f5JnKY_000062_000072,playing_guitar
S_l8mpRfZZc_000003_000013,playing_violin
feU9kkV3U6g_000037_000047,playing_guitar
QInKozon8AU_000047_000057,playing_keyboard
QX4A1ykbzww_000013_000023,tapping_pen
TIlqWOIZBN0_000255_000265,playing_violin
QtSKmDvB7Ds_000132_000142,playing_bass_guitar
1-diSjtnG48_000202_000212,playing_guitar
bOwDpriLxT0_000010_000020,blowing_out_candles
JSIlJa3Hli0_000038_000048,shoveling_snow
0jIajLhY7nQ_000101_000111,playing_drums
O_YxxnMKlAw_000000_000010,tapping_pen
02lHl-AlVZw_000000_000010,ripping_paper
g9BvJsZ06bI_000216_000226,playing_trumpet
30B7F19Gk2g_000145_000155,tapping_pen
CYkr9EQ-A9Y_000021_000031,playing_organ
RyKX0J01aoU_000108_000118,playing_saxophone
ZFdQN8E4HHs_000024_000034,shoveling_snow
VvgC5z3TGWE_000005_000015,dribbling_basketball
DSUUw7ZyaiE_000014_000024,playing_trumpet
fzDEg-mj4vI_000000_000010,playing_xylophone
8MVQ56xpJpQ_000219_000229,playing_bass_guitar
4jr9MDvQsYU_000095_000105,playing_bass_guitar
cTE0NwLsjnQ_000001_000011,playing_violin
NXh5xjqpqaA_000033_000043,playing_drums
TYw-SfDU9fY_000041_000051,playing_keyboard
HA7Qjo3Ryyo_000040_000050,playing_piano
LYdntsKOiiw_000033_000043,shoveling_snow
MMzEI4Ml5lQ_000074_000084,tap_dancing
NEKRvLEM5Cs_000015_000025,playing_trombone
a3nPW-r9uUA_000000_000010,playing_violin
fpCo9vXA3EM_000164_000174,playing_guitar
HBvFGhKE-ow_000211_000221,playing_saxophone
fgwTZwwh_yA_000024_000034,mowing_lawn
L3zG6duKsUI_000094_000104,playing_saxophone
bg_wT-1TG54_000022_000032,tapping_pen
g-YFhplMSok_000048_000058,bowling
Wei7rB2tTHA_000068_000078,ripping_paper
-K3W2m46ezw_000001_000011,shoveling_snow
ZbIzYqus6A4_000023_000033,dribbling_basketball
Kge3lZA0CUw_000054_000064,playing_bass_guitar
F901uSRsV0o_000002_000012,tapping_guitar
HReDBzf43qM_000015_000025,blowing_out_candles
eEXo4Rv7TUY_000095_000105,singing
Ef6iUsNCbo0_000105_000115,playing_accordion
FjKqrMHTjZ8_000033_000043,tapping_guitar
LmihU1-me7I_000002_000012,playing_trumpet
NUqYGc7pmfE_000222_000232,playing_clarinet
FCpOFD7e_tc_000011_000021,shuffling_cards
Ry4GdJN2TWc_000072_000082,playing_harmonica
cuiFa2GUBcA_000000_000010,blowing_nose
DfnKL_glVT0_000169_000179,laughing
4G_Ubve6taw_000119_000129,tap_dancing
Wf7t4sd0rnw_000018_000028,blowing_out_candles
5puCoS_kuu4_000011_000021,playing_piano
H4ZAxeFI_p4_000309_000319,playing_guitar
Fqkx-Ll-FEE_000142_000152,stomping_grapes
U_MqcDr0kPo_000003_000013,mowing_lawn
9P0sn90oU10_000020_000030,chopping_wood
49NWFhcA4qk_000018_000028,dribbling_basketball
BxCWZEuokrM_000021_000031,playing_drums
2YnmRDZ_OK4_000016_000026,tap_dancing
Dw8BGGcSMC8_000021_000031,playing_harmonica
2qzRp5d8TLM_000113_000123,playing_bass_guitar
UEdp2NAdcL0_001195_001205,bowling
MIlEjQlvTaI_000148_000158,stomping_grapes
Qmk67qY-P3o_000092_000102,bowling
1vx4V5bhyWc_000005_000015,dribbling_basketball
8bIzkMIoOgQ_000027_000037,playing_saxophone
50ZAclR5-PA_000036_000046,dribbling_basketball
9ERCPKoc9R8_000043_000053,blowing_nose
X8tRmTKcW40_000140_000150,playing_trumpet
AWjye1GnwX0_000094_000104,laughing
8mM8HlTsmx0_000106_000116,dribbling_basketball
7Y6AN6eIucQ_000003_000013,ripping_paper
6fnMWnT1wCs_000009_000019,playing_violin
Op1OuBYRKB0_000249_000259,tapping_guitar
JpsYrlMiU90_000134_000144,laughing
A4kuLj9xGh4_000062_000072,singing
Tuen__jaklo_000012_000022,blowing_out_candles
fa2-9EOqMJ4_000074_000084,playing_keyboard
EcrdSx4hgt0_000000_000010,playing_violin
3PjX1aZm6Y8_000017_000027,playing_xylophone
QhOwgmcFg20_000273_000283,playing_drums
Q9nNjFqdHLo_000353_000363,playing_bass_guitar
IvLoXmQR0gY_000110_000120,playing_drums
-KkHyoafXmw_000073_000083,blowing_out_candles
1GqjlYd-a84_000003_000013,playing_accordion
5Yd9IgzhPyg_000004_000014,playing_saxophone
WdQMVrvEr48_000369_000379,playing_clarinet
R0kwAwNMBao_000049_000059,playing_organ
dlPIvfxkorY_000002_000012,playing_harmonica
-cijRBhQy6g_000022_000032,mowing_lawn
HrwhHkvitiU_000028_000038,blowing_out_candles
EHO5CBKWiA0_000002_000012,playing_accordion
6kpD_ri63aQ_000236_000246,playing_violin
E6xld8vbBJs_000018_000028,dribbling_basketball
QbwqnK7iw2E_000253_000263,playing_xylophone
IkuOsjFx9jw_000079_000089,laughing
6K0FQr8orUM_000000_000010,playing_violin
AUJ3GQ0QrEs_000037_000047,singing
_DNoC4dv3DQ_000447_000457,ripping_paper
7L6UYyOIjnw_000059_000069,tap_dancing
MwdSO1SJDH0_000004_000014,playing_trombone
0hheK4sUTls_000245_000255,singing
IxqIBAsBoAo_000029_000039,shoveling_snow
ZERLhq2_ZsM_000007_000017,dribbling_basketball
aPxlGta2uhQ_000065_000075,playing_xylophone
UGWrQ2XyKB8_000020_000030,laughing
3TztMdl7CJs_000118_000128,playing_harmonica
ERJQHEboy78_000015_000025,playing_trombone
DtIchTpvLas_000009_000019,singing
4ZjOJaQLKtU_000051_000061,dribbling_basketball
_HuNpzuQLWw_000052_000062,dribbling_basketball
H5taUfoMw1Y_000003_000013,playing_harmonica
2omGWBpGrS4_000000_000010,playing_keyboard
ddITSu5w3tM_000022_000032,tapping_guitar
fQIVDWq4N2s_000113_000123,playing_bass_guitar
eScXzMoDI5Y_000226_000236,tapping_guitar
Q1DtoZkdshI_000037_000047,playing_bagpipes
5G6_2bnIbTE_000144_000154,tapping_guitar
eTrDECkgVSI_000006_000016,bowling
-vhcfkKOILw_000003_000013,playing_xylophone
TCzkZ866Mb4_000026_000036,tickling
Kv3E54ussYk_000034_000044,playing_accordion
azmTLjWNN3g_000074_000084,playing_drums
aGDAtAhH16g_000036_000046,chopping_wood
IbJdSmBuwss_000001_000011,playing_trumpet
eV_ByrKkz2I_000004_000014,playing_bass_guitar
TRsslkvzJys_000009_000019,blowing_out_candles
ApRFzQG2gNs_000006_000016,playing_trumpet
2hV7LvlkHOM_000092_000102,singing
ZO3-HZyqiPo_000091_000101,tap_dancing
C0XDMN0UtZA_000001_000011,blowing_out_candles
8TwARIR3Pg4_000014_000024,playing_saxophone
WEVGPxZxplo_000162_000172,playing_clarinet
fuWM4KcseQs_000033_000043,playing_harmonica
3XJ8A1FFxY8_000097_000107,playing_accordion
14Om4iy6vdI_000005_000015,shuffling_cards
FtsxewtNggw_000007_000017,tickling
MDSDGif9d5E_000005_000015,playing_harmonica
0L4yY7fUytA_000014_000024,bowling
7CsEuzr6ZyU_000000_000010,playing_organ
2mu7dsl21IA_000010_000020,blowing_out_candles
L2FZlLDeItc_000001_000011,playing_keyboard
QBsnbkxjdCA_000038_000048,shoveling_snow
9oH1ULzHimM_000023_000033,playing_harmonica
4RsZIh9NGkc_000006_000016,playing_harmonica
KVJHDLSC4BY_000034_000044,tapping_pen
fuIh5SCOGxQ_000016_000026,playing_harmonica
_7R9xNYr8lY_000020_000030,tapping_pen
2TINdwvpFxM_000094_000104,tapping_guitar
TWdMVwXShEM_000034_000044,tapping_guitar
Pu-mBnpqpsM_000052_000062,tickling
QCu4_5eNt2c_000035_000045,playing_saxophone
7tGb6extFGw_000216_000226,playing_violin
4-_ccFsD8S8_000022_000032,playing_trumpet
3IKbEKtpaEQ_000081_000091,tap_dancing
OsiItwOpP0E_000033_000043,playing_harmonica
FKKmNm-sdpg_000029_000039,chopping_wood
99WuH95I5zk_000112_000122,tapping_guitar
EBcXxCx8JeQ_000062_000072,blowing_out_candles
1OQN3wauDbE_000206_000216,singing
NXMmdKC9SJ0_000053_000063,playing_bagpipes
LZC9MLWo9bE_000056_000066,chopping_wood
_PgBWt5cWHI_000069_000079,playing_guitar
OuxEkB9dGzY_000053_000063,singing
Hz2G_BfZ7KU_000007_000017,mowing_lawn
P3KLZBOIJB4_000548_000558,playing_harmonica
0OxmVMYh7sE_000062_000072,singing
DZ5VXGo46YI_000035_000045,singing
QKKDVMxrS7g_000095_000105,mowing_lawn
CBYrPJVBjg8_000231_000241,playing_trombone
VqEKuW0MKP0_000048_000058,stomping_grapes
4wl_Yzvnops_000062_000072,playing_bass_guitar
cRgGrW1sYsA_000026_000036,mowing_lawn
FN-2N4rAeg8_000093_000103,playing_bass_guitar
dFkdab5i1no_000000_000010,playing_bagpipes
BbWdOPQGWB4_000002_000012,blowing_nose
TSLDZiJyvc0_000006_000016,playing_clarinet
LZXpLuwCRnc_000111_000121,playing_bagpipes
GZH99rMTt-I_000131_000141,tickling
50dHIwqvp5A_000338_000348,dribbling_basketball
-WNc5eF9kvU_000091_000101,playing_trumpet
RM8hTwrdvPQ_000002_000012,playing_harmonica
ZeOCRdXog4U_000071_000081,tapping_pen
g7e3JWnLEDY_000032_000042,playing_harmonica
ARFuIr8BohM_000024_000034,blowing_out_candles
E4xnjJGpvLk_000139_000149,playing_trumpet
UDjmL0Q4exE_000098_000108,bowling
UHwRd9Fdl6I_000042_000052,playing_bagpipes
FuN9elBB4QM_000004_000014,playing_organ
A9Id1gMZsQk_000000_000010,tapping_guitar
AYMHn_F5eBQ_000243_000253,playing_bass_guitar
avN_oGEoTcI_000385_000395,playing_trombone
UyKS8rl083c_000000_000010,playing_harmonica
SUYlgEVrFPk_000000_000010,blowing_out_candles
Q9cczYTfbjw_000036_000046,playing_accordion
Xdly4hgixp0_000030_000040,playing_accordion
K-dQZLyVzto_000000_000010,playing_violin
WgqbfynJrt0_000457_000467,playing_bass_guitar
OTPaPdggLT0_000039_000049,shoveling_snow
2b1DczclS4Q_000025_000035,playing_xylophone
PG9FfXKHOL8_000007_000017,playing_organ
YFqvBKyq-F8_000022_000032,playing_organ
AUKG2OXegog_000169_000179,playing_bagpipes
PUtAZvtMH5E_000012_000022,shoveling_snow
FCwUsGIIzAQ_000006_000016,laughing
2phNrWXkOQ0_000008_000018,bowling
H8SShJBssrY_000002_000012,bowling
V3iQTJsSwFg_000020_000030,playing_guitar
YtoV7rvlxCY_000021_000031,singing
a7Qqp0TIQYQ_000004_000014,dribbling_basketball
1ky5Ui_s0P0_000000_000010,playing_organ
U_jWsZMaX5o_000000_000010,playing_accordion
7Cq7k3_WkN4_000576_000586,mowing_lawn
19RitXbRHv8_000055_000065,tickling
g4CyqUgkn6w_000078_000088,playing_drums
MWhcPSIExNA_000000_000010,singing
FpldmiVxfLo_000046_000056,ripping_paper
-MG-E8R8aE4_000000_000010,shuffling_cards
C8zVLcC67RY_000014_000024,playing_keyboard
en4fboWtIco_000037_000047,blowing_out_candles
bSiA4QxFsVk_000019_000029,playing_xylophone
Cap1JZfxRzU_000044_000054,shoveling_snow
R5Yo42t7rmQ_000067_000077,playing_accordion
DNsZ55Kdxmc_000010_000020,blowing_out_candles
Kgm8Mx-p5LM_000174_000184,playing_trombone
1C3HkgpKJp8_000127_000137,playing_saxophone
fWWq7pC--4E_000017_000027,laughing
5I9nXwhmBSI_000028_000038,dribbling_basketball
OsfmTgV7a5c_000176_000186,playing_drums
dQVAqJtLRMw_000016_000026,playing_harmonica
WirgPttG0-w_000001_000011,ripping_paper
2vHC99wzc7I_000067_000077,tapping_guitar
8SlX2Hu8nOY_000159_000169,tap_dancing
XPYpaVfAAfc_000059_000069,chopping_wood
UOyNfUEAp_k_000042_000052,playing_trumpet
9CeS-loDPGM_000051_000061,playing_bagpipes
9M7H2T7DndY_000123_000133,playing_piano
cVqQL2H_rjQ_000003_000013,playing_drums
Ha-gdVL6b04_000000_000010,playing_trombone
XEody04TLOw_000057_000067,playing_drums
TlAcg-VHkH0_000035_000045,tapping_pen
9fTpd5aAud0_000003_000013,playing_trombone
BzyYX4-uS2E_000035_000045,playing_xylophone
-kBCX4HmGrE_000032_000042,tapping_pen
1uLIPzNnFck_000198_000208,playing_keyboard
QuMqC1KS2g4_000131_000141,playing_guitar
EzFskOup8Mw_000044_000054,playing_keyboard
eRRdc-5YMXk_000015_000025,playing_guitar
U8feOi_1K1o_000000_000010,dribbling_basketball
IHsvato_zQw_000000_000010,bowling
1_0hUA6mVis_000024_000034,playing_guitar
_Kd-0zKY8m8_000175_000185,playing_bagpipes
Ok32DPN3zPo_000040_000050,playing_organ
TogTV5Gb5rk_000004_000014,playing_trumpet
ePLYCHDRzFo_000025_000035,ripping_paper
hFZCUALW27I_000010_000020,chopping_wood
Zfm_eP6cJus_000001_000011,chopping_wood
ROAxXJsyDhs_000427_000437,tapping_guitar
hIGBVeSPdTw_000068_000078,shoveling_snow
LrJEzt-ytsM_000003_000013,mowing_lawn
dIjbCBj0kvM_000004_000014,tap_dancing
0l8DJMcH7GU_000004_000014,bowling
Yax8gSZjElw_000087_000097,playing_accordion
_2bwLSwycQU_000065_000075,playing_trumpet
UrOx3NOmcc8_000161_000171,playing_bass_guitar
2K-dquqiFz4_000003_000013,ripping_paper
ZIFHmV6QyNc_000025_000035,tap_dancing
_FWUutPjOqw_000007_000017,dribbling_basketball
DkxNeRYMiJ8_000004_000014,playing_xylophone
fzPc-OlzMbs_000003_000013,bowling
hI7bRsvEB28_000098_000108,tap_dancing
9XcB9dMfRuE_000033_000043,tapping_guitar
22smAFHoO8A_000119_000129,tap_dancing
1rHsnK-IU2E_000048_000058,mowing_lawn
6ofjzaQqQYA_000326_000336,bowling
bal_dkqbL3A_000239_000249,playing_clarinet
0QKs5fUXMjU_000047_000057,tap_dancing
4_XDau0waB0_000024_000034,singing
agFkQIaSgFo_000036_000046,blowing_out_candles
-jSa98fL8vU_000003_000013,chopping_wood
KOFyF2EL3w0_000375_000385,playing_bass_guitar
DiOfF2vdr54_000048_000058,playing_accordion
PxPDNgposyo_000145_000155,tapping_pen
K5xMXJ_zHns_000016_000026,tapping_pen
a2HUUCH4rJE_000000_000010,playing_trumpet
NFXsiruNVzc_000060_000070,tapping_guitar
RPtjPfgXRMA_000053_000063,playing_accordion
GrV5XDbCIbk_000170_000180,shoveling_snow
530i6inXHqM_000010_000020,mowing_lawn
FT2zZTB23h8_000048_000058,playing_bagpipes
QTodXQjmwBE_000138_000148,playing_accordion
YNDn7tfJ_08_000000_000010,playing_keyboard
8TjWMCJvalE_000273_000283,singing
66cV4llQAV8_000061_000071,playing_harmonica
GXIrJO26Z9g_000031_000041,playing_violin
bmNjHkoEmLQ_000001_000011,playing_trombone
UT2uieZ_GPQ_000249_000259,playing_bass_guitar
9ZYe1Ewk984_000007_000017,playing_bagpipes
AO-pAoMAH7o_000031_000041,blowing_out_candles
QycqR-n-M4g_000000_000010,playing_keyboard
fGV0-wEsJG8_000062_000072,chopping_wood
QirvYOZbmz4_000032_000042,playing_bass_guitar
EJnp-D-4axE_000109_000119,mowing_lawn
OnMx8PjZXA4_000695_000705,playing_keyboard
Jr11hfNZlFE_000039_000049,blowing_nose
6PdkVSHLVBU_000404_000414,playing_clarinet
_wl9746hWOA_000017_000027,chopping_wood
LrpYF8M6WWM_000006_000016,playing_bagpipes
E664nuAjHgU_000000_000010,bowling
fls23EZ6Z88_000000_000010,playing_accordion
J5nHlzDqjoQ_000007_000017,playing_violin
D4XZLGIHIVk_000005_000015,playing_harmonica
Y_5NPtwvStk_000026_000036,tap_dancing
aLkRTp7PuWE_000004_000014,mowing_lawn
cS4GrT1Nx1c_000036_000046,bowling
ONmX41xqiX0_000173_000183,playing_drums
FRzN9ApCxW8_000042_000052,mowing_lawn
eTZdeBtzkqM_000123_000133,tapping_pen
4QzsmwrXE9Q_000305_000315,playing_drums
gUJzqny-Ph0_000091_000101,mowing_lawn
8Dw4U-9JQyM_000013_000023,chopping_wood
SEGVS_gaduM_000028_000038,playing_trumpet
8SJE3xapjJ8_000050_000060,playing_saxophone
V-dlpU64PI8_000039_000049,playing_trumpet
WtW6XTSWvPc_000070_000080,tickling
SaEQzS4MsbU_000023_000033,blowing_out_candles
ZnWcRDCDcJc_000052_000062,playing_drums
1dwkvu_KwgQ_000014_000024,chopping_wood
g_RJWfmtwSI_000000_000010,playing_trombone
-IVVNTOnTyQ_000067_000077,playing_trombone
O7HGN0658kQ_000010_000020,playing_harmonica
6DgBAGS-51k_000000_000010,playing_keyboard
OO3Zi0qQQ2Q_000027_000037,playing_trumpet
M7oFLQAIx04_000080_000090,singing
XW5_Yqty5vo_000002_000012,playing_trombone
5YXpfcZy2Sk_000058_000068,playing_guitar
1XjXeMjQGrQ_000002_000012,playing_xylophone
UWaUvoeDLfg_000011_000021,blowing_out_candles
4fUpKardmOc_000186_000196,playing_clarinet
UL9k8NLe1ro_000020_000030,playing_piano
T74ercYh0ek_000040_000050,playing_guitar
M7fa2E5tucs_000020_000030,tapping_pen
AHybRhQTa94_000418_000428,playing_clarinet
UFXWLiqlBnI_000002_000012,blowing_out_candles
V8wdMoQbxDU_000092_000102,singing
8v1WYA8Q14E_000028_000038,playing_xylophone
9IKaAzeBkG8_000000_000010,playing_drums
C7KplTgCb6Y_000000_000010,tap_dancing
b8peTPYIJKM_000065_000075,playing_drums
aefXSTWaics_000187_000197,playing_guitar
6XsAd7gJB6A_000023_000033,playing_violin
NozjDCF5GsA_000000_000010,playing_harmonica
7j4p4lW0jj8_000055_000065,playing_harmonica
h2bplkL0Sj8_000002_000012,playing_trombone
Stf74_Isc-E_000061_000071,singing
Hu4e6Y8cvxU_000017_000027,playing_piano
PKXfWcpp2JY_000015_000025,chopping_wood
QhsggUSt1Cg_000019_000029,blowing_nose
E-VPqMjM_f4_000103_000113,playing_bagpipes
H0NbcUa08tY_000225_000235,laughing
GKFXVjCd2zs_000054_000064,playing_bass_guitar
g5dKUaEjYoE_000020_000030,dribbling_basketball
A_-4_2e01UU_000025_000035,playing_trumpet
45rsDLP60H8_000010_000020,playing_keyboard
avwko516lI0_000117_000127,playing_harmonica
Lr7KB4-07Lc_000001_000011,playing_trombone
_g3bpx8q9pQ_000020_000030,playing_piano
MuY3_MDt0Do_000000_000010,chopping_wood
RI3KtVhvUo0_000013_000023,playing_violin
cleVcz75X7s_000343_000353,playing_organ
Lz5dI9evf5k_000042_000052,bowling
fSWhrXyQC5w_000000_000010,playing_trumpet
1vGlHgc2v2I_000125_000135,laughing
HPw37VEWCi4_000002_000012,shoveling_snow
GIR8_n27Tpk_000085_000095,dribbling_basketball
M60eFdtQmJs_000487_000497,playing_organ
WtkesqS2mFs_000003_000013,playing_violin
RQ6zD5EIzbQ_000034_000044,playing_harmonica
OdY7OUbAbEA_000088_000098,tapping_guitar
EcXcs_k-EKU_000758_000768,playing_guitar
YfvNophuf0A_000000_000010,playing_harmonica
-00nar1nEPc_000033_000043,playing_harmonica
QnG1Bqlm1-M_000001_000011,blowing_out_candles
R7aARdKjquw_000035_000045,playing_violin
0yRSkP43Rsw_000034_000044,dribbling_basketball
fYuWRKbHyOI_000027_000037,playing_xylophone
XzgT4xcFNNo_000175_000185,tap_dancing
4O2GKeaS7I4_000003_000013,playing_accordion
0-IHhwe0hiI_000130_000140,playing_harmonica
TQsP4WgSVcg_000002_000012,tapping_guitar
5GjUNXx4A2g_000074_000084,shoveling_snow
F8159N8m_EI_000011_000021,playing_bass_guitar
LbhTrj63PrA_000000_000010,playing_harmonica
O5r7y0MiC2w_000001_000011,playing_harmonica
TAKeoRdI2lA_002413_002423,bowling
LfauTZ-xQGk_000314_000324,playing_guitar
Rw_a4ojFGJs_000002_000012,bowling
d21UzaOIWUk_000046_000056,playing_trumpet
MD-lpJUBf20_000094_000104,playing_xylophone
h659uLsdfRk_000017_000027,dribbling_basketball
BCxAdt8ZtOI_000001_000011,playing_xylophone
JKkg4rvpWVY_000025_000035,blowing_out_candles
I8lAPIOL5Jc_000016_000026,playing_clarinet
Qr2RsJSfzyQ_000023_000033,blowing_out_candles
_XUTj-LihHM_000136_000146,playing_bass_guitar
OZnDVAtCIZE_000004_000014,playing_guitar
1j0ITV0KCFc_000215_000225,playing_drums
dAkqczpPouA_000012_000022,playing_bagpipes
eVVblRQlCkA_000135_000145,playing_drums
gY8foKRYv-M_000059_000069,playing_saxophone
XCs59AokDbs_000093_000103,playing_keyboard
Nlks1FIKIJE_000184_000194,tap_dancing
VDe6b8b7hFA_000014_000024,playing_bagpipes
7nZR2vpl98Y_001036_001046,playing_saxophone
XGXoyOxoD4s_000888_000898,bowling
MfxuO9lk1ao_000019_000029,playing_trombone
OVHtv2UehLU_000020_000030,playing_piano
7M71hNDgtck_000154_000164,playing_organ
-eYDIcSXzeY_000024_000034,bowling
VrDj48gVFfE_000122_000132,playing_bass_guitar
RAiraGb1SAo_000092_000102,playing_trombone
Xv4NBOWhw9A_000054_000064,singing
IQAlvVi8OTs_000044_000054,laughing
GYYVN-4NHBI_000233_000243,tapping_pen
NId9ueAyiO0_000020_000030,singing
BqR1KGKZLPo_000000_000010,playing_trombone
Kuw415YOXsg_000059_000069,playing_keyboard
WJXzpu_RIks_000010_000020,chopping_wood
POv-42Njxv4_000036_000046,playing_bagpipes
PA5LOTw8zbE_000088_000098,chopping_wood
GAYn0nTfeeI_000089_000099,shoveling_snow
AeGkZHHQ7zI_000067_000077,chopping_wood
RZqVTYuZMqU_000020_000030,shuffling_cards
V_kfqC759Dk_000002_000012,chopping_wood
PTO6myFzEC8_000030_000040,playing_trumpet
fr08Cy4tI6E_000184_000194,playing_guitar
F4LmXJrCZ9g_000001_000011,shoveling_snow
CTRMVUkLusw_000044_000054,playing_harmonica
WDk9bq8ENPg_000042_000052,tapping_guitar
VVzQtjy0GY0_000017_000027,stomping_grapes
LJMW3NdbZmI_000017_000027,blowing_out_candles
JlM8WMo3Xnw_000020_000030,shoveling_snow
4w8txg9y2dQ_000125_000135,singing
NaO0H8OFCOM_000001_000011,blowing_out_candles
NMLfiyTkOe8_000003_000013,mowing_lawn
6-cmc8N_WUc_000007_000017,playing_bagpipes
d-n4tqykljQ_000006_000016,tapping_guitar
H9JJpcke4EM_000028_000038,shuffling_cards
IC6tmcvZAog_000001_000011,mowing_lawn
8bHAwM5_eAc_000011_000021,mowing_lawn
WsYAXPqVnYM_000229_000239,tap_dancing
Rl3a9y7KU5c_000018_000028,ripping_paper
NL29AIKRINA_000006_000016,playing_organ
K05k6FqXX7U_000003_000013,playing_saxophone
4RbYtyW08Rs_000323_000333,playing_guitar
7UUfqGLHvpM_000153_000163,playing_organ
g64vCexYGuA_000022_000032,playing_organ
66aPpEFKAPA_000008_000018,playing_keyboard
4w9wX5Fw4io_000397_000407,singing
7s8uUh-qxv0_000045_000055,playing_bagpipes
KLcxHc_-JtY_000012_000022,playing_drums
N94p_FB-UCk_000003_000013,playing_trumpet
ITCA-pbAqt8_000058_000068,playing_harmonica
CzGCWyHgr6Q_000017_000027,blowing_out_candles
W9qZCCN38Nc_000002_000012,playing_saxophone
JBqYwfkasmY_000074_000084,playing_saxophone
X4Kjtp4sA9E_000194_000204,playing_guitar
X9NEHT--ueg_000001_000011,playing_trumpet
8gjiOVQD-GI_000005_000015,singing
T2YCy4Ocghk_000006_000016,chopping_wood
bSpXbP7LTeA_000055_000065,playing_bass_guitar
3qjWfMI3qZM_000219_000229,playing_drums
CnxoQKYG9Hk_000014_000024,playing_drums
L96ect_foR4_000175_000185,playing_xylophone
H5NAp-hDGsw_000011_000021,singing
FjsurDuYqc4_000051_000061,playing_trombone
Z_-NKv_XL6g_000004_000014,dribbling_basketball
aL6T99oyp-4_000151_000161,singing
fdwvtYrlhk4_000000_000010,tapping_guitar
1Uy2GV5hVY4_000004_000014,tapping_pen
3wpqhgEqFlQ_000001_000011,playing_trumpet
56MOM_gnshM_000071_000081,playing_accordion
K_Y6qsHwdu4_000230_000240,dribbling_basketball
ZumtO-izdss_000038_000048,mowing_lawn
HDs68MUd4VE_000047_000057,ripping_paper
DvuqWMxt8Sw_000009_000019,blowing_nose
18nqTm01llg_000001_000011,playing_organ
8HdRbyJ5-28_000032_000042,playing_saxophone
4FlgnEB9Q1k_000181_000191,playing_bass_guitar
1iB-LmNEZSU_000023_000033,playing_saxophone
c6CS0ArnVZE_000060_000070,playing_trombone
Tu6hoW2sZtU_000274_000284,playing_organ
EAfnpLeDGMM_000060_000070,dribbling_basketball
azXKxb028mA_000088_000098,dribbling_basketball
B0plSdmQNHo_000010_000020,playing_trumpet
CA_ASzEHSqE_000002_000012,playing_violin
dV0mnp7tu6g_000102_000112,playing_guitar
_gsQPfYby0Q_000002_000012,playing_violin
OlglcM4w7wI_000367_000377,singing
Zt7au4rhYj8_000002_000012,blowing_out_candles
6yON337RaEo_000118_000128,chopping_wood
asLVPwNWuR4_000139_000149,playing_trombone
Z9UbUvRY-zk_000000_000010,shoveling_snow
4or5c3enOm0_000009_000019,shoveling_snow
3ah_bBqRxwo_000045_000055,shoveling_snow
-jDxnPim1A0_000099_000109,playing_violin
-AwzJYrHCO4_000014_000024,mowing_lawn
BB6KKaLtlFY_000317_000327,playing_organ
FpsrdWZnr84_000084_000094,tapping_guitar
NFxPf7ehqgQ_000013_000023,ripping_paper
9vYrkNvTxdk_000033_000043,bowling
O-wve4atuUk_000000_000010,blowing_out_candles
QjqRM-B6ETc_000102_000112,playing_violin
eR2s0lKNMF0_000022_000032,shuffling_cards
7WJI0TM2qd4_000000_000010,bowling
XUFXYKG-LAM_000035_000045,shoveling_snow
JfkqoRULMIg_000078_000088,playing_violin
H7CtWGVTxfA_000030_000040,laughing
9cHzulJQtS4_000001_000011,bowling
PP25WStxWC0_000044_000054,playing_keyboard
V_w2Fqm9crM_000116_000126,shoveling_snow
9XHgIUqHOOA_000004_000014,playing_keyboard
9SXTvK_tnjU_000115_000125,singing
O39F3dQna5o_000043_000053,playing_trumpet
4_DqmyI_YNE_000105_000115,playing_bagpipes
Wi8Y8QedkMI_000203_000213,playing_bass_guitar
Z6rN9diAiSs_000183_000193,bowling
5EWEkka_9GM_000003_000013,bowling
OlXo0_48Edg_000043_000053,playing_trumpet
4VI5CvOIVas_000087_000097,playing_xylophone
KAukB-rq1qE_000046_000056,playing_trombone
6MxthbVlvq4_000201_000211,tapping_pen
Csbtov6LBoU_000022_000032,blowing_out_candles
fzrP-B5NFp4_000022_000032,playing_trombone
Tv4Tt7_82QI_000003_000013,playing_bagpipes
Vn_7sG_PehM_000004_000014,bowling
XK1k7RBqySY_000064_000074,shoveling_snow
gDatBxsBLUU_000000_000010,playing_saxophone
gx2QQigffj4_000014_000024,tap_dancing
7C-ZH70GRsM_000037_000047,mowing_lawn
MxO0mlt8rdw_000069_000079,mowing_lawn
C2hAI4-tf68_000135_000145,playing_accordion
Qh6Je1Iij-I_000001_000011,shoveling_snow
cBc98t2k_P8_000079_000089,playing_saxophone
ID6u5pWDsYA_000012_000022,singing
LTzXcJMslZk_000001_000011,playing_violin
TkPUNkMjIXk_000047_000057,playing_accordion
55llDhzsamw_000040_000050,singing
1cXNtiULuNs_000002_000012,playing_organ
060Ydpq5kf0_000035_000045,tapping_pen
_j6ADo5j2eA_000011_000021,laughing
1bt7qyQ-8wg_000032_000042,playing_saxophone
1e2Wd6tKbn0_000058_000068,playing_organ
Q13mNQ4ZFa4_000044_000054,playing_keyboard
CAA5mu9FQDQ_000061_000071,chopping_wood
HzxgDVSrG1E_000015_000025,tapping_pen
12aTS89Og6Y_000026_000036,shoveling_snow
HYGtQCYPQOA_000553_000563,dribbling_basketball
gCI1gpkk2XI_000819_000829,playing_organ
7yiWp5v3ZfY_000011_000021,playing_guitar
OPlrxIa7TVM_000073_000083,tap_dancing
Sq4ZWi-FxmI_000033_000043,playing_xylophone
Ucc4d5ptlfo_000096_000106,singing
b5xyypC5lnE_000130_000140,playing_trombone
61mTLeXBEH0_000020_000030,playing_clarinet
AfAF6zNxMIY_000024_000034,laughing
VXm-TArdm1U_000006_000016,tickling
04FSkw_vAFo_000096_000106,playing_accordion
WcpkZTw1L2E_000068_000078,playing_bagpipes
7mSi9ZYaH1A_000003_000013,tapping_pen
8xsAUEx7jG4_000000_000010,playing_trumpet
HBGMP90da_o_000029_000039,playing_bagpipes
e1nBFPSoOZo_000000_000010,playing_trumpet
GOogCIpY32E_000001_000011,playing_accordion
6AYtxpMPOl4_000018_000028,playing_bass_guitar
TA0ro-WXEEg_000052_000062,stomping_grapes
gyDkCl3KMBQ_000065_000075,playing_trumpet
PSXzgPVB21o_000103_000113,playing_organ
PFEZtsT9BYA_000066_000076,playing_piano
M4Ek4BVZLC0_000118_000128,tap_dancing
DwaaPVsRUoU_000095_000105,tapping_guitar
EHQQT6pxNyo_000004_000014,playing_trombone
Y2uc-KFXLlg_000034_000044,singing
2TCp5aYUA0w_000100_000110,playing_violin
7t8NfUKkDI0_000000_000010,singing
Efaqx6zethI_000001_000011,playing_bagpipes
Sl6Ufs-HPiM_000187_000197,playing_saxophone
OLhlx2gjm_I_000419_000429,tapping_guitar
Yx4VYF4MCTQ_000001_000011,playing_trumpet
4OMX75ZONwo_000001_000011,bowling
aZk3pY1Cy-I_000000_000010,shoveling_snow
Exva2F6aAww_000034_000044,playing_violin
GUkAXtQ0-eg_000004_000014,bowling
AlJFvMVDK6k_000107_000117,playing_bass_guitar
Br4uivnddqU_000022_000032,playing_keyboard
-IB9PfKyaoE_000059_000069,mowing_lawn
0-qgSxN4OQc_000007_000017,bowling
cvNI8PCbs-s_000125_000135,shoveling_snow
ZDVXgxyB8f0_000081_000091,playing_bass_guitar
euT_RqlPWjY_000096_000106,singing
Z27v7AjU95g_000011_000021,shuffling_cards
XmeZhNHdSRE_000386_000396,playing_clarinet
Uq8NsC3pQiw_000219_000229,playing_saxophone
PwXq1WHOSM8_000030_000040,playing_trumpet
aSdniPOD1n0_000002_000012,playing_harmonica
-JU6mYrtOwk_000022_000032,playing_guitar
IMp_4zga5Rk_000026_000036,stomping_grapes
N6-884G-HtI_000006_000016,playing_clarinet
KijGuLZhpgk_000053_000063,playing_accordion
ThNgtHkVvf8_000266_000276,playing_drums
VuIjzoVlcaY_000000_000010,playing_saxophone
KxR9ZSUnuVE_000013_000023,playing_saxophone
5u1CZZbvwfc_000002_000012,playing_accordion
d6PBZjyhox4_000004_000014,playing_accordion
NeTFe1a15Ww_000005_000015,blowing_out_candles
7RBpvoe070g_000013_000023,tapping_guitar
dCwRGUng-xo_000011_000021,singing
et8cvun8IAI_000087_000097,playing_harmonica
9zldxYuusdQ_000002_000012,ripping_paper
D4MgX6FI2VE_000015_000025,dribbling_basketball
_TVC00quUk8_000110_000120,playing_bass_guitar
-JkLDzQPtYI_000053_000063,playing_bass_guitar
27Re0UnWQUc_000231_000241,laughing
Whd0E1C4RQ4_000001_000011,bowling
8QVrjbRvlAE_000064_000074,chopping_wood
FwE7InbAwlY_000025_000035,playing_harmonica
dt4Q36QWRH4_000078_000088,playing_drums
3CBuRjFYg_E_000021_000031,tapping_pen
8ZPbpgortSI_000010_000020,tapping_pen
fyhw4UlsV34_000021_000031,blowing_out_candles
6iB8bA8vzZY_000072_000082,playing_harmonica
Wi9US6QPQao_000053_000063,playing_trombone
Rm-3NCHfTHc_000127_000137,playing_violin
Je1SqyDyj5Y_000014_000024,tap_dancing
GOJH85ABlXw_000001_000011,shoveling_snow
9YFCqddMcKA_000000_000010,playing_harmonica
6N9GEBE5U88_000069_000079,chopping_wood
731QtImWDXA_000229_000239,playing_accordion
1ujBjL4WdaI_000015_000025,laughing
Js8_sz__hHQ_000130_000140,tapping_pen
YWEJkyQXwpM_000013_000023,singing
VHBJLhmyF18_000001_000011,playing_keyboard
IHzJr640Qus_000082_000092,playing_guitar
5KFplNr7TjM_000150_000160,tapping_pen
YQ5pwHo0VZE_000015_000025,playing_bagpipes
9ErszF8-T9c_000023_000033,chopping_wood
cw1LMbSfeIE_000010_000020,blowing_out_candles
dNHtU7xbo0c_000051_000061,shuffling_cards
SJ6F4POthY4_000004_000014,blowing_nose
SWWHUgihev0_000263_000273,playing_bass_guitar
XY2mq1n4cgI_000003_000013,playing_trombone
Mk3PyKRZ49c_000005_000015,shuffling_cards
_Y4IIESrk68_000000_000010,shoveling_snow
MOlp1f9cwNs_000178_000188,tapping_pen
E5tAMhR7Swc_000055_000065,singing
SarWn1SEr8E_000001_000011,playing_accordion
CPmWfvOddlU_000008_000018,playing_xylophone
HlP3oq0XkVA_000031_000041,blowing_out_candles
FsCfcSc18IQ_000080_000090,tap_dancing
KGwVPWFUZM8_000019_000029,tap_dancing
EiHYL3nXyjA_000306_000316,playing_trumpet
AcwjZfQgmwI_000081_000091,playing_piano
gz89DCRxaZQ_000052_000062,tap_dancing
eri4Loyb65s_000018_000028,playing_trombone
ZBy_3bIgvoQ_000120_000130,shoveling_snow
G3DqrpccbG4_000007_000017,playing_harmonica
WdZHve59b3E_000019_000029,bowling
RDP0q9VxR-g_000094_000104,playing_violin
TaDCCvdVXQw_000002_000012,playing_keyboard
5oEr36RLWd4_000277_000287,singing
MmBJPRdMuwI_000005_000015,shuffling_cards
Wsfnc9WxHTs_000009_000019,playing_bass_guitar
_lSoKLY5WRY_000013_000023,tap_dancing
8bAwKq-R-ts_000192_000202,playing_drums
RAhEIaM1ORw_000042_000052,chopping_wood
c_RXhvV-Vy8_000126_000136,tapping_guitar
EMk33iGQ4WA_000332_000342,playing_clarinet
Zf_n4oNXQNU_000276_000286,playing_drums
caLrnv7vbKs_000033_000043,bowling
N-ftjVxOI0c_000001_000011,mowing_lawn
Q-jnfBP41Js_000415_000425,tap_dancing
AazDjpzLxK8_000170_000180,tapping_pen
GQ2losip4ds_000078_000088,mowing_lawn
g4BA_tLFGzM_000018_000028,tapping_guitar
VyeBQzOtnWc_000011_000021,singing
SUvTnZGWKiQ_000102_000112,playing_clarinet
0vs9rVPyGH8_000174_000184,playing_guitar
Ic9sbpGnNbA_000089_000099,tap_dancing
JPmCwR8DE5k_000225_000235,bowling
K9pM-011VMM_000011_000021,playing_bagpipes
CKI_sDU4NO0_000000_000010,playing_xylophone
_kW78Lq7OF8_000014_000024,chopping_wood
ZtET0yLHeCk_000008_000018,blowing_out_candles
0Qwnz9zE9iw_000010_000020,mowing_lawn
_5Aue4VZ09s_000035_000045,shuffling_cards
_Siy77fGsvU_000089_000099,shoveling_snow
JOMVxNcgbYk_000158_000168,playing_drums
VsNvrwnr_70_000003_000013,playing_piano
23gIWnCiaAo_000042_000052,playing_xylophone
dpscYkDgM1o_000147_000157,bowling
P4hc6TaI9Nk_000086_000096,tap_dancing
70tHbRd5JOA_000003_000013,blowing_nose
8xncJWSiueE_000203_000213,playing_keyboard
EJHT0IwzhVk_000025_000035,tapping_guitar
ZZ7hZ75ABKk_000132_000142,playing_keyboard
DHLmuiq5ZpI_000002_000012,playing_organ
bald00HKZHk_000023_000033,bowling
DFm5tbsKno8_000080_000090,playing_accordion
G4eW20TJ_7A_000033_000043,playing_guitar
2P54-BliyBM_000010_000020,blowing_nose
NIY6_AHRWQw_000008_000018,dribbling_basketball
eAFhpDqnCQw_000015_000025,playing_trombone
ZNn-ixqP-GU_000360_000370,playing_drums
DZ5Cioj60ew_000289_000299,singing
YJ5pexzLhvU_000035_000045,singing
c8LevTVQ5nk_000060_000070,playing_drums
HvvnA6Bas8s_000001_000011,playing_xylophone
OlT4X2wLbL0_000150_000160,playing_saxophone
-RJjabrlrjU_000148_000158,shoveling_snow
4N7qqPTZ0P8_000001_000011,ripping_paper
SZOXpzGvaiI_000681_000691,playing_trombone
J3CjF98YtWY_000046_000056,shuffling_cards
PGEyiR8jorU_000201_000211,playing_piano
ETpy5BY8ohw_000021_000031,playing_accordion
MXAQVMbbqHE_000052_000062,playing_xylophone
AQePo6O32DY_000459_000469,singing
acSydbJ_GM8_000015_000025,playing_accordion
_3opdwV1QW0_000050_000060,playing_violin
Gfb_fQSX2XE_000153_000163,playing_harmonica
I2iT6f2zpck_000207_000217,playing_clarinet
KUZNLyh2bXs_000159_000169,playing_clarinet
DBeZOQX9miA_000019_000029,bowling
Eelsb6_HbFI_000002_000012,singing
Xo5lLdNu8FM_000100_000110,playing_violin
Ae1vRouGJJw_000030_000040,playing_accordion
cmCA5hkqpOc_000075_000085,playing_trombone
TPeSKsLo6QY_000158_000168,playing_bass_guitar
ZS4NhkvnRck_000015_000025,blowing_out_candles
gILrlJ3felI_000076_000086,playing_trumpet
MwotT4S7UU8_000006_000016,playing_xylophone
-Wr6WOXnztk_000194_000204,playing_bass_guitar
UNtOwmdsy4s_000078_000088,laughing
YejsnNnifeg_000197_000207,playing_saxophone
Jey7_4knzNo_000043_000053,dribbling_basketball
CqKW5MlyWJE_000002_000012,blowing_nose
9roNW_ZEwX0_000000_000010,laughing
AhVVoM2Ej4E_000023_000033,stomping_grapes
c7DuwdavUqg_000451_000461,playing_clarinet
ACs3ZLIe_LM_000023_000033,shoveling_snow
RujYA_l98OU_000062_000072,bowling
7eJTUOfhKZg_000003_000013,blowing_out_candles
UFqVdZiIoGo_000005_000015,playing_accordion
dDDuevnY3Ko_000022_000032,playing_saxophone
0X2IkSJsAEE_000125_000135,playing_harmonica
aJCL3WImCxM_000203_000213,laughing
cdr9wLX34iM_000004_000014,dribbling_basketball
CH7AE1h0Zhc_000111_000121,playing_bass_guitar
7hGhrYKk2BU_000000_000010,laughing
GUUmcxj6WZY_000058_000068,playing_accordion
Gj7_bhmnpIQ_000017_000027,ripping_paper
bY6ELALVKpA_000114_000124,laughing
SfJ1aodPgUs_000038_000048,dribbling_basketball
ZbILeh5q_NE_000065_000075,playing_trombone
8TJIG-vuqbU_000074_000084,laughing
L_iTl4J6aB4_000003_000013,mowing_lawn
UL0AL_BYlJA_000017_000027,tap_dancing
Yg5JlneDMyc_000000_000010,playing_trombone
To6uECFJpeg_000182_000192,dribbling_basketball
eS75AMYK1a8_000109_000119,bowling
0hWunh1EEoI_000293_000303,tapping_guitar
5_RNM_mjLOI_000036_000046,playing_saxophone
J2g4dlptK_A_000041_000051,playing_bagpipes
OTP2BruUUxE_000121_000131,playing_bagpipes
MPxlP6IX8IA_000014_000024,playing_trumpet
Ze8M1i7iGsU_000010_000020,playing_saxophone
D5bVs0_PjHg_000007_000017,playing_bagpipes
ep_ZrrLNzQo_000000_000010,dribbling_basketball
HF8zmdNO2rc_000023_000033,blowing_nose
Zrdm9LpYEL8_000051_000061,playing_drums
ehsIHa2ULdw_000166_000176,tapping_guitar
0mPFRt2ZL40_000016_000026,shuffling_cards
Bsdg1R1Vq_4_000016_000026,playing_bagpipes
YDXJ7BkRZlI_000011_000021,chopping_wood
9ZB4-r6R6vg_000067_000077,playing_harmonica
9ASlbl1gkws_000000_000010,playing_saxophone
aqbQp0t7Y8I_000001_000011,blowing_out_candles
bJaJrsoeP8w_000775_000785,tickling
RkTIBKUqlLI_000040_000050,playing_keyboard
acKLW0ZV_Eg_000025_000035,playing_trombone
c24zIkPnLYI_000061_000071,playing_violin
JL2NITRpZrw_000022_000032,shuffling_cards
OZRjoqq84og_000097_000107,playing_violin
EvjfIWT8KhU_000295_000305,playing_organ
2TfnzUP0G0k_000021_000031,stomping_grapes
W8KC0GO8VvY_000047_000057,playing_bagpipes
Z-EU556cWJ8_000000_000010,playing_drums
UfDup9uz2ng_000032_000042,playing_bagpipes
aFHw5hdcgm4_000007_000017,playing_keyboard
P1tgYj0TUus_000032_000042,shoveling_snow
NRMSpRIkbjc_000030_000040,shoveling_snow
JZwjKGqpATA_000001_000011,bowling
bUVzQ_FlC70_000011_000021,playing_trumpet
cUFVR5sgbt0_000201_000211,playing_guitar
8vfXIZ7Gusc_000031_000041,playing_bagpipes
3bTZBBriK98_000084_000094,playing_trumpet
YACEjR068r0_000019_000029,playing_accordion
K4Dt9QTRszc_000065_000075,playing_clarinet
Cr0b0ilGo7g_000163_000173,shuffling_cards
FMdpbL20lg8_000011_000021,playing_drums
ebEIcygZh8k_000004_000014,bowling
YKFkHKe-y3w_000108_000118,playing_bagpipes
6D0lwWduOjg_000004_000014,dribbling_basketball
AqBl3c2Uakw_000000_000010,singing
49OAoX2ed_c_000120_000130,playing_harmonica
NlkP29Yc0xo_000221_000231,playing_drums
Xe73FncIIG8_000224_000234,playing_trumpet
Evb3twW-GMw_000006_000016,playing_harmonica
EX2q0yjhhME_000027_000037,blowing_out_candles
G8zyxQikyPA_000026_000036,playing_clarinet
07xteKplxbs_000198_000208,playing_organ
_gdGtR_bEYY_000029_000039,playing_saxophone
bgXyDQMDxe0_000004_000014,chopping_wood
Mz4OXXnejTA_000002_000012,ripping_paper
1gT9ZlTljds_000003_000013,shoveling_snow
BKWV1UhzMLg_000036_000046,playing_keyboard
FsdT5SEU_0k_000028_000038,playing_xylophone
axZIx3rrmdU_000038_000048,playing_bass_guitar
173z2ZQuxRE_000001_000011,tapping_guitar
JGXyK1o0s28_000007_000017,mowing_lawn
TlUgPrbN62Y_000056_000066,stomping_grapes
6kIwYNaxdbQ_000148_000158,tap_dancing
JJyEAFvVqCs_000017_000027,shuffling_cards
DBejGH1-UCI_000000_000010,playing_piano
89XR_p6V6XY_000194_000204,playing_clarinet
e8j80MkP_Lc_000056_000066,playing_trombone
MuSHbifwby8_000001_000011,playing_trumpet
bL8xkXfq5Pc_000344_000354,playing_drums
RuYmxQ4Wgvg_002989_002999,bowling
NUMLPbk8dX4_000011_000021,tapping_pen
UqIgJy_eaFk_000003_000013,playing_keyboard
CaGMr3yemeo_000233_000243,playing_keyboard
JiPQ5TWrUIM_000024_000034,stomping_grapes
GSBQp4qJp_Q_000084_000094,shoveling_snow
coPV2ZlqZMo_000122_000132,laughing
_sUs3VGvFgY_000108_000118,playing_violin
h0JFwlgjYJ0_000027_000037,singing
RSBe1K1oeBM_000002_000012,playing_accordion
4XVk-fD0MCQ_000001_000011,tap_dancing
ZCzWviBO68s_000008_000018,singing
STWXecAPrcI_000033_000043,bowling
_kZdJZhBHhY_000025_000035,playing_piano
RdLZPi5RYfY_000018_000028,chopping_wood
6vle4QVePpA_000001_000011,playing_trumpet
7-vFo5oo6QI_000393_000403,playing_trombone
enWunKwAfu8_000048_000058,ripping_paper
4uv8JwOlXM0_000000_000010,playing_clarinet
KDZYOLcV1bY_000203_000213,playing_guitar
U48RhfMV5HY_000083_000093,mowing_lawn
Y98P-vU4mzo_000058_000068,playing_clarinet
XNA2eq9YvZo_000222_000232,singing
MAMxZpcYwPY_000012_000022,playing_harmonica
PCb9KoIjTPY_000142_000152,playing_trombone
DFIr6nG2NKs_000136_000146,playing_bass_guitar
FbYBmj_oEwY_000102_000112,chopping_wood
h5rgr0WZkCk_000043_000053,playing_accordion
J41ku02usC0_000003_000013,playing_violin
bSRi3KyaPAA_000004_000014,playing_drums
IbZzXrfdLJA_000020_000030,chopping_wood
WNq0SCOxu44_000021_000031,tapping_pen
2WzgVK-z25M_000130_000140,playing_violin
eYmYpTxpndA_000047_000057,tapping_guitar
CEGHNFrs7zs_000123_000133,playing_accordion
aZUJdS-V4gk_000020_000030,playing_piano
6uhEInexQwc_000032_000042,playing_harmonica
9ctl508D0fc_000004_000014,chopping_wood
L2uahX9TUho_000002_000012,blowing_out_candles
34ixwNwDHnA_000008_000018,blowing_out_candles
KSFNea716v8_000104_000114,playing_guitar
UxsDOD_TrwA_000038_000048,playing_accordion
bcPJML83FNw_000001_000011,bowling
9AA8tb5Rakw_000001_000011,tapping_pen
A4uvbs4WMl8_000001_000011,blowing_out_candles
7t8reLQxotk_000154_000164,singing
8AYGCx8ykyg_000007_000017,playing_bagpipes
c8k8_EyyNrU_000045_000055,playing_guitar
5MWGD9PaNtA_000033_000043,playing_harmonica
6tV7Cn8J9QE_000066_000076,playing_trumpet
RsWS9fjwk80_000203_000213,tapping_guitar
P3HNk2A1ER0_000035_000045,playing_clarinet
Rs0zstWg7oc_000175_000185,laughing
OHs4pHIqHPE_000138_000148,playing_bass_guitar
0suX0PkNa94_000114_000124,playing_xylophone
IxBwayHE1yA_000005_000015,playing_bagpipes
_nUaENqaw2E_000026_000036,playing_clarinet
V55CCVHhui4_000120_000130,playing_trumpet
N1rpZ_x3xnU_000368_000378,playing_bass_guitar
BEbfdrKnOec_000091_000101,playing_guitar
WK17EoYFx_8_000033_000043,playing_harmonica
MyEuBpJrYuk_000037_000047,playing_clarinet
Q3poXp-gKwU_000018_000028,shuffling_cards
KA4buXoWTa0_000062_000072,ripping_paper
dUpzqBRpyKs_000147_000157,playing_saxophone
IYZZhmmHayo_000073_000083,playing_violin
d-me8vVBRU8_000440_000450,playing_trumpet
QzASTxoaH2M_000002_000012,playing_organ
cdvqdi6EcGs_000115_000125,playing_trumpet
SqBe3eAJIY8_000183_000193,tapping_guitar
Jujd0Uq5XU4_000353_000363,playing_bass_guitar
QPB4jrAyJrM_000015_000025,laughing
dkhfOcr-VQo_000011_000021,shoveling_snow
cY0uW5yd0y8_000270_000280,playing_clarinet
ZlB0jo_u8cE_000063_000073,laughing
74WbKVZ23rE_000066_000076,blowing_out_candles
2Ir7dkcfAFQ_000014_000024,shoveling_snow
RWzQK5B_G-o_000213_000223,tapping_guitar
CowpiiYRDOU_000141_000151,shoveling_snow
AlG9HIyB-wk_000106_000116,playing_organ
gdoX0D-Jd7o_000015_000025,mowing_lawn
eCecvpDbS0E_000020_000030,tickling
_q0Dmen2_3M_000242_000252,shuffling_cards
CZEnrPbSCKk_000046_000056,playing_xylophone
1QEqcxAWH78_000109_000119,chopping_wood
cAmvjLAZpBQ_000083_000093,playing_violin
8s1OFvInheY_000061_000071,playing_keyboard
Hg45Q6jRS60_000005_000015,playing_saxophone
IH2BelDa1K4_000115_000125,playing_bagpipes
c1nH8IQqKZc_000071_000081,playing_violin
8nvJHJNRDSg_000023_000033,mowing_lawn
I_nhfOVc4TY_000112_000122,laughing
a19tL1QEu0M_000010_000020,playing_keyboard
3k4RMFzfn4o_000000_000010,laughing
V81qm8IrRQA_000097_000107,tapping_guitar
Nctk37WOsYk_000071_000081,shuffling_cards
MmD3qx8KMCI_000018_000028,playing_harmonica
ci9KzjCfTlE_000000_000010,chopping_wood
EmgLj3XLPBQ_000000_000010,playing_bass_guitar
540mpdmXDZk_000059_000069,tapping_guitar
YEpQkKwfwQE_000202_000212,singing
3GsMxdDBT3o_000017_000027,playing_violin
XMmO-GiwmQk_000003_000013,playing_xylophone
84TDU1V9CsI_000082_000092,dribbling_basketball
WLs6JvnlGdw_000080_000090,playing_guitar
0S20SCkkeFA_000020_000030,laughing
43txr-B4F90_000040_000050,playing_keyboard
aLMtmur8O5M_000002_000012,ripping_paper
NFUGaZZCkos_000060_000070,playing_trumpet
TLQYC9OPgu4_000003_000013,playing_saxophone
UYwkqx25HEw_000524_000534,chopping_wood
3XPm1JvAp4c_000006_000016,playing_harmonica
KfDgI0gVAW8_000174_000184,playing_guitar
-G33p_0DXas_000067_000077,playing_saxophone
HGr78snYuBc_000404_000414,playing_guitar
ddEKJOxgFiw_000077_000087,tapping_guitar
7CZFXz5xMYE_000000_000010,shuffling_cards
NjiGbeT4cFI_000002_000012,playing_keyboard
QoNAWofDrMg_000001_000011,playing_drums
Rt_WNs3LRiw_000020_000030,tickling
X9mx7H6n3B8_000050_000060,playing_accordion
1h5y-q1L9rg_000264_000274,playing_harmonica
4-Y5JcfR6As_000095_000105,tapping_guitar
aP5J8MgfCdw_000232_000242,playing_guitar
EFNNPZsO7-Q_000142_000152,playing_accordion
DVhp8p6dByE_000017_000027,playing_bass_guitar
CddwjqfAuJo_000003_000013,playing_accordion
eYYGPazYzsc_000087_000097,laughing
QztEf6SI4WA_000017_000027,shoveling_snow
Je2y0oKHtLM_000036_000046,playing_saxophone
91cHW8L9Zxs_000001_000011,bowling
9oCb0Fs80-c_000053_000063,singing
FrftTpIt0rI_000005_000015,playing_saxophone
4JPLz7kKmCk_000021_000031,shoveling_snow
1tb653hI2oo_000000_000010,shuffling_cards
dRaIfsvEcSw_000200_000210,playing_bass_guitar
KyWm-mjKVeE_000040_000050,ripping_paper
TglUMXrNi7s_000145_000155,playing_trombone
7mW0Al7wEdI_000034_000044,tap_dancing
fHOKHnQrlwc_000010_000020,playing_saxophone
0iirJIky7G8_000015_000025,playing_violin
Ww89opYpTxE_000003_000013,mowing_lawn
U26BqHluFPg_000118_000128,playing_guitar
T1Jo7h4Y6a0_000014_000024,playing_trumpet
G9CGGAmsv0k_000012_000022,chopping_wood
WF356rTGOEM_000018_000028,playing_trumpet
QgeLjU03TVs_000044_000054,shoveling_snow
UzqbKeMxonY_000001_000011,playing_trumpet
7Y4biNhDgEM_000000_000010,blowing_out_candles
I-k3Czsspf8_000034_000044,dribbling_basketball
81pLhAbuApA_000028_000038,singing
GMXyAZjXXkI_000004_000014,mowing_lawn
_JPz8Lf0d18_000000_000010,playing_accordion
4V5UkOiiXi0_000040_000050,playing_harmonica
CQmZvCiRNVE_000160_000170,dribbling_basketball
aE3L3hOuIS4_000326_000336,laughing
07Oel7TK8aQ_000113_000123,playing_bagpipes
baO4amMKWHs_000094_000104,playing_guitar
0nxJE7G1M1A_000000_000010,mowing_lawn
2sMZVvVIfYk_000002_000012,blowing_out_candles
LnsGXTmwmCM_000115_000125,playing_accordion
gzvdVE6lAN0_000002_000012,playing_saxophone
Aiyhq1HRrLw_000001_000011,playing_xylophone
SD8uq7cQFK0_000594_000604,chopping_wood
NCvioN5rHTk_000041_000051,playing_organ
4KJD4aP90YQ_000085_000095,playing_guitar
e8rAehIAwUg_000153_000163,playing_trombone
QdHToKjOIlw_000095_000105,tickling
GoVEP0lzGOc_000177_000187,playing_keyboard
I9Vr4YoVy1k_000004_000014,laughing
Nr-tDs2GUW4_000004_000014,ripping_paper
JujfjiStP-E_000049_000059,tap_dancing
X0qEqpNY0cs_000013_000023,chopping_wood
KDnPHc3fy38_000012_000022,playing_harmonica
cnIqjRgKjCI_000024_000034,laughing
ITtND24aH0c_000029_000039,playing_drums
1cROVdSCMpo_000003_000013,playing_trumpet
-5Lb5xpM1ZQ_000006_000016,playing_bass_guitar
4hk-HPNASpE_000037_000047,playing_accordion
CBjd9oImnW0_000036_000046,shuffling_cards
Glm0YriXjOg_000015_000025,blowing_nose
2_9Ih2dRX-w_000013_000023,blowing_out_candles
f_p0gMwwkGc_000001_000011,playing_guitar
A-vAx1U5Ao4_000050_000060,tap_dancing
fuCCjRyrd9U_000097_000107,tapping_guitar
-dc_DkMuHv0_000028_000038,playing_trombone
LaYfi8i2aJw_000022_000032,playing_bagpipes
G3M-dXnnLNQ_000089_000099,singing
3_zk-fpr5ik_000004_000014,playing_harmonica
7uFV3W2UaOk_000128_000138,playing_bass_guitar
FHNBUzcJxdc_000047_000057,bowling
Ga6OK6IQan8_000019_000029,playing_drums
gJlM_KMAXrE_000002_000012,playing_organ
338utht9MmI_000064_000074,singing
fPimvz62Twc_000002_000012,playing_xylophone
6YItd807RJY_000020_000030,playing_trombone
_omTjA365OU_000312_000322,playing_clarinet
4SwLn4VZQok_000014_000024,tapping_pen
RaGMgeuYbok_000027_000037,tap_dancing
AXu74FfdC64_000187_000197,tapping_pen
TxZ5Bqyf8AI_000253_000263,dribbling_basketball
cnKIxaatBr8_000050_000060,laughing
au7e9c-WnEs_000003_000013,shuffling_cards
8dp3sVI79-Q_000118_000128,tapping_guitar
_bpuUw9GvV8_000159_000169,playing_guitar
RhRh0T3ERMc_000301_000311,shuffling_cards
InLnkUgDFpY_000239_000249,playing_clarinet
RwBnE9bnUmI_000126_000136,bowling
-86xbR-_1E8_000335_000345,playing_bass_guitar
8Tin9SSiG-k_000048_000058,singing
YX-I-6uGkVY_000192_000202,tapping_guitar
E6QkPeZequM_000161_000171,playing_bass_guitar
YsAfTwlevNw_000026_000036,playing_saxophone
I7R4SZROde0_000054_000064,laughing
8LG4cSQqVoo_000160_000170,playing_clarinet
Snzs0QDUSQE_000091_000101,shuffling_cards
hKCHgwzMjhw_000262_000272,tap_dancing
H3JzOkvTrJk_000198_000208,playing_piano
U2K2tiGes6k_000095_000105,playing_drums
RPGU6dPJFO4_000100_000110,singing
bl9lsYxrwU8_000058_000068,playing_organ
egDeJe_n3_U_000278_000288,playing_saxophone
NZL4sUqjUv0_000042_000052,playing_piano
L7Gt1NO1nx8_000045_000055,mowing_lawn
_QkaGxDL3OA_000171_000181,playing_guitar
6KM9zawcMDQ_000001_000011,blowing_nose
FTZ0izDk2-U_000077_000087,playing_accordion
YLfGBZXpku0_000052_000062,playing_piano
hAXSUDji99g_000003_000013,tapping_guitar
4IisgtHbLug_000002_000012,blowing_nose
SbsbqNKu6tA_000003_000013,ripping_paper
gJ2tmgnUQfU_000005_000015,playing_keyboard
Ht4Vk_-4SSw_000039_000049,dribbling_basketball
fvRXfUZdXCU_000214_000224,tap_dancing
HSHEcXnrdUk_000048_000058,tap_dancing
PZ6H6rkygww_000001_000011,playing_trombone
4rLiw2XWPIQ_000089_000099,playing_trumpet
6cHeg_xZARM_000044_000054,playing_harmonica
SdrcAw8Mw9Q_000000_000010,tapping_guitar
6uWoRIxnnGg_000014_000024,blowing_out_candles
cQH_fgBZWpA_000002_000012,shoveling_snow
2DGoVj1OOEs_000033_000043,tickling
YxkwUBfecNU_000004_000014,tap_dancing
8SxkzBeAq6U_000045_000055,playing_accordion
da9lt-GMHrI_000054_000064,playing_guitar
6-Cc1iR-aWw_000008_000018,playing_trumpet
9bnXBCg1XP0_000016_000026,playing_harmonica
Ut0ZDuVaUDo_000013_000023,playing_drums
X_nn5W03uSU_000010_000020,laughing
atGXT5o8B-E_000346_000356,playing_bass_guitar
N8UkdcXPMHc_000062_000072,playing_trombone
Xo5pw5dqyhU_000018_000028,playing_organ
06iGSXv8jUM_000105_000115,tapping_pen
ARpHmdCcvGg_000049_000059,playing_trombone
TRcWXr8C3GI_000005_000015,playing_violin
hFzvbrq3xZg_000009_000019,mowing_lawn
ansNKcvRiGE_000019_000029,playing_trombone
3enDQ2ZBink_000007_000017,shoveling_snow
14Sph2O9VtQ_000014_000024,laughing
NhoTNiWAdvA_000001_000011,playing_bagpipes
8LzpiO8y3e4_000036_000046,playing_violin
EpJJxSH8WEg_000004_000014,playing_harmonica
XvtkkYLyf9Y_000312_000322,playing_bass_guitar
NoUtJWRvipY_000011_000021,ripping_paper
ajnNi4a-HKw_000140_000150,shoveling_snow
RSot5Tdmm84_000004_000014,shuffling_cards
6etrrFzuPuY_000008_000018,shoveling_snow
_9pC6FvYj3w_000021_000031,playing_drums
RhiibULgtbU_000013_000023,playing_saxophone
bPD6eS6CUXg_000165_000175,shuffling_cards
0_VnOtSrsow_000032_000042,playing_violin
SuL1ugEBqwE_000013_000023,playing_trombone
HAXXwMAmZ50_000000_000010,playing_accordion
FDLhpMkJwCM_000001_000011,playing_saxophone
dwt8tOwyLes_000139_000149,dribbling_basketball
BH_vYMkpOV4_000172_000182,playing_violin
e09a2tepICo_000005_000015,playing_xylophone
8E0E_suFb_Q_000105_000115,blowing_out_candles
dsqvgTLxD3M_000070_000080,laughing
Umx-GqJn_0I_000177_000187,playing_organ
eTO9nRlNzTg_000016_000026,mowing_lawn
AT6Zv1DRx9c_000349_000359,playing_clarinet
gueb0_KtWU0_000003_000013,mowing_lawn
Y4dKvX6DJDs_000072_000082,shuffling_cards
ChqyFKDhKXA_000001_000011,playing_trumpet
BVumKQjJdwc_000009_000019,playing_organ
BncAiAa6Zqk_000020_000030,playing_harmonica
4GeYyT0lwQ0_000028_000038,laughing
hBojGuacBRQ_000368_000378,playing_clarinet
B6KHettrOEs_000002_000012,tickling
eXHTWT7e5Sc_000020_000030,tapping_pen
H5ELwOLb7ss_000000_000010,blowing_out_candles
__K-ke-RawU_000022_000032,shoveling_snow
Mq2F57tqIDE_000031_000041,blowing_out_candles
28l2zMK2iSM_000055_000065,blowing_out_candles
DTBp_oc59g4_000071_000081,playing_clarinet
VahsKRNLFKM_000280_000290,shoveling_snow
cMdnie91zp4_000238_000248,playing_trombone
bu3YFLayHlQ_000040_000050,ripping_paper
dr_9H1y-z7U_000172_000182,playing_organ
0TBzhlvgiJE_000056_000066,tap_dancing
8Yk9pX92kQQ_000123_000133,shuffling_cards
CuCD7ld9S1M_000027_000037,ripping_paper
YCX7djzFwb4_000027_000037,playing_violin
Y4uJhTIVMqI_000000_000010,shoveling_snow
OIfJfxMw5EY_000014_000024,playing_accordion
WSjUJK31E9M_000026_000036,playing_saxophone
GTcw8EwksnM_000014_000024,blowing_out_candles
NRsQydIOLEA_000059_000069,playing_trombone
QZhnOIK3JL0_000001_000011,playing_trombone
NDdmJ_rz7I8_000148_000158,playing_saxophone
HAsjQatkz8s_000065_000075,playing_xylophone
YZFS0FzBZ8o_000030_000040,playing_guitar
gZyu2WqRCAI_000001_000011,dribbling_basketball
chRykXxhcmE_000017_000027,dribbling_basketball
eiZ_y8wrUck_000047_000057,playing_violin
PVvcl1YHinM_000000_000010,playing_trumpet
fyD93hST9MU_000016_000026,blowing_out_candles
YS5fPkqTmKw_000000_000010,blowing_out_candles
bw-Yg77GumM_000011_000021,shoveling_snow
eX_q2oEN14M_000075_000085,playing_bass_guitar
bzWsy7C8-ek_000000_000010,tapping_guitar
3XWBeNVFCr0_000016_000026,mowing_lawn
2GJgjG02Ceg_000002_000012,singing
e96ZRn-mu2E_000000_000010,playing_drums
QrDnCnUUjgs_000154_000164,mowing_lawn
JoBf8sDM81o_000002_000012,mowing_lawn
O7f6CPWbWvk_000516_000526,tap_dancing
cF_nBal-7Zs_000003_000013,blowing_out_candles
bY5stWbn19E_000270_000280,playing_guitar
UCY3zDLRLe0_000102_000112,shuffling_cards
ULEo8ZuK6V4_000119_000129,playing_saxophone
ePDirosFKz8_000076_000086,shuffling_cards
0snxXPvBH_M_000031_000041,playing_keyboard
6xEi_z1OYgM_000000_000010,dribbling_basketball
L_fvvmvV-Tc_000050_000060,mowing_lawn
DQvnvQUyijE_000002_000012,playing_keyboard
bcONbshfnH8_000010_000020,bowling
8u9cUH3ERto_000068_000078,playing_keyboard
AFAGB0KL38s_000012_000022,blowing_out_candles
Gw_iuEQD-Fc_000139_000149,playing_trumpet
8APAkOEJAxs_000161_000171,singing
Kbn0h43TXM4_000089_000099,tickling
W-T357SLpFk_000017_000027,singing
0d4rxNCGruk_000034_000044,stomping_grapes
V_N5oPqd7mA_000205_000215,chopping_wood
IxfG2t_anV8_000039_000049,playing_trumpet
KvSBB5AA36o_000001_000011,bowling
bLrc8TOU4Y8_000057_000067,shuffling_cards
7unxZSout4M_000044_000054,laughing
ZwN1eJhWYAo_000044_000054,singing
MHIny5vlofA_000025_000035,bowling
1K0pHk7NcNI_000008_000018,chopping_wood
ZxMmu_yRO24_000060_000070,playing_clarinet
X-ZAQKr5AoU_000016_000026,ripping_paper
3mtXojZUz8o_000000_000010,ripping_paper
5rPpImAjTkA_000009_000019,blowing_out_candles
LQsN7--43AI_000911_000921,playing_guitar
9Q9-MQXVtXM_000019_000029,playing_xylophone
2Qy9jLxRHSQ_000106_000116,ripping_paper
0Dycv1PY7Og_000011_000021,playing_bagpipes
2wv3yBNbvWQ_000000_000010,blowing_nose
CHXw-Y-WJh4_000027_000037,playing_organ
ScNdojIZ77E_000007_000017,tapping_pen
SSk7aU8gSP0_000125_000135,laughing
3Lv6Sg87cgg_000026_000036,tapping_guitar
UrN4ivtWC-Q_000073_000083,tap_dancing
Hn9TkfcMF98_000162_000172,dribbling_basketball
ZpMmSytM9ec_000002_000012,playing_harmonica
9QmyF-fKyb0_000056_000066,playing_trombone
XhgZBORM7x0_000015_000025,tap_dancing
AakTV2aV5PE_000512_000522,playing_trombone
2Iyox5BYEh4_000097_000107,playing_trumpet
-fS4i4rRVCo_000000_000010,bowling
d-rhOmzf_5g_000036_000046,playing_bass_guitar
Vu5N_JJ63fU_000000_000010,ripping_paper
e7yykZbwlU8_000005_000015,bowling
WpQHQeY43zo_000015_000025,playing_accordion
3vjCGw6l6UM_000052_000062,playing_drums
BuaaHsCU3qU_000005_000015,laughing
QqEjbEZru94_000121_000131,playing_bagpipes
R3hwoZ1JtjY_000000_000010,playing_saxophone
LpY_3wVkUTw_000011_000021,tap_dancing
dmejISTIaeM_000088_000098,tap_dancing
0j5npDu_fjI_000014_000024,tapping_guitar
8EFZq9lcM2U_000001_000011,playing_xylophone
eKnuU3aMtZk_000438_000448,playing_bass_guitar
EJXHQDntArM_000002_000012,chopping_wood
1enW549GC9s_000086_000096,playing_piano
OrgnFS1OScY_000125_000135,playing_bagpipes
J-xDaofUPIc_000002_000012,playing_violin
H1THmTJ2DVk_000003_000013,shoveling_snow
dWacPMVLHNI_000039_000049,playing_guitar
W42_QwF16gE_000007_000017,playing_trumpet
bcdaWEvX6To_000034_000044,tickling
FhYhCxwnObQ_000026_000036,tapping_pen
bXsrUXjSwnE_000036_000046,playing_organ
1Ak94yxKsw8_000041_000051,playing_harmonica
TWtxoAa8VJI_000053_000063,chopping_wood
EbUI1CjMIEo_000007_000017,playing_xylophone
7O72LMNZ1XU_000044_000054,shoveling_snow
3fZCciB2DVM_000080_000090,playing_trombone
g-loi-nqBZA_000054_000064,playing_clarinet
CdRKPNMAVhs_000013_000023,dribbling_basketball
MNhX0arWjqA_000015_000025,playing_accordion
Emd2u4viGWw_000033_000043,playing_bagpipes
enykjXNWZws_000167_000177,playing_organ
9vF-EJ_0uVo_000014_000024,playing_guitar
H8SzRiaH0d0_000061_000071,bowling
Q52rzWSTvGw_000150_000160,shuffling_cards
5NytiHGe8CI_000208_000218,playing_harmonica
JXJgp0v24yk_000184_000194,playing_keyboard
F3evKfMVnKw_000016_000026,shoveling_snow
Y3feJYKLadw_000209_000219,mowing_lawn
Wm_nNMEPxMs_000142_000152,singing
7kxcdq_svt4_000037_000047,playing_drums
4XX35ioTd-M_000000_000010,tapping_guitar
fni2wF7p7ME_000178_000188,dribbling_basketball
4kEZtRh79L8_000006_000016,playing_keyboard
SZytBbffEZ0_000006_000016,playing_trumpet
XDQIHpRB6PY_000039_000049,playing_trombone
9eiIDgIufBU_000000_000010,playing_organ
2vqQPnvdqjE_000125_000135,playing_bass_guitar
B8cuyX03oSk_000001_000011,playing_saxophone
CzSf9hmZnhU_000080_000090,playing_trombone
LrSq0CLIw0I_000002_000012,dribbling_basketball
FDbbGUTJstY_000050_000060,playing_guitar
FcV9buODFRQ_000043_000053,playing_guitar
ZgLiARswrLU_000227_000237,playing_clarinet
F5QCs3PnQBc_000026_000036,playing_guitar
CQTa01iGUSs_000045_000055,tapping_guitar
DzW_YoFhuiI_000011_000021,shoveling_snow
BIJK6JzfHCk_000004_000014,chopping_wood
6-s7uY1FDUo_000066_000076,dribbling_basketball
_h97mB5J-iY_000016_000026,chopping_wood
ZV8z58hIOTs_000043_000053,laughing
RiL_K1qeP_0_000053_000063,stomping_grapes
eMQCkbHa8L8_000067_000077,playing_violin
2wYU2L42zIg_000126_000136,playing_organ
IwdjPDw6o5I_000341_000351,tap_dancing
69qOqfMjBOg_000132_000142,playing_trombone
fknqDFeEK1M_000023_000033,singing
3zSMo3fY7eM_000200_000210,shuffling_cards
SMM0O6tm_EM_000052_000062,dribbling_basketball
cOyBI5QnJCY_000023_000033,playing_violin
WnOoDlcGO08_000060_000070,chopping_wood
HoSepm0vmbQ_000089_000099,playing_bagpipes
JrybGboMK90_000004_000014,playing_bass_guitar
PCmTT5lJM7A_000004_000014,playing_bagpipes
dOQM8KWPwh8_000001_000011,blowing_out_candles
1OQSuo9E7Ug_000035_000045,playing_violin
XNcYWapv8Uk_000013_000023,tickling
DQa4u9bMvKA_000025_000035,shoveling_snow
6fkh3GAh-QE_000002_000012,shoveling_snow
_3h8H6GSdOc_000004_000014,ripping_paper
Nnpboce7nEI_000267_000277,playing_trombone
eFg8f5es83U_000015_000025,playing_guitar
BLQIn5a4Y6Q_000034_000044,shoveling_snow
PiY2lrijOhE_000162_000172,playing_guitar
9msWMD9P-6c_000050_000060,dribbling_basketball
4RuhmXnS5YQ_000596_000606,tapping_guitar
gYi-zhyyPZk_000031_000041,tickling
I1rgNZd0P1w_000064_000074,tapping_guitar
-5a-sqTyPqM_000005_000015,mowing_lawn
VahOT7eM3XI_000004_000014,bowling
WYWvv5erEg0_000037_000047,mowing_lawn
VBN_Nd1O4iA_000037_000047,dribbling_basketball
G_HLgDC8roI_000033_000043,laughing
QPGGo4haQEo_000361_000371,playing_accordion
bqlynDTN1S4_000022_000032,playing_clarinet
0LL7YQJ4bWU_000622_000632,playing_bass_guitar
JgNDRpRYf2E_000004_000014,dribbling_basketball
XvD8aDv7J2k_000020_000030,tap_dancing
72FXYgdfrCk_000127_000137,playing_trumpet
BfVmOntBpPI_000000_000010,bowling
XwJ8TuXiArQ_000080_000090,shoveling_snow
9GvYwfiA7CA_000147_000157,playing_violin
NslBvMfI4wU_000012_000022,playing_keyboard
Sujn-vHd1nw_000092_000102,playing_saxophone
HbtDlLZr9u4_000607_000617,mowing_lawn
MP1_aDUAhzc_000007_000017,shoveling_snow
Y6TFh9aIuPE_000007_000017,playing_saxophone
UX4GciJXizQ_000029_000039,bowling
Ea53rNIqJb8_000005_000015,bowling
RV-xyyDJQDE_000258_000268,playing_trombone
DzPAxknD-zo_000009_000019,laughing
9YnmsWbFkmo_000003_000013,chopping_wood
_NF_PSX9aVE_000150_000160,dribbling_basketball
-ToJaKgfuX4_000044_000054,playing_violin
cvi2-TzIEVw_000092_000102,playing_saxophone
QwRZkayRUOE_000003_000013,tickling
3TM9t7wAlhM_000005_000015,playing_trumpet
WEYiq0k6uYA_000005_000015,playing_xylophone
Eun5eQV1lSY_000069_000079,ripping_paper
DY3Dh2UvWpw_000090_000100,playing_saxophone
MS0AZhCjc3o_000025_000035,stomping_grapes
e3OODqWEUBc_000166_000176,bowling
JETn-lVPNYs_000056_000066,playing_trumpet
a_c8wbhqABs_000072_000082,laughing
Ozj34yT8jEo_000175_000185,playing_clarinet
AciyBtJvl0c_000124_000134,chopping_wood
YrWlCsMbUoY_000002_000012,playing_violin
1qVf-vt8P1I_000004_000014,tickling
OHn8okruTUM_000018_000028,playing_piano
XgbTh1BCciA_000057_000067,playing_bagpipes
afa0oV3YALE_000000_000010,playing_harmonica
RsbSx12onw8_000052_000062,playing_guitar
W3B9ZFl5pmU_000018_000028,playing_trombone
Cy4Jbz8jT4M_000009_000019,playing_harmonica
FIso6qVpyYA_000005_000015,playing_piano
K10X7L3OBqw_000113_000123,playing_drums
X207hYzltZ4_000017_000027,shuffling_cards
cp-rCcDDfTs_000004_000014,shoveling_snow
d2UayQnUFaA_000023_000033,chopping_wood
KDFSAl_-474_000004_000014,blowing_out_candles
QvqLKNuEj3M_000009_000019,shuffling_cards
0vxAWRaNbRE_000124_000134,tapping_pen
8VPNQ0voqao_000166_000176,singing
70zH5lAzOoE_000027_000037,tickling
cnuNc7qgGyw_000128_000138,singing
HQetiXSw1js_000000_000010,playing_xylophone
Mq4c4qWwK7A_000037_000047,playing_bass_guitar
cbIRNQFsfrs_000002_000012,tap_dancing
BeBmAbyK6vg_000015_000025,playing_violin
-h6g5tsPLo4_000000_000010,playing_guitar
1Ocpy8wKPN8_000001_000011,shuffling_cards
csu20NGwxV8_000095_000105,playing_guitar
Oea_yFRAiy8_000038_000048,singing
As2_D3BWwpM_000055_000065,playing_bagpipes
fPXh640TC5c_000039_000049,playing_harmonica
RzWko7JA7Tw_000105_000115,playing_trombone
4OhlMEw_syE_000006_000016,playing_organ
C98BT8SIckU_000012_000022,playing_organ
7MxoO719nxQ_000133_000143,tapping_guitar
H_y-3v8Eci8_000053_000063,tap_dancing
7t4_yY_4F8A_000000_000010,mowing_lawn
ReIZ30x4FLU_000009_000019,playing_trombone
VpBB9SHTqKI_000025_000035,laughing
1zctllXrZW8_000011_000021,shuffling_cards
HDRg6o6S7v0_000042_000052,laughing
OjO8lYm-99g_000278_000288,playing_trombone
M1dBpk8lQm8_000010_000020,playing_violin
O-_5m3yz00g_000084_000094,playing_guitar
31y9HJqv8as_000035_000045,tapping_guitar
UjeC8mcNQYY_000007_000017,shoveling_snow
S7cu5gdMyCw_000118_000128,tap_dancing
CXie9abd5gk_000029_000039,playing_bagpipes
2P6iKAbBjWw_000090_000100,playing_accordion
PR_-Cbzenh8_000001_000011,chopping_wood
CzXOdiNoosg_000052_000062,playing_piano
KkyLqcwbPvw_000000_000010,chopping_wood
G1m9MCbiGr4_000000_000010,playing_piano
0cP47d_dU9c_000032_000042,playing_trombone
5FSAripqboc_000003_000013,dribbling_basketball
CpOjPhEHL2k_000170_000180,dribbling_basketball
5jZmL5mGf4I_000274_000284,playing_trombone
bYqIzHdPCQQ_000016_000026,singing
7t80P73awe0_000000_000010,singing
CJsYPqkGmI4_000049_000059,tapping_guitar
P4OWqZowh6s_000029_000039,playing_bagpipes
POjQkZbxCl8_000006_000016,playing_violin
G_ze3vaGEos_000003_000013,playing_violin
O03ERrgg0-E_000057_000067,laughing
7iAXB1sKrHY_000156_000166,singing
-dHlx7IlVRc_000095_000105,playing_accordion
dUr22qz_bN0_000012_000022,playing_harmonica
e2u46JuRchA_000171_000181,blowing_out_candles
5ICBxUnslBw_000042_000052,playing_trombone
cHWNl62GI6Y_000073_000083,playing_harmonica
_LJnhoYvgy8_000043_000053,mowing_lawn
1xd5IjpNMK0_000077_000087,tap_dancing
a81RvaVHi40_000001_000011,shuffling_cards
TzXqvJktsyM_000004_000014,bowling
h03xlgwLEmo_000025_000035,blowing_nose
57QP4tL12Ig_000001_000011,dribbling_basketball
KzaPmj8dhWI_000061_000071,tapping_pen
_LkLssAvA38_000175_000185,playing_drums
BdxZgPsC6Ks_000139_000149,tapping_guitar
27AN7phBDpc_000006_000016,tap_dancing
BMWy9fsZJM4_000043_000053,laughing
aH0SW2ClMTE_000069_000079,bowling
EsyQxIxnrdQ_000038_000048,playing_keyboard
2VBYgyDu8IU_000066_000076,singing
VZYwdU_O2os_000033_000043,tap_dancing
g6PD22NuSTs_000044_000054,dribbling_basketball
bS9LQvdXQm4_000002_000012,mowing_lawn
Ijj--C5yZ20_000016_000026,playing_bagpipes
Fe3eD9YXVds_000000_000010,playing_accordion
Q7ZLfFf8324_000047_000057,playing_trumpet
7I0jeMZqDl8_000118_000128,shoveling_snow
9gRcsa7uZZc_000000_000010,playing_trumpet
OlDx872y_uk_000002_000012,playing_clarinet
Xmgd_wIHHc0_000018_000028,playing_trumpet
ErcvQnh224A_000005_000015,bowling
3LENUjHpveE_000143_000153,playing_violin
DJjukKIbq9c_000010_000020,laughing
7ApBzJBGbfU_000001_000011,playing_piano
VwuU_whFqbI_000069_000079,tapping_pen
WTm9J6VrNps_000085_000095,playing_drums
cBdIZG9BGf4_000030_000040,laughing
VPcS_aO20Ns_000003_000013,dribbling_basketball
cjnvxstr9kc_000001_000011,mowing_lawn
YOhB8pcMtAA_000049_000059,dribbling_basketball
fiOkqYRRYo4_000003_000013,chopping_wood
YeCdQc1VVBM_000083_000093,playing_violin
OFLdO4NRwds_000007_000017,tap_dancing
UmYwpHFICeY_000053_000063,playing_organ
Dkfhtt--G8w_000042_000052,tap_dancing
X44fjUtA0mo_000017_000027,blowing_out_candles
J5r0t6AQ8sg_000035_000045,bowling
fdhZ7mO3Vhw_000000_000010,playing_trumpet
19IbwpHBNdg_000091_000101,singing
AIVAD9hASmA_000018_000028,playing_harmonica
cAidKZNFJrg_000003_000013,playing_violin
-mD-yKhF5xU_000195_000205,shoveling_snow
_ySEQ79KoAI_000337_000347,playing_organ
Sgg_JoB8VaQ_000019_000029,ripping_paper
-v6FmvDPYDk_000350_000360,playing_clarinet
_3rsoMHSF4o_000050_000060,playing_saxophone
MmijrdsVwAI_000007_000017,playing_piano
8AKkYHX9awg_000043_000053,chopping_wood
g4Uc5QXZt5w_000012_000022,tickling
HVfccj81N_Q_000000_000010,playing_trumpet
KIcmC0cyACI_000003_000013,playing_bagpipes
RjmSJvdVya4_000248_000258,singing
IXUT9ttlaYA_000003_000013,blowing_nose
64cvu2_kZu0_000017_000027,playing_accordion
F9nTWT_-X54_000088_000098,tapping_guitar
_be_UgD-_u8_000345_000355,playing_violin
-gPM8Ml6_4U_000000_000010,playing_trombone
PdABtWkd0x0_000004_000014,playing_trumpet
gLh5dZaW_oU_000205_000215,playing_violin
T15DMQ_8YDs_000022_000032,ripping_paper
VGK1MniXhRQ_000098_000108,playing_bagpipes
OA6oUI2oTzM_000035_000045,playing_bass_guitar
BVm6N7sgZhI_000009_000019,playing_violin
4vlErIs5pCQ_000066_000076,bowling
IT_4j0e8rFg_000001_000011,playing_piano
ZrUlV_-4UL4_000000_000010,blowing_out_candles
Y4yn5jhAB1g_000003_000013,playing_xylophone
1wMk64QYozs_000350_000360,playing_clarinet
ahusBzwG-hQ_000609_000619,playing_bass_guitar
E9kNBA88sp4_000041_000051,playing_accordion
InWJrsJgh00_000005_000015,mowing_lawn
colcIFaHoRo_000027_000037,playing_organ
glIPOZ7BQo8_000008_000018,playing_trumpet
TfA6-z-kubM_000218_000228,singing
_YWEVUSuG98_000034_000044,playing_clarinet
9nwt_KKpkKA_000001_000011,blowing_nose
ESHrGeWWkew_000035_000045,playing_piano
0VjG9c3NxNM_000001_000011,blowing_nose
ekquxcBPb8s_000144_000154,playing_bass_guitar
_e-tEYgwvPg_000064_000074,playing_guitar
TL4sE4Hrkf4_000068_000078,shoveling_snow
TP6q664UoyA_000023_000033,shuffling_cards
dd7TpM5IwtY_000002_000012,singing
fWDa7cPS5G0_000003_000013,playing_harmonica
3NNonc--vHI_000063_000073,playing_guitar
VdfifcKd_Ik_000010_000020,shoveling_snow
DHQV5jE5JpY_000002_000012,playing_xylophone
ahXmEmn3ygA_000355_000365,playing_guitar
ZgtW4OJ4k-w_000085_000095,playing_accordion
XccEBmpWwMg_000006_000016,playing_harmonica
KlXAyDoTeTA_000019_000029,playing_harmonica
_i2TkNUkK6Y_000053_000063,bowling
emWZK9ZAVRY_000303_000313,playing_clarinet
dfVfte0VcGk_000035_000045,singing
5Y6pSyo6j1M_000003_000013,playing_harmonica
XwN09Y_pjew_000085_000095,playing_trumpet
ccWSbBefxlk_000111_000121,playing_trombone
3UrNIxaSmgQ_000001_000011,playing_accordion
YO8PWmCvArI_000071_000081,playing_saxophone
LNaoXd_PoS4_000157_000167,tap_dancing
U9gnWA1QOKo_000000_000010,playing_xylophone
fX8RUf5egsE_000038_000048,ripping_paper
75rEf_fkfKQ_000010_000020,tickling
UlMSKrKgfPU_000056_000066,ripping_paper
A8ELs7XacK4_000069_000079,playing_violin
fQmZOKuvUbA_000821_000831,playing_bass_guitar
LHKAlJNvdLI_000270_000280,playing_bass_guitar
7ioyuyadB40_000002_000012,blowing_out_candles
W8sbjm-n-So_000009_000019,playing_harmonica
fryTpqWZwgo_000043_000053,playing_trumpet
-VNC9Xyam2A_000026_000036,playing_drums
RTGKC6Rw3pY_000002_000012,shoveling_snow
bGGSiljkhhw_000000_000010,dribbling_basketball
2baUstrtrNY_000006_000016,shuffling_cards
gpiODeNWPjc_000016_000026,playing_trombone
VTvMy8w-vf0_000006_000016,mowing_lawn
68kccxCgbys_000138_000148,playing_saxophone
IL2igd3BLYE_000123_000133,playing_accordion
6MK1scTqeqg_000000_000010,chopping_wood
ZfuXXoSz5kI_000117_000127,tapping_pen
bNEubOC7YrQ_000003_000013,dribbling_basketball
F0qoULbFSbc_000003_000013,playing_trombone
4P_4RI3RJyg_000030_000040,playing_harmonica
4NRuDysM9t0_000008_000018,ripping_paper
3bbU2SZZn1Q_000005_000015,playing_trombone
IM0-Qj2eLnw_000027_000037,chopping_wood
AuxTstwYLno_000049_000059,laughing
gK3ooFKujO0_000087_000097,playing_bass_guitar
N7Gu6Y_LhDo_000059_000069,blowing_out_candles
cHNsrFnj2hU_000009_000019,playing_violin
KOE3Ec_Dtic_000000_000010,playing_violin
5NnaWc0O5Go_000067_000077,playing_keyboard
GQjTmRim_kw_000017_000027,blowing_out_candles
cPhNFyL7lbI_000032_000042,tapping_guitar
fvOR52imV88_000038_000048,ripping_paper
LYAk6K6THqg_000027_000037,blowing_out_candles
PBwZwQhFKcI_000023_000033,laughing
bMYHk9xUyG0_000003_000013,playing_harmonica
bhOrUIJF9rg_000015_000025,playing_trumpet
WIYKkrqF1rw_000009_000019,playing_accordion
339SsOVXp2A_000002_000012,singing
N4E2QrmQR3U_000004_000014,mowing_lawn
A9JbDqPm-ZM_000026_000036,playing_violin
-4r6VLqGeK4_000106_000116,tap_dancing
3y1WK040cAI_000072_000082,tapping_guitar
bTti5z8Dw8M_000050_000060,playing_harmonica
a2i2eAWAU2A_000035_000045,playing_xylophone
hEsJkOgZuRs_000006_000016,mowing_lawn
EeoC7ClsgdI_000000_000010,playing_violin
Ue-Boh01NCI_000214_000224,singing
J08y9nE1Xzw_000006_000016,playing_trombone
1nsj7NjbDAs_000028_000038,tapping_pen
7nlvNruEpm8_000036_000046,tapping_guitar
Vp63nbOfxgs_000019_000029,playing_violin
Hm-43Qq4drE_000789_000799,singing
3IOUhhEW5rs_000261_000271,playing_clarinet
dF8w0Xx0QNw_000024_000034,playing_guitar
HFGB0XOgKFI_000191_000201,shuffling_cards
W5kZVS2VVR4_000134_000144,tap_dancing
3s8DqYenoUQ_000061_000071,stomping_grapes
D6g-wgKuqvI_000036_000046,mowing_lawn
7T7S-R9xUHo_000012_000022,playing_piano
ESq000El_9o_000189_000199,tapping_guitar
Vs2gZcQ4y1w_000004_000014,playing_clarinet
Yf-OywoGHSI_000359_000369,singing
9e1j7IGEi-s_000082_000092,playing_trumpet
KfjpalRMhAI_000068_000078,playing_guitar
-3Esu7rw6DM_000103_000113,playing_drums
M6Hjgie0SwQ_000050_000060,tickling
LLBra1H9QDw_000027_000037,tap_dancing
cV8D074RB28_000010_000020,playing_accordion
5afWu9oZPS8_000002_000012,playing_xylophone
_yo2jKI8LiA_000051_000061,playing_harmonica
cWbgtHOFq88_000085_000095,playing_violin
UgDwK9MBcdQ_000036_000046,playing_harmonica
4F4B9NMTqrU_000026_000036,laughing
1V-_jMSJR6A_000024_000034,playing_trumpet
1dDzG1Z0tUI_000061_000071,laughing
GR-WGWbawow_000013_000023,playing_drums
NU3jhS29Odg_000010_000020,playing_drums
RbN_WcC_nWs_000019_000029,playing_bass_guitar
6-akohlsLsw_000008_000018,dribbling_basketball
bP53EA8t0-Q_000008_000018,playing_trombone
Qh6y-5-rLqM_000185_000195,singing
G8pQ1Z4wv2Q_000000_000010,dribbling_basketball
Db2DqC1u578_000062_000072,playing_harmonica
FUeCxpXgUBA_000237_000247,tapping_guitar
CosLeXqKwkM_000024_000034,playing_xylophone
NwfS7eZiMLg_000103_000113,playing_bagpipes
Y7vGe8os8SI_000026_000036,playing_trumpet
KlpvpnBEQw4_000176_000186,playing_trumpet
APpXdcvkacM_000499_000509,playing_trombone
J5f2faj9l8A_000066_000076,playing_guitar
Q-_QnW6PGlI_000040_000050,tapping_guitar
2N7rGkb9mdA_000042_000052,mowing_lawn
bmmc3MyNTBQ_000181_000191,playing_harmonica
V7ear-l3sLo_000074_000084,playing_guitar
MBD3cVwltB8_000014_000024,blowing_nose
3riAYoS6pJI_000407_000417,playing_trombone
-A3CcrEtLpM_000000_000010,bowling
SR4qajgmqwA_000008_000018,playing_accordion
Fff64QVxrBQ_000115_000125,mowing_lawn
NaGkZ6tviDw_000000_000010,blowing_out_candles
eK5p2zY_fPg_000125_000135,playing_clarinet
dltLWXfkIyc_000210_000220,mowing_lawn
eJDpcKYiphI_000063_000073,laughing
Oz6ASKz7anA_000060_000070,playing_violin
JJlS9H9kvGY_000172_000182,playing_guitar
3rTZnsjlGZk_000002_000012,ripping_paper
V47wLZPi9bs_000035_000045,mowing_lawn
2yeIcBsVIlw_000003_000013,playing_harmonica
bmZFl9lRQWg_000143_000153,singing
HzhINmWIftg_000031_000041,tapping_guitar
JvENbyAbM7U_000025_000035,shoveling_snow
UkfXkLm4u4g_000180_000190,playing_organ
CpI8AgU5V8k_000249_000259,tap_dancing
V-3FIHDxX1o_000207_000217,playing_clarinet
SAwXjutDWuM_000031_000041,tickling
6f3X8cp_hjo_000012_000022,tapping_guitar
ehNFuE3QyM8_000100_000110,playing_keyboard
IqzzhX78cSQ_000302_000312,singing
WOSmGWENNPo_000157_000167,playing_clarinet
bsgoyfOCJ8g_000027_000037,playing_trumpet
6qKGXoUWbFM_000001_000011,playing_accordion
Bu-llEKyoqw_000016_000026,playing_trumpet
66d9rA8LIT4_000112_000122,playing_guitar
5jJM2COuNHw_000000_000010,blowing_out_candles
WAzTQIOam7A_000003_000013,playing_drums
ebswKsxw5y0_000013_000023,shuffling_cards
2CUyLkH6Po4_000004_000014,playing_organ
JmMNTQunKok_000071_000081,playing_bass_guitar
6HIZu2dZPZU_000055_000065,mowing_lawn
3yXJFv0tFlo_000057_000067,chopping_wood
OuxbWP6-_GI_000013_000023,singing
CkciU5cNchk_000003_000013,playing_violin
WRHocZClCOI_000114_000124,playing_accordion
DsN73ezuXF0_000002_000012,chopping_wood
E1p6hk0oYw0_000147_000157,playing_bagpipes
FVfKvCS8Tog_000092_000102,shoveling_snow
7vp3Uo8f5x8_000017_000027,playing_guitar
QFFttdhR5Bk_000004_000014,playing_bagpipes
TAwQds_k98s_000013_000023,mowing_lawn
DUKzn9pcBoU_000001_000011,laughing
PqUsEuKvh1E_000065_000075,playing_clarinet
Gn2E2q6y-ZI_000007_000017,shuffling_cards
Ro_lUuIyeH4_000025_000035,chopping_wood
2Cm7nbWn0c4_000071_000081,playing_organ
9sFUCaSFlbw_000039_000049,bowling
9rdCnIUnxVs_000102_000112,playing_violin
6TPyX35PAxc_000007_000017,playing_bagpipes
UA8au_0MjUk_000000_000010,playing_bass_guitar
7o_njtdKjiA_000076_000086,playing_violin
KgLaRSRockU_000000_000010,playing_piano
V090kU68Ql4_000018_000028,playing_bagpipes
TsrovaymI8U_000004_000014,chopping_wood
Gm0kZrAYODQ_000102_000112,playing_violin
SiF7XhP54es_000007_000017,mowing_lawn
A09iMFAK1uI_000025_000035,shoveling_snow
BIdRP7KpuNo_000148_000158,singing
Ypx1gCNVIZA_000069_000079,tapping_guitar
LDVgu_3mcDc_000047_000057,playing_organ
3WFK2HmxXn0_000067_000077,mowing_lawn
GdsyfaU6ED8_000003_000013,stomping_grapes
CXPviInGMgQ_000054_000064,playing_organ
bMJb2zNmxqU_000016_000026,playing_trumpet
0kwW_fULnsU_000007_000017,shoveling_snow
EGIgupOweMo_000001_000011,dribbling_basketball
YTcwovQ0y0c_000064_000074,playing_drums
aJ_oKAoTEMk_000021_000031,singing
4NIFd7k4f_E_000041_000051,playing_bass_guitar
gu2Z8KXZHNU_000010_000020,playing_accordion
ARJD4M-DnCY_000027_000037,playing_keyboard
QdVcTmMgS6A_000000_000010,shoveling_snow
LLE7D0mopGI_000036_000046,playing_guitar
1Fn0hMgZFZo_000002_000012,chopping_wood
QQxsM060Woc_001357_001367,playing_violin
HYsLwi90dSA_000248_000258,playing_guitar
QW4j4yi7gOg_000028_000038,playing_harmonica
CnTsxAFUfEs_000077_000087,mowing_lawn
WgiDnf3u8zE_000000_000010,playing_harmonica
YisyHmcfthg_000001_000011,playing_xylophone
4wTV1H8riNs_000002_000012,dribbling_basketball
Wd0i29AE5cM_000421_000431,singing
Qox_iD6s3FU_000003_000013,shoveling_snow
hDZ0MbNw42Q_000020_000030,laughing
RaW9PPSSdZY_000010_000020,playing_trombone
M7nwz7dyZhU_000086_000096,singing
7vZ7smQPOVM_000002_000012,shoveling_snow
Dq9NkOsOS8I_000168_000178,singing
fuRRaiAOsMA_000005_000015,dribbling_basketball
dKhy7hoLpO0_000068_000078,playing_harmonica
DAC2Z-54HDY_000003_000013,playing_piano
0lpJh-H0cWQ_000085_000095,playing_saxophone
E0KnqhaNwe4_000099_000109,playing_clarinet
eQw3KLQFZDw_000122_000132,playing_bagpipes
0i0YHNDidVw_000000_000010,bowling
R_K135VvS7o_000490_000500,playing_guitar
dN6vH_sV8U0_000000_000010,playing_piano
7t9vGOv12LE_000000_000010,singing
NbP91b6BUv4_000027_000037,tapping_guitar
bGGphyMwI84_000003_000013,dribbling_basketball
_31e4Xrq3BE_000004_000014,playing_saxophone
d9CB6eWRSNA_000098_000108,playing_guitar
eu-gmeGILmw_000000_000010,chopping_wood
NxAmmuMptpo_000037_000047,tap_dancing
W0iHDWc0WQQ_000179_000189,playing_clarinet
Yj35gvbY1cQ_000219_000229,playing_drums
RNP-OUuWXEk_000020_000030,playing_organ
INXxLBVExPU_000276_000286,playing_bass_guitar
9GICI7LCZ1I_000020_000030,playing_guitar
cvAz-OdQsoo_000112_000122,playing_bass_guitar
eaonp9_j1pI_000051_000061,playing_bass_guitar
-YvreOwOF5c_000397_000407,playing_harmonica
HAmqye_mTCk_000074_000084,playing_bass_guitar
dYU45kmUPj8_000000_000010,singing
UMIOT141tIc_000188_000198,playing_violin
LmyWPP2X8Fs_000035_000045,shoveling_snow
F4i6I-SsOb8_000014_000024,bowling
8u7RWiz__ec_001022_001032,playing_bass_guitar
6XgKua2pprs_000001_000011,playing_bagpipes
Dr4PYTycUDA_000055_000065,singing
cqivhmSzuvw_000032_000042,stomping_grapes
7srDVwnq3io_000075_000085,shoveling_snow
R0OtUVbdwHs_000064_000074,mowing_lawn
8BWotWvD1i8_000007_000017,playing_saxophone
VfxdEfu74qQ_000010_000020,playing_saxophone
QAhpyuaPppY_000026_000036,shuffling_cards
VACW4vMWNRY_000011_000021,shoveling_snow
g4FmsZ9Lfh8_000010_000020,playing_trumpet
XVa3If8iA00_000089_000099,bowling
KRl5fqvC7cg_000030_000040,mowing_lawn
INQndcn6-ts_000027_000037,mowing_lawn
cQucTnA0Mhk_000107_000117,playing_piano
6PFh-opZK8g_000011_000021,mowing_lawn
gjreVcWSdT8_000156_000166,tap_dancing
K99FJr_aXEM_000175_000185,playing_clarinet
IcPDNOr_i6Q_000117_000127,bowling
Ojfs6cpuyvM_000110_000120,playing_accordion
6aFH66H7vN4_000000_000010,playing_harmonica
_ze6zrkxeOc_000039_000049,playing_harmonica
8i3DXLAaN4Y_000041_000051,playing_bagpipes
5BLkkmh3mEk_000298_000308,playing_trombone
dTtVyjJMRoo_000087_000097,playing_xylophone
eEH4GUQ_Fq8_000096_000106,tap_dancing
5EjYENi5EQM_000010_000020,playing_bagpipes
F0PmyWf20W4_000805_000815,tapping_guitar
ZqEEPfOfK6Y_000072_000082,shuffling_cards
aZGEYQrHlv0_000034_000044,tapping_pen
clryZe_CkC4_000016_000026,playing_bagpipes
U4mi6nLtLmg_000004_000014,playing_keyboard
e-yhSJXUn-0_000134_000144,playing_accordion
8A3Uh1Z0BwI_000050_000060,singing
UE97Kg-yj_0_000046_000056,tap_dancing
XFlfq3KhztE_000009_000019,blowing_out_candles
anrP4aDNHLc_000072_000082,playing_drums
d96U52umy2I_000106_000116,playing_trombone
4zsq_N6Hefo_000000_000010,playing_accordion
cP907SrUKIE_000011_000021,blowing_out_candles
IpzZgfRqJYc_000019_000029,bowling
eocDJaQ0tF4_000026_000036,chopping_wood
c21iTuxiD1o_000000_000010,playing_xylophone
cK4PJ78ubaY_000007_000017,tickling
F1-PnXa9SwQ_000007_000017,mowing_lawn
VMLC2-Uz5tk_000058_000068,playing_piano
PbSRyJVtE5w_000005_000015,tap_dancing
NeFkmmxybN8_000060_000070,laughing
CVZ8SVeWYCU_000010_000020,blowing_out_candles
4yXAI8Ed45U_000012_000022,playing_saxophone
M82Pi2Afmyw_000068_000078,playing_trombone
fHh-fPiXkRI_000106_000116,blowing_nose
FaZq-3I0d9E_000103_000113,playing_violin
HWTPa9eXsuc_000146_000156,stomping_grapes
8toeLPc8Bc4_000049_000059,tap_dancing
X3GbAKww1KI_000036_000046,playing_clarinet
4MF4FI-nAys_000009_000019,playing_trumpet
h3uTYsUSQ14_000052_000062,playing_keyboard
2KfnP_nZPM4_000001_000011,playing_keyboard
DLkan1Hrfyk_000015_000025,bowling
9odacYBeDSE_000005_000015,playing_guitar
AF_BigLCvfo_000064_000074,playing_harmonica
-JA4tOwoZr4_000021_000031,tapping_pen
Ie0QzXZAyyk_000003_000013,playing_accordion
KleVyzJxbf4_000088_000098,tapping_pen
SvvbXYdU10o_000021_000031,singing
Lj7ufQR8jA8_000059_000069,tap_dancing
auK7kdekBaU_000045_000055,playing_violin
U3jq1bM8qsA_000220_000230,playing_drums
0bedv8B0ve0_000031_000041,playing_accordion
IzXj2S_h5TY_000000_000010,playing_clarinet
Kt6HgK8KAlg_000000_000010,playing_drums
bHcqjq9pcfM_000029_000039,playing_accordion
VP_05d88PHk_000178_000188,playing_harmonica
8rFyLjaGN-s_000149_000159,tapping_pen
8nI8cNQneZ4_000080_000090,shuffling_cards
Uq9tXJf6Br0_000028_000038,playing_piano
fROL0fy7sgA_000234_000244,playing_bass_guitar
B2zPsSQAFJ0_000009_000019,playing_clarinet
MJqvIBAr9Pc_000026_000036,bowling
KauQHhlJwU4_000252_000262,playing_violin
RG9qfOjm79k_000053_000063,singing
FqvdT4CZ6ZU_000249_000259,playing_clarinet
7VzQU8DEQYQ_000004_000014,playing_harmonica
cpaYEVCuF9g_000065_000075,chopping_wood
boBtFx0XwSA_000053_000063,shoveling_snow
P-kwm69A-SI_000165_000175,playing_bass_guitar
Bbq4xE5Ypy4_000038_000048,tickling
7kGatl_iekY_000000_000010,blowing_out_candles
X2N6CT7bgzQ_000001_000011,bowling
VmlDGdXczWE_000002_000012,blowing_out_candles
WuKxTzU3OcE_000006_000016,playing_trombone
0HJ8gzNE2JA_000190_000200,playing_bass_guitar
52Wtvaa4eLg_000003_000013,playing_violin
1QFGl3b2KRs_000008_000018,playing_bagpipes
EMp-OXk3JkE_000007_000017,bowling
2XbMSrwcxu0_000123_000133,dribbling_basketball
FFgGXTbS0B8_000109_000119,tap_dancing
LqeiFJktJ04_000006_000016,shuffling_cards
d07CYrixU7E_000005_000015,playing_saxophone
465YgKXxFSU_000189_000199,blowing_nose
N19OymMmUgk_000014_000024,tap_dancing
GcluCxjiSjI_000030_000040,tap_dancing
_5S3INyRClE_000030_000040,playing_bass_guitar
XLDUYVTXTw4_000004_000014,playing_saxophone
9sEysV1c274_000001_000011,bowling
cp9aurWk9H8_000021_000031,playing_violin
GPdI4fEAaME_000174_000184,singing
ExWVLZfkzMY_000002_000012,blowing_out_candles
Gd9_L7G_znc_000009_000019,playing_drums
6cTpcuw3bco_000085_000095,playing_accordion
57sfRo26fAc_000094_000104,playing_accordion
3RoKIc75qXw_000054_000064,playing_clarinet
bVtdpWRFt6E_000000_000010,bowling
E9SrX1thYzs_000076_000086,tap_dancing
4TvMmZU_Exc_000022_000032,playing_trumpet
NL9p7XVpVYE_000001_000011,dribbling_basketball
0NiXqbeVuXU_000101_000111,playing_clarinet
GWTX_ke8zv4_000028_000038,playing_accordion
73-cRKUsG54_000002_000012,chopping_wood
dGZcaxO9SfA_000050_000060,playing_accordion
Sl2jFNE0M7Y_000157_000167,chopping_wood
YDgbuv8Cthk_000135_000145,playing_drums
Iltj25MnSwQ_000001_000011,playing_violin
HueVagDi-MU_000050_000060,playing_xylophone
LZpZb0Ws4Nw_000019_000029,playing_saxophone
YKquTTctfg0_000018_000028,playing_trumpet
eA_xCEgb0cM_000002_000012,playing_clarinet
SJyyePFSoqA_000002_000012,chopping_wood
RAEXuHIEsUU_000055_000065,playing_trumpet
P9iip0sda9g_000225_000235,singing
OiOh8l1L4wg_000006_000016,chopping_wood
aGhcyFZTw20_000170_000180,laughing
CHQ3fOeGaOc_000014_000024,tapping_pen
Y3dzK-JULVI_000020_000030,playing_harmonica
-acnXbfOk_M_000123_000133,dribbling_basketball
4YMwBiXPLsc_000104_000114,shuffling_cards
Ko0Mc3cF_qc_000001_000011,playing_saxophone
Ft25CZzwYqI_000248_000258,playing_trombone
emSm0kizf7I_000108_000118,stomping_grapes
VihZbXo3clM_000062_000072,playing_piano
VfmHPCsTUek_000041_000051,playing_violin
RT2t_nszKAE_000000_000010,blowing_nose
1PAJTXifH9A_000061_000071,dribbling_basketball
U-UNICDe3e0_000498_000508,playing_drums
VjAJkm7yqXM_000374_000384,playing_guitar
cbyh4A9EfG0_001525_001535,playing_saxophone
H-QlWadHPNA_000336_000346,chopping_wood
W_3dgRLv5Mk_000059_000069,ripping_paper
WEZbCijqQfQ_000023_000033,playing_piano
ZvGcYpcQTrI_000194_000204,shuffling_cards
4lKqcfqtWr4_000018_000028,dribbling_basketball
3PJ1AvQ84gw_000005_000015,blowing_out_candles
VGPw1z4Q0Go_000000_000010,playing_trumpet
dPMLGXM0VKk_000018_000028,bowling
Q8qY0SZ336k_000016_000026,dribbling_basketball
YtwiDGA0xCs_000002_000012,playing_saxophone
10GdoMvyV64_000117_000127,playing_xylophone
QXQq2NKSv0Q_000027_000037,singing
K9RCUYb_SFU_000096_000106,blowing_out_candles
OYX8HSLSdpI_000017_000027,playing_violin
Q-NciMhEJcE_000000_000010,playing_harmonica
bH_ql5P46FA_000049_000059,playing_keyboard
SSOS4dqt9vA_000001_000011,playing_violin
NC-Js_o3agM_000002_000012,playing_xylophone
c5wpVGWSXL4_000033_000043,ripping_paper
Li-K3UX9MPU_000017_000027,chopping_wood
2t--fkUmI-U_000028_000038,playing_bagpipes
I49LmVVIqJU_000110_000120,tapping_pen
gSVmgYea8Dg_000151_000161,playing_xylophone
7DSM-VXIgk8_000009_000019,playing_trumpet
WHG0Q_0H24k_000003_000013,mowing_lawn
C204aEnIZGY_000146_000156,playing_bass_guitar
BXyFutS0P1Y_000071_000081,stomping_grapes
_DgjVFCIYtg_000038_000048,playing_trombone
V3RLgPKK7V4_000047_000057,mowing_lawn
6TEauPrIJSw_000087_000097,playing_drums
Y-cz6z-S8Hg_000039_000049,playing_drums
WypHWOjgR80_000003_000013,shoveling_snow
JdpnlylJ4g4_000005_000015,mowing_lawn
gVX9h58RsPU_000046_000056,playing_drums
DyyUavHRamI_000045_000055,laughing
LBKfwf4jpWA_000187_000197,singing
A-a5qyPS254_000099_000109,shoveling_snow
MJS1U7it0uQ_000041_000051,tap_dancing
0Vr2rGrkGbA_000282_000292,tickling
d6ryZaWUG14_000008_000018,playing_violin
8YtQAJQlpsw_000095_000105,tap_dancing
QbdVdgArZIE_000003_000013,bowling
Sw6p4hvMQ1U_000012_000022,playing_trombone
9XRSXf4XVfU_000099_000109,playing_violin
RVCIu_5Xmng_000089_000099,playing_bagpipes
4yGa_SGSClQ_000454_000464,playing_accordion
HT6RG1-1PEc_000026_000036,tickling
IsF_RiIEBWI_000094_000104,laughing
DS2OpsT9GdQ_000051_000061,tap_dancing
I18F75wLYh8_000008_000018,singing
FaJL8fPisxM_000002_000012,playing_harmonica
BYowFW-tPPg_000000_000010,playing_trumpet
S4WIEBaufZg_000029_000039,stomping_grapes
Nk3QM28iolY_000061_000071,tapping_pen
V0kVnXQu0uI_000307_000317,playing_violin
DyzDy1braMc_000300_000310,playing_guitar
cIOtQPICQIo_000000_000010,shoveling_snow
_tUi_pu-OLY_000002_000012,singing
8ThSVex9h3Y_000076_000086,playing_xylophone
fy0Xpk_VsqY_000011_000021,playing_clarinet
NBffRZhHzOQ_000000_000010,ripping_paper
9ZTRjWUq2p0_000000_000010,blowing_nose
eR-_6P5e9ZU_000206_000216,playing_bass_guitar
YLuWzVAvPmo_000280_000290,playing_piano
ENmC_xJz7os_000153_000163,tap_dancing
6J3-CsXpBuY_000080_000090,playing_trombone
T30DTN50DJY_000223_000233,playing_bass_guitar
Vv_50P8EcRI_000000_000010,playing_violin
_nD9ie3Gpc8_000015_000025,bowling
G0vkQmcalvk_000022_000032,playing_drums
LHxddFI0k1A_000012_000022,laughing
FmVat4i6a70_000035_000045,playing_accordion
h9tTNUzcaSY_000009_000019,blowing_out_candles
UOEUFrx41wI_000015_000025,tap_dancing
FvavHvJfOh8_000003_000013,playing_keyboard
IzjKq3ogGAo_000051_000061,playing_drums
-OcIvI-VIuk_000031_000041,playing_accordion
EcZOyEZnXRM_000029_000039,ripping_paper
6GpISbrcgGs_000015_000025,playing_drums
4bHr3DuDOVA_000032_000042,playing_harmonica
M9N0I9e1TmE_000064_000074,playing_trombone
9HCV5IClP6U_000041_000051,playing_guitar
UBQ2jczzHF4_000004_000014,playing_harmonica
T-hVbd07eg8_000020_000030,blowing_out_candles
NzWV_lPnnR8_000102_000112,playing_bass_guitar
_DkzB2ZDP3I_000005_000015,chopping_wood
golzMKNSlqY_000048_000058,tap_dancing
C0H00YJ52oU_000993_001003,playing_accordion
HHTZ4HUSJH0_000004_000014,mowing_lawn
XbKmkmv_cJk_000248_000258,singing
_2ilnbFmPJ0_000044_000054,dribbling_basketball
ZebSD_bxrAQ_000062_000072,playing_accordion
KJDmghrLnXA_000073_000083,dribbling_basketball
DEOgV27Ezak_000005_000015,mowing_lawn
L-trW33PIp0_000064_000074,tickling
7t9d9kF13hA_000003_000013,singing
2N0V0fmOMEY_000042_000052,shoveling_snow
Y2i080ZYRPE_000000_000010,playing_harmonica
NrupFao3kqM_000010_000020,playing_trombone
dwrxsO5Jk4w_000013_000023,tap_dancing
EQldBbATOJg_000344_000354,playing_bass_guitar
CpcbRM9avNQ_000022_000032,playing_drums
6SJXpYdWRPs_000042_000052,bowling
8-mu3xJ0Vkg_000039_000049,stomping_grapes
IEkvnelwTxI_000147_000157,stomping_grapes
8-tOw_zp0Dg_000002_000012,tapping_guitar
PHlZMbfvg-c_000064_000074,playing_bagpipes
cRdzdizYoDo_000044_000054,playing_drums
BZgxRjr2yfQ_000253_000263,playing_drums
RFImKIURWIs_000128_000138,shuffling_cards
3ONHQ8h2Tko_000001_000011,blowing_nose
IakVsC9Ykks_000196_000206,playing_harmonica
bX9C96zwYfQ_000006_000016,playing_bass_guitar
cxdyF6ZPLk8_000005_000015,chopping_wood
-hYB6WAhZTQ_000117_000127,tapping_pen
fKPDjXAKjVM_000025_000035,chopping_wood
FXbHSyzkrK8_000179_000189,playing_guitar
dFsSZH05sKw_000005_000015,blowing_out_candles
TBIkJJBqSZ8_000040_000050,playing_bagpipes
dn6W0_J735o_000004_000014,playing_accordion
brpLL3qsoAg_000001_000011,playing_violin
GwX9Vt_RUh0_000322_000332,shoveling_snow
3cDboA4Eac8_000000_000010,blowing_out_candles
_Ne3jMDGJ6Y_000000_000010,blowing_out_candles
4Pnibiq2h2M_000056_000066,playing_bass_guitar
JafrVaqOrBY_000045_000055,playing_guitar
Oo0uXapc85A_001889_001899,tickling
R-ni6jXV9dk_000057_000067,tickling
gwVsdVwOkd0_000068_000078,laughing
Lgx0frE-SJA_000108_000118,playing_trumpet
Kph-LW_83ns_000022_000032,ripping_paper
8ueMSHcG2Qk_000087_000097,playing_bass_guitar
3X-i1xGMlNs_000043_000053,tap_dancing
fu2gEvQHz0g_000157_000167,tapping_pen
hAHgrJDipHg_000004_000014,dribbling_basketball
CsM5hBJG3g4_000063_000073,tap_dancing
HD5U9Yx8wLI_000275_000285,singing
LVryFzli0Rw_000074_000084,playing_keyboard
faZboowfCYI_000055_000065,chopping_wood
-L-WOazh1xI_000002_000012,chopping_wood
3l-T7fp6clE_000280_000290,playing_organ
4_XYWF4gMOM_000027_000037,singing
HGAJuK41BYQ_000329_000339,playing_clarinet
gH1I7X6kVic_000000_000010,blowing_out_candles
IgSdfpsgjVQ_000007_000017,mowing_lawn
aRX33saty2s_000038_000048,chopping_wood
V4tqzi5uw9Y_000000_000010,mowing_lawn
ICsp7WgBzv8_000248_000258,playing_piano
g3UmCQvZ5gU_000141_000151,playing_drums
CnUxrJs3dTM_000010_000020,playing_drums
3HQjxoLs1zs_000003_000013,playing_saxophone
ZnQQnlRZXY8_000100_000110,laughing
BjL4KB67Br0_000003_000013,stomping_grapes
E92VT-rc3Do_000108_000118,playing_clarinet
UJZAwsduOhM_000001_000011,singing
3RM37dl-87Q_000069_000079,shuffling_cards
h0CCPYOWv1Y_000039_000049,playing_trombone
WMOpbw_pSsQ_000012_000022,ripping_paper
SbT6o2mtkv8_000019_000029,blowing_out_candles
XJxQpU-67ug_000094_000104,shuffling_cards
8patK8dScps_000199_000209,playing_trombone
bTB72BtadyQ_000033_000043,bowling
I-UVD8abK2U_000008_000018,mowing_lawn
QwCxlP9PDUQ_000044_000054,playing_saxophone
H1_5M9mQ79w_000023_000033,playing_harmonica
Aq_BepqBUkQ_000095_000105,playing_trombone
Ni4FMw_iYuE_000004_000014,playing_saxophone
aim1boqFpWI_000000_000010,playing_trombone
D3z9MKfikfI_000025_000035,playing_saxophone
V5doiUwUGzA_000000_000010,playing_harmonica
0dgmG3h9RLA_000013_000023,playing_bagpipes
FckYq8eSTX0_000053_000063,playing_xylophone
J11w-A16CQs_000267_000277,playing_trombone
T6uuKvjv2x0_000040_000050,playing_trumpet
U32CYCDne60_000138_000148,shuffling_cards
T_wlRbYONIg_000228_000238,tapping_guitar
GHlA1z9nQjk_000130_000140,chopping_wood
e8hQkSwMHwQ_000218_000228,playing_bass_guitar
B3zd0X7_fjQ_000062_000072,playing_trumpet
L7vKrZ_mLCE_000000_000010,playing_guitar
46NxTQAmcrQ_000018_000028,blowing_out_candles
1u7GAvXzRms_000060_000070,mowing_lawn
GYlzF65HRJA_000070_000080,playing_violin
ODzBrnxaiZ0_000001_000011,ripping_paper
34uYsadZGAQ_000006_000016,shoveling_snow
6WP6e5gWoxc_000032_000042,playing_keyboard
INUM0ss9s38_000006_000016,playing_trumpet
Fu3FOOyPi84_000017_000027,playing_bagpipes
g7dwvRx6Wls_000098_000108,tapping_guitar
XAuVv59g_y8_000001_000011,dribbling_basketball
IfS5h8UwYp0_000000_000010,playing_saxophone
RdTZ7rB0epA_000003_000013,playing_keyboard
BTS6Ej2aAKo_000009_000019,playing_xylophone
dOIsZgJ-Oa0_000175_000185,playing_keyboard
7btr5zSVfak_000020_000030,playing_guitar
EKSnk9n_FgU_000717_000727,playing_trombone
31XBFIO7F3E_000016_000026,shoveling_snow
J71zx8yzR-k_000045_000055,bowling
6lK2fMoAjVs_000013_000023,playing_bass_guitar
SfkJehh41Ec_000196_000206,laughing
brpBS8MqenA_000147_000157,playing_trombone
YRsrT5pGRz4_000079_000089,playing_xylophone
F4ehfHMT9ss_000000_000010,laughing
gkj-HaSW61E_000055_000065,bowling
0mFo7i_SRc4_000009_000019,playing_xylophone
WFenx0BfYFA_000000_000010,playing_keyboard
RTgxFZpqn74_000038_000048,playing_piano
_tGzGF7AE3w_000021_000031,mowing_lawn
DSDRif4KNro_000043_000053,playing_trumpet
ceUccbgZ_zc_000279_000289,singing
2v2DyWuZMPQ_000049_000059,playing_violin
1XncHNsHric_000126_000136,playing_guitar
CwW67bBZ4Bk_000034_000044,chopping_wood
MzbbjnAUqKw_000045_000055,playing_bagpipes
RdlorvwBbq4_000037_000047,blowing_out_candles
A4LHli39uN0_000071_000081,tapping_guitar
Ax6JLLxbp7s_000130_000140,playing_trombone
1JiuP_HYIDg_000016_000026,laughing
hAdo-uDNzI4_000090_000100,stomping_grapes
Yz0ceAnD6uo_000011_000021,singing
RaihirL4D1o_000001_000011,mowing_lawn
ZdazqfUea1Y_000023_000033,playing_harmonica
VfDbK2qkJ8o_000005_000015,playing_clarinet
Ky6xsUW1Fao_000001_000011,tickling
a4YvR48Cw2Y_000247_000257,playing_organ
3IuBURDhYF4_000038_000048,playing_violin
87aY0nTI-pw_000016_000026,bowling
-Y3tYswTUCE_000167_000177,tickling
VDU7vi4y-ns_000178_000188,playing_harmonica
capInW2Ju5g_000009_000019,mowing_lawn
N1-b998M38w_000029_000039,shoveling_snow
QvOCcJiD998_000031_000041,playing_piano
f70Hg8JYUNA_000075_000085,playing_bagpipes
IAab88llmNY_000020_000030,tap_dancing
JSviUaQYIIw_000086_000096,tapping_pen
dSRb5dI-h5U_000038_000048,playing_trombone
YaF8VAlyStw_000002_000012,blowing_out_candles
gPOQvMvArOc_000005_000015,shoveling_snow
W2EmXyq71wg_000034_000044,playing_trumpet
eYWvubcrXCk_000000_000010,playing_xylophone
XWZHQemFQEE_000020_000030,playing_bagpipes
_RHUQzPObtk_000113_000123,playing_clarinet
Ak9xB9ZBlWs_000099_000109,laughing
B__fTn5eSMM_000117_000127,tap_dancing
RZjBxAxrfd4_000252_000262,shuffling_cards
MCzrociFATk_000001_000011,ripping_paper
JVoD_Iuh73A_000144_000154,playing_clarinet
HrUnwxqFP3A_000007_000017,playing_bagpipes
cgaJSLeay9I_000032_000042,mowing_lawn
J2cDVS2IKJo_000016_000026,playing_bagpipes
CkcOBivw0CI_000014_000024,dribbling_basketball
GyY7Xy9N8oc_000018_000028,blowing_nose
fUFuAVh3jy0_000042_000052,blowing_nose
PZF2zPuZXvo_000156_000166,playing_drums
UNi-22rcOwM_000001_000011,playing_trumpet
98j2n-9rsfM_000086_000096,playing_saxophone
YEkoKrPmM2c_000025_000035,tickling
6xftpoK0aPk_000071_000081,playing_drums
PSlILYFkKfI_000001_000011,playing_trumpet
40HibbPkJVI_000000_000010,playing_violin
foRRn32mn2M_000151_000161,tapping_pen
8WVk3mOfyeM_000042_000052,laughing
KooDLFdLdrE_000009_000019,blowing_out_candles
X2SvvPGJx8s_000031_000041,laughing
OIJ9c7LsMQ0_000381_000391,mowing_lawn
-wKHDyrVYac_000004_000014,shoveling_snow
DlR5Mp2ZU1Y_000003_000013,bowling
Q4ZzqGrZfHc_000128_000138,playing_bagpipes
D9piZtGQi_M_000112_000122,tickling
PgKmmOUCZ9A_000000_000010,playing_organ
-v_iMUMMX6g_000050_000060,laughing
-fD7fcqxj9Q_000043_000053,tapping_guitar
JluJFoFkesI_000004_000014,shuffling_cards
_N21Y1S79RM_000001_000011,chopping_wood
PqFfa6pZ_yo_000015_000025,singing
-OXQ0KE8cGg_000019_000029,shoveling_snow
-rVZGOHdeso_000064_000074,playing_keyboard
Na5ogdfPK0E_000000_000010,playing_piano
WJ9C8wWTL0A_000050_000060,playing_accordion
cRzFnInmCD0_000147_000157,playing_drums
UB3x5Ovss1s_000031_000041,playing_trombone
WfSU57inojY_000004_000014,playing_violin
_PztwhgMIgA_000158_000168,playing_bass_guitar
bBv2rLMNXkE_000023_000033,blowing_out_candles
2FAZ6MNGYf4_000033_000043,dribbling_basketball
ZkyWJjSdUkU_001234_001244,tickling
M4Jr67e38Xk_000068_000078,playing_saxophone
OVRnAebq4Ds_000057_000067,playing_accordion
ARnh10qKYOM_000053_000063,blowing_out_candles
-X-BY_g8vCY_000005_000015,chopping_wood
748SNK3r3KY_000098_000108,playing_bass_guitar
g0Xc2-y4KtA_000137_000147,playing_saxophone
B1Mu55hlR7c_000006_000016,shoveling_snow
UtJjwDeZXtE_000019_000029,playing_keyboard
ZCTKGnYSWtc_000056_000066,mowing_lawn
JpT55Tio-Ps_000084_000094,playing_keyboard
-O3yc1TtPe0_000032_000042,mowing_lawn
1dtRND8EOsw_000012_000022,blowing_out_candles
a2-F-MJd38A_000047_000057,laughing
2uWj0JbRPoA_000059_000069,stomping_grapes
0pb2dbmNTng_000044_000054,playing_drums
axgIFmks7NA_000002_000012,playing_trombone
29Ig2aJrTA4_000003_000013,chopping_wood
VUpl5jgDYXQ_000095_000105,shuffling_cards
_RuHZHw4YVI_000181_000191,playing_drums
8mMdW5WqDgE_000865_000875,tapping_guitar
NasF0yHWOfI_000267_000277,ripping_paper
QeGbCLyfREg_000016_000026,playing_bass_guitar
6W_NPb6vMHc_000120_000130,playing_saxophone
8-MvLqubskc_000218_000228,playing_bass_guitar
GrAeLLVDrOs_000076_000086,playing_saxophone
7v_dPsTBD5I_000002_000012,blowing_out_candles
MGm-Dx5g0XE_000006_000016,playing_harmonica
NhwdWRZ5bek_000004_000014,playing_harmonica
buAc22YZXZ0_000141_000151,playing_drums
g_1hmqW_PKE_000163_000173,laughing
CD6YX1whJG0_000096_000106,playing_violin
G7vsfeAD-IE_000000_000010,playing_xylophone
XZsUwVtyBxA_000117_000127,playing_trombone
W5mmk94E4VQ_000087_000097,blowing_out_candles
Qr6zDI0wVcc_000052_000062,tap_dancing
O9CcXZIXwqk_000005_000015,playing_bagpipes
Bh7oof_8v2U_000015_000025,shoveling_snow
RnhYQeOvxrc_000053_000063,playing_guitar
ICTXZISDDSE_000171_000181,playing_bass_guitar
AxfslK8DFbg_000004_000014,playing_harmonica
FmtNW29FSow_000006_000016,mowing_lawn
9KPk4b-R6hQ_000027_000037,singing
799z2dSPyl0_000002_000012,playing_xylophone
E8OtWWFpzRI_000002_000012,playing_trumpet
K6FNjUiSSqo_000155_000165,playing_bass_guitar
SGOzlhO8NtE_000000_000010,chopping_wood
SXlyCrmiyHI_000032_000042,chopping_wood
QxYpmzs-mfI_000122_000132,playing_drums
YxPICHJhxiE_000051_000061,blowing_nose
-tXpf_K2BWg_000095_000105,blowing_nose
6pkPjrvhLgI_000000_000010,shoveling_snow
AYXsBqZKSGQ_000178_000188,laughing
RQkdt3dFKeI_000001_000011,playing_bagpipes
1UI-iX2Xsq8_000009_000019,tap_dancing
JuQsePsdG2M_000002_000012,blowing_nose
F-Orbcbd-ig_000084_000094,playing_trombone
HjI1qSn0uiE_000000_000010,bowling
9fnA-sb9F6E_000000_000010,dribbling_basketball
FK79FuKMbEg_000068_000078,playing_bagpipes
cjUEtP5Xysc_000008_000018,playing_harmonica
4A_Q1dM8l3s_000003_000013,playing_harmonica
MVJAsYXL6Zs_000000_000010,playing_saxophone
O2TwTNEeh2Q_000201_000211,playing_clarinet
OpMsK_wCCsA_000027_000037,playing_violin
HCQrXO5tWrY_000006_000016,tap_dancing
YuJ8NbdkmIw_000105_000115,playing_keyboard
b8E9WWh6Mik_000185_000195,tapping_guitar
HBNwEpP2ze0_000004_000014,ripping_paper
VoWpT5Yuy1w_000023_000033,shoveling_snow
Pvaj3yTXMgU_000001_000011,blowing_nose
MWhLWgWIjII_000000_000010,singing
IEJGaPaYya4_000000_000010,ripping_paper
DZrJe1zAhoo_000000_000010,playing_drums
FQaPg1kg8Ic_000007_000017,blowing_out_candles
QuHejAdC5fQ_000011_000021,playing_drums
BPqxkqPVUd8_000143_000153,playing_keyboard
e8klHOLr6BY_000111_000121,playing_drums
9kuLwGGOu8Q_000058_000068,dribbling_basketball
T_59IVsqxdY_000004_000014,singing
Y4vQIjjhB0o_000081_000091,tap_dancing
BZ4vb1e2kcs_000002_000012,playing_piano
NBEyTBSlZOw_000040_000050,playing_trumpet
5D6DsyE-yDY_000069_000079,tap_dancing
924x1XlkkBI_000056_000066,playing_accordion
gSR_mgM93F0_000110_000120,playing_harmonica
ckNfWypiTT4_000013_000023,singing
EXlKc77kF1A_000016_000026,shoveling_snow
Fx3v6T4X3HQ_000014_000024,bowling
9z8eyeINhGI_000120_000130,playing_clarinet
NCaR4KPC-l4_000015_000025,laughing
AMT8lLEvZDk_000159_000169,playing_saxophone
RDKU7R2tDDU_000006_000016,blowing_out_candles
Wv0a33TrrjA_000038_000048,playing_violin
cU3jhqo1xSE_000042_000052,chopping_wood
8wa5RgEnuhc_000029_000039,chopping_wood
2pYqtH3xQGM_000004_000014,mowing_lawn
1926p23ooUM_000023_000033,dribbling_basketball
TWV8nY7f6rM_000021_000031,playing_harmonica
T_XPm5QcU8g_000000_000010,singing
X0sQXUr0a6g_000005_000015,playing_bagpipes
I4Ro9W6mALg_000001_000011,stomping_grapes
Coi8CoC7c5c_000000_000010,blowing_out_candles
1nHC6GxNPRc_000040_000050,playing_xylophone
93RnckJcHeI_000044_000054,playing_keyboard
Q4LYOVwtoK0_000001_000011,shuffling_cards
3ox74wzPYiw_000010_000020,playing_organ
HkBJRkgMGFs_000021_000031,ripping_paper
LkHLiMVR_Rk_000008_000018,singing
37lPcVJmwkQ_000019_000029,playing_violin
Vif3XCK9ZW0_000008_000018,bowling
ZCyCi3wduoc_000064_000074,playing_trombone
9hJr-h1U2SE_000005_000015,playing_trombone
C8sTOERh9jo_000050_000060,tapping_guitar
e80Tqm2SzzU_000460_000470,playing_bass_guitar
IcO4Avl8ggM_000027_000037,singing
6C56a4NkCi4_000004_000014,playing_drums
Pjr-faP71pQ_000087_000097,playing_violin
R7mWrb5RBCw_000077_000087,playing_trumpet
ZcxtAypmhAE_000040_000050,playing_drums
Jq8eDgY8sNA_000019_000029,tickling
RQEI67QuuyU_000519_000529,tap_dancing
26ItvyAuWLo_000056_000066,laughing
MNEYdojZAvY_000000_000010,blowing_out_candles
6m4g-GgJ3x4_000168_000178,playing_trumpet
EPLHdjn6KQA_000008_000018,tap_dancing
AhtaJI2ZMxU_000010_000020,shuffling_cards
BVScY5sFGBY_000080_000090,tapping_pen
eDfgUWsiFAI_000032_000042,tap_dancing
QCoMMAaBA4k_000109_000119,singing
8mJvy1ZXqU4_000003_000013,playing_trumpet
I2NxzQh-Yi8_000018_000028,dribbling_basketball
ELqmjW9G0DI_000018_000028,blowing_nose
dXJAKKGYkcM_000056_000066,playing_trumpet
Jb39UzzNumc_000166_000176,tap_dancing
K1puAuy_ZWc_000015_000025,playing_keyboard
Y83efLqYm_M_000010_000020,playing_trumpet
FFM6npOlxoU_000000_000010,playing_trombone
PT-Zk3--XI0_000017_000027,playing_trumpet
IFoSwrdSp1Y_000004_000014,bowling
Wun9ZMEIGgo_000002_000012,playing_xylophone
bely056X9VQ_000054_000064,bowling
GUlCqJ4p8NQ_000212_000222,playing_bass_guitar
1ZscnZ8gOX8_000098_000108,playing_harmonica
NyxTW-Xetes_000050_000060,mowing_lawn
R3AwujApZ4A_000007_000017,dribbling_basketball
KeGnagzQ9SI_000079_000089,singing
XGQgKq9BgCw_000001_000011,playing_bagpipes
UfOiTYy8Qz0_000086_000096,playing_clarinet
8KK3z5rhT8s_000024_000034,tapping_pen
SuWnX2jdDFI_000010_000020,playing_bagpipes
bLf2CmOocKk_000056_000066,tap_dancing
g2lLJuBEUDc_000004_000014,laughing
DBMZXCdkhkY_000087_000097,ripping_paper
EOKVwLFiypM_000019_000029,shoveling_snow
JtIqy8v1QeQ_000035_000045,playing_violin
AXy6otFUfaE_000000_000010,playing_keyboard
eb6Snx5YZco_000004_000014,playing_violin
aY-_qNiCEOQ_000076_000086,playing_xylophone
bHt8FjrVFzs_000000_000010,playing_guitar
ESj536LAggw_000027_000037,playing_trombone
BIa5MBliaY4_000023_000033,shuffling_cards
FLHHzk_z7rk_000056_000066,blowing_out_candles
h7v-jxm3J1c_000002_000012,blowing_nose
TEAjJBhP3SU_000024_000034,chopping_wood
SB0dU5oDvaE_000081_000091,shoveling_snow
FFXFpUQ1xPs_000001_000011,playing_bagpipes
S5U3HXCC35k_000001_000011,playing_trumpet
BA26wyKPnNI_000416_000426,playing_trombone
DsJQVH15S1Y_000004_000014,playing_harmonica
ONGLVuxbvZU_000173_000183,bowling
6X4N6DjpG9w_000026_000036,tap_dancing
22SDMpRwAO8_000035_000045,playing_piano
by5NFDCJQpk_000012_000022,playing_bagpipes
aSy1_cayyQA_000000_000010,blowing_out_candles
BAadf7c3mcQ_000050_000060,tapping_pen
LCzKG9ASQHo_000079_000089,playing_saxophone
JIbB6YO-Esk_000045_000055,dribbling_basketball
1P9hcWsvO9U_000017_000027,mowing_lawn
BeKd1Z9YkB8_000096_000106,tap_dancing
ZrqM83u14o0_000051_000061,stomping_grapes
WwxU2sg1E04_000020_000030,blowing_nose
TDkBENHRg_Q_000037_000047,blowing_out_candles
LaLiyEfAmWg_000196_000206,chopping_wood
0p5yisL6F2c_000097_000107,bowling
T1D59VhuigY_000000_000010,playing_xylophone
4ISAowtjI_M_000054_000064,playing_keyboard
2Ymia0xPx74_000025_000035,chopping_wood
9pz8IEvSLeQ_000000_000010,dribbling_basketball
BUdx_XeYelI_000072_000082,playing_violin
-rVYwU5SNsI_000003_000013,playing_piano
U66eFHOI5Ds_000029_000039,playing_organ
fz4zTUf9SZw_000075_000085,playing_trombone
WLbK2QfQQiE_000443_000453,tapping_pen
0ktMpJ2XwRk_000036_000046,playing_trombone
4vmJdfV_5k8_000125_000135,bowling
8yKlu8Gi5is_000187_000197,playing_piano
DD5FqjSso4E_000157_000167,laughing
7GlQjcSJzGY_000020_000030,playing_bagpipes
G_07f1sm3ek_000754_000764,playing_piano
MG6WWLotfQ0_000131_000141,tap_dancing
Bmk89YqNx9M_000003_000013,shoveling_snow
AwsTvv5mfeE_000009_000019,playing_harmonica
IAefdV9p2GI_000000_000010,stomping_grapes
Ppfq1_wcoHM_000042_000052,playing_drums
KVBqNlPtieE_000039_000049,shoveling_snow
bwEMUedKqMo_000121_000131,playing_saxophone
X0n6YXi2pmw_000001_000011,bowling
MN7g6WD53cY_000010_000020,tapping_guitar
Z79bS1naCv4_000008_000018,playing_organ
0HzHIO_Mn8c_000044_000054,playing_trumpet
-EbdKNOYLM4_000003_000013,tapping_guitar
AbZczEigSUs_000003_000013,playing_violin
5mcvidwwlTU_000001_000011,blowing_out_candles
Pek8UGMK-Jc_000046_000056,playing_piano
Iss9Eyee7XY_000006_000016,dribbling_basketball
QACCFVQxsJs_000038_000048,tapping_guitar
8UbVzLCNH5g_000010_000020,playing_trumpet
5GRy2uyEYRc_000026_000036,playing_trumpet
GbNPZBkaTnU_000032_000042,playing_bagpipes
W1mn9_TpduU_000344_000354,playing_bass_guitar
682nPhB7Slc_000073_000083,chopping_wood
gR4BXT5tEZc_000018_000028,playing_bass_guitar
WOusC3kog8o_000000_000010,shuffling_cards
XT1d1Ecyqr8_000015_000025,playing_clarinet
3Ae2vZ_hGtw_000002_000012,playing_bagpipes
I0NwZ0sNPew_003498_003508,playing_guitar
I5dbLHAhSSA_000050_000060,playing_keyboard
Lg6QZST92xo_000037_000047,chopping_wood
IKnYt82vWy4_000004_000014,playing_organ
HwftkTbjm60_000025_000035,singing
KGS9RbTbxX4_000215_000225,playing_saxophone
ZA16yAKBFtQ_000159_000169,playing_bass_guitar
fQgLKiz2tuM_000009_000019,playing_drums
6GkwUBSCvjo_000045_000055,laughing
8YuWRuVSHP4_000001_000011,playing_saxophone
Jcx4y6vduY8_000016_000026,playing_trombone
amYkMQQw89k_000318_000328,dribbling_basketball
0k2bQgq5aaQ_000324_000334,stomping_grapes
Mr3nwmmABDc_000005_000015,mowing_lawn
2diTm8p7mTQ_000212_000222,playing_clarinet
2EnWev6ceDg_000050_000060,tapping_pen
QODWl_sjAh8_000299_000309,playing_guitar
2OyzoLMuSjI_000042_000052,stomping_grapes
YKAtA3AU0zU_000020_000030,ripping_paper
_JFTUQQ3n_E_000021_000031,tapping_guitar
KUOLu_3ETTM_000003_000013,playing_xylophone
Zj67gmFupiY_000036_000046,tickling
2qY-ubzDv_Y_000156_000166,playing_bass_guitar
SDnuHy4wYHo_000003_000013,chopping_wood
APzOe5o8EtE_000294_000304,playing_harmonica
-Cw8Z-5ShUM_000022_000032,mowing_lawn
C7hnBlYPAcE_000052_000062,laughing
J-gR_WCPc2E_000004_000014,playing_trombone
0DsJ7Saj2eQ_000011_000021,blowing_out_candles
EmLqUrIrV9o_000099_000109,singing
WyXsAPnc1MI_000033_000043,bowling
MKnWpZc-MkI_000003_000013,laughing
RDGVGKvEa7o_000008_000018,mowing_lawn
26csEK0HuTI_000049_000059,shoveling_snow
RVH_VpfgOXk_000000_000010,playing_trombone
cSHO6X9e5ho_000043_000053,mowing_lawn
JzN3W_4MFrY_000000_000010,blowing_out_candles
OrJVJqGgRNg_000003_000013,bowling
64Cypy_CpBQ_000020_000030,blowing_out_candles
LuRDlS8YYL8_000022_000032,playing_drums
2-7IlFNitus_000003_000013,stomping_grapes
LZ9EfvRUoqk_000073_000083,playing_clarinet
OhqaRU1UMWE_000046_000056,blowing_out_candles
glEPVqV0fa4_000018_000028,shoveling_snow
NbxbQdzj198_000179_000189,playing_clarinet
cXdqegfZZs8_000552_000562,playing_trombone
9nnih357vJ8_000000_000010,blowing_out_candles
gi8XhRlvtcQ_000040_000050,playing_violin
58B1AxKyijA_000137_000147,playing_drums
gEgz_z5svJk_000165_000175,playing_clarinet
PFLktuF94VI_000009_000019,shoveling_snow
b4YpY6Rljkc_000172_000182,playing_clarinet
cFtHfbttPPE_000069_000079,shuffling_cards
70tHFLovmFI_000000_000010,shoveling_snow
Q89RraCMyWc_000118_000128,playing_bagpipes
Rw6talXkc2I_000023_000033,mowing_lawn
9dOPYp178AY_000284_000294,playing_guitar
Zt2WpYNuF7E_000163_000173,playing_harmonica
Qhs5eTwMSew_000111_000121,playing_trumpet
2J0kr4Ohmco_000070_000080,playing_bass_guitar
4uEFUEtleEg_000197_000207,laughing
RWoL1EVE9OM_000200_000210,playing_guitar
339so8V1css_000000_000010,singing
d2hYJJzyglo_000000_000010,playing_violin
YWAi39zz1G0_000117_000127,tapping_guitar
Pcu_Ccy9Pvo_000039_000049,playing_guitar
Yw_9hdl7yEY_000001_000011,blowing_out_candles
ZSYbxA1-lOo_000076_000086,playing_organ
eIanCn0INBw_000299_000309,playing_bass_guitar
T7fzZX0qKKQ_000036_000046,playing_bagpipes
XLbTiSUFRZM_000000_000010,playing_bagpipes
BmN5q50eyHU_000000_000010,playing_clarinet
ARCRNW-5BoM_000064_000074,playing_keyboard
WX_lWamCzxw_000108_000118,mowing_lawn
QArQ9zZ6v4k_000095_000105,playing_xylophone
MmC0EsJeXCI_000004_000014,shoveling_snow
d0UONBijXM4_000069_000079,playing_bass_guitar
YOy9h4mALIw_000100_000110,tap_dancing
K-dLDwBU39E_000058_000068,ripping_paper
HtbwgSLJR5Q_000363_000373,playing_saxophone
Tb_T3EluAH0_000046_000056,playing_violin
g50Un5QD2u0_000150_000160,playing_bagpipes
7C3Mf_S_QIo_000049_000059,playing_bass_guitar
N93Zaop_s00_000110_000120,playing_trumpet
6AG30hqDAlw_000007_000017,playing_violin
ASdnnqU_D_Q_000013_000023,mowing_lawn
AXDeTAWHr8E_000009_000019,playing_organ
U5KqSEq85NU_000015_000025,playing_violin
H_N0lQbnplw_000018_000028,tap_dancing
hKsj0-MEcrE_000068_000078,tapping_pen
Z0MpLozeLjE_000036_000046,playing_trombone
5DXWK8H3gN8_000911_000921,playing_trombone
bzKLg2ZJG18_000150_000160,playing_piano
EvgidK9xOxQ_000060_000070,tap_dancing
YU5l6bQVol8_000010_000020,playing_harmonica
OIzlkXZPUUY_000012_000022,playing_bass_guitar
Xcub3d3Zovo_000020_000030,shoveling_snow
JT_wGyoY0Mo_000001_000011,playing_xylophone
ZvG51Qymr9w_000267_000277,tapping_guitar
EhQ9pGvBhs4_000035_000045,blowing_nose
MT6tYNdlgA0_000018_000028,playing_violin
5FtBySyHEJY_000005_000015,playing_saxophone
ffVHdXbQP1Y_000000_000010,stomping_grapes
2K8DkY75oGU_000034_000044,singing
fg2BS7H_dAU_000083_000093,playing_bass_guitar
XxhgTEYDkSY_000003_000013,playing_trombone
HCBgTcqigbs_000024_000034,playing_saxophone
W22gpBv00gg_000070_000080,tap_dancing
CTQ_UUJah0M_000023_000033,playing_organ
-dqkWTmUjT4_000007_000017,playing_trombone
RwDjsXC9Ljs_000001_000011,dribbling_basketball
fbOKklKpcIg_000077_000087,tapping_pen
ETR6a8yD2IY_000017_000027,tickling
bR_EDe_S3yQ_000008_000018,shoveling_snow
gykvqYnNRqQ_000005_000015,shoveling_snow
Lb64OQhM4k4_000009_000019,shuffling_cards
BEBV1pEZ1eM_000021_000031,playing_violin
cvT0g_0zW10_000012_000022,blowing_out_candles
fyfAhm10Akk_000015_000025,dribbling_basketball
-OlmQLuFKKE_000050_000060,playing_saxophone
Bo3Mw7rbOzk_000160_000170,playing_accordion
FVdR806FIVU_000011_000021,mowing_lawn
ZBD6mCZQ3Is_000030_000040,tapping_pen
6Y915mFaEJk_000297_000307,playing_drums
8njHSKpF7kg_000569_000579,playing_bass_guitar
3zKPGEMnHW4_000111_000121,playing_keyboard
WoNVy6g-U_8_000009_000019,playing_saxophone
JDrf_ZMB50w_000154_000164,playing_saxophone
3Uss5ICqR4k_000014_000024,blowing_out_candles
_klr4GILPhA_000089_000099,playing_violin
Oy31Fp6skDQ_000060_000070,playing_violin
feRIGsLbiaY_000003_000013,shoveling_snow
JTg3J5hpP28_000061_000071,tapping_guitar
VJ1N2g1W3D8_000000_000010,shoveling_snow
TvVYOGb0H7c_000053_000063,playing_keyboard
8Lq7jrOaYj0_000311_000321,bowling
fSD69dJtQL4_000039_000049,shoveling_snow
cDT2ix_Kj-Q_000215_000225,shuffling_cards
Ri7yHtRZDWo_000103_000113,tapping_guitar
E7eiCYwmX0c_000002_000012,playing_bagpipes
G7-jHPGxNP0_000153_000163,tickling
-myCf0EqkuA_000173_000183,playing_bass_guitar
8qaPxB8EWdk_000088_000098,bowling
CD3gL4PCxaE_000032_000042,blowing_out_candles
VnXImnXdW1Y_000005_000015,blowing_out_candles
MCq7873UJbQ_000132_000142,dribbling_basketball
ZgMjpG1tVjA_000017_000027,singing
FqD_BNsUHfA_000229_000239,chopping_wood
4vMYrQ2Ylrg_000057_000067,mowing_lawn
9AgQN_P6ROk_000001_000011,blowing_out_candles
D2t_bu1sURI_000050_000060,playing_trombone
givtJRpgf9o_000000_000010,blowing_out_candles
gCiO7MJaZbc_000054_000064,playing_saxophone
6CM9aaT1T-U_000067_000077,playing_organ
Nv0pw5uGoo4_000150_000160,singing
PSjM5D2j0UI_000108_000118,shuffling_cards
QWYsdibsb0M_000000_000010,chopping_wood
VSthHTASpgs_000132_000142,singing
LyrebRUAZn8_000008_000018,playing_saxophone
Ddl9pWksmac_000001_000011,playing_bass_guitar
G1mat7oN2rE_000013_000023,playing_piano
4d6FzTGtQjs_000022_000032,tickling
TWCLTgCOZPw_000003_000013,bowling
RilE-htrWS8_000041_000051,playing_saxophone
EI-XtEn1xU8_000001_000011,blowing_out_candles
-XWjsz_0_OE_000031_000041,laughing
137o9LRW0KI_000079_000089,playing_bass_guitar
b4gMZgyKx1o_000122_000132,playing_drums
8qhin1wXOGQ_000004_000014,playing_harmonica
NyXIg4a965M_000000_000010,chopping_wood
J2jVCWoRb24_000041_000051,chopping_wood
1-8R3b9ICO8_000075_000085,tapping_pen
8MYkiwRnEQ8_000000_000010,playing_trumpet
K7lqeemM-XU_000100_000110,laughing
_wD6pbFhNqE_000045_000055,tickling
12AkWkaidz8_000058_000068,mowing_lawn
Q2TRgEOVbG4_000255_000265,playing_trombone
cXG-4l3t9iU_000002_000012,blowing_out_candles
bMaqOq1GwCw_000044_000054,blowing_out_candles
Vzi5EmHzYXA_000001_000011,blowing_nose
3biufsW93eQ_000065_000075,playing_organ
2BT8CiKHdTI_000003_000013,mowing_lawn
dpPApe7pXG4_000069_000079,laughing
DgPyHvGPGyY_000003_000013,playing_clarinet
_l0lYFuLLec_000002_000012,playing_violin
Dmgp3_UVO_o_000083_000093,playing_violin
9VMfLxGZjqA_000038_000048,playing_trumpet
Vtcp2B8WHMU_000024_000034,tap_dancing
N6c-hwhLXAM_000055_000065,tap_dancing
N-En_ae4QKg_000151_000161,tap_dancing
W0eNN_5XrNs_000000_000010,ripping_paper
JYtaCPpuWNE_000073_000083,playing_saxophone
7QIZZ9jg0fA_000201_000211,playing_drums
g84wJ6kQQS4_000126_000136,blowing_out_candles
-KuyyhFURRM_000001_000011,playing_violin
6NL3z-wAuIs_000025_000035,playing_accordion
XOcfov9OCCE_000058_000068,playing_accordion
dexNJa7pg60_000000_000010,playing_harmonica
MsS7B8nyw5Y_000067_000077,tap_dancing
For-6FRkkSI_000007_000017,ripping_paper
JszusEtKGlw_000142_000152,tap_dancing
4GixEgVJ7OY_000059_000069,tickling
1qCLYcoeJHg_000002_000012,bowling
h0jydRf50gw_000001_000011,shoveling_snow
VFzxWysuQTM_000026_000036,playing_violin
dUwghYqwbS4_000019_000029,stomping_grapes
PmgoiHpSvhw_000003_000013,bowling
Wq-4VVXU4OY_000206_000216,chopping_wood
1kgtktF6AFg_000084_000094,playing_clarinet
BYyoVXdC4pM_000018_000028,playing_xylophone
d-Q-BBqwGVQ_000273_000283,chopping_wood
SfBQcCBdns4_000016_000026,playing_piano
U84OUwh1FwM_000005_000015,playing_violin
4l5qu_XjxW8_000150_000160,playing_violin
6N0u7ANK1l8_000007_000017,playing_bagpipes
Cz5qUBfwrEw_000023_000033,playing_harmonica
Y7piuiDg1BE_000034_000044,tickling
RPKkXcpw7NA_000094_000104,tapping_guitar
CwuXJKejkHA_000003_000013,playing_trumpet
cq8YK7b_idI_000147_000157,mowing_lawn
9cz5yXaLtFI_000034_000044,playing_violin
eWthkFVtT18_000046_000056,shuffling_cards
NBsSC4he8TM_000032_000042,playing_accordion
CBKg5nCkbho_000284_000294,playing_organ
WBJf5BJI3js_000056_000066,blowing_nose
LNNqxjOiskI_000000_000010,bowling
G_FcYBZj6rA_000040_000050,shoveling_snow
37XhIuqsWVk_000036_000046,tap_dancing
Z4B7lhZxxYI_000003_000013,blowing_out_candles
bPdaqJoE22I_000030_000040,playing_piano
1HpX6u86da0_000136_000146,playing_bass_guitar
DvTZsvZ76Bk_000006_000016,playing_organ
auRCwwSsPsQ_000187_000197,tapping_guitar
cq0xjd23xDo_000313_000323,playing_drums
cC68EAl9_wA_000004_000014,playing_harmonica
IC-e07qb6m8_000023_000033,chopping_wood
QW7ri_22pGQ_000015_000025,dribbling_basketball
X9oeHgBBsrw_000001_000011,playing_organ
Rxk-Ek4v43o_000000_000010,playing_accordion
arliFjaTCdQ_000017_000027,mowing_lawn
DoRGCq2jU4k_000054_000064,playing_accordion
D4G1ZFjW20Q_000018_000028,tapping_guitar
RKGQaXe2IQg_000038_000048,tapping_guitar
GfmaS-SFjZY_000043_000053,playing_saxophone
NDwiUm3wnoM_000056_000066,tap_dancing
_JWNFGmIgH4_000047_000057,playing_clarinet
NcUMvyzqT6s_000000_000010,playing_drums
YZDg5FHmYT4_000000_000010,laughing
Xrl3VzBdALE_000023_000033,blowing_out_candles
9tcKdmZv_CA_000044_000054,playing_trumpet
YZ9dFnmuefA_000000_000010,bowling
DrcsVgu53KE_000023_000033,playing_bagpipes
EFuWFeI2g6U_000035_000045,ripping_paper
AgnHDynBV50_000002_000012,playing_trombone
EIPkydtOEzE_000017_000027,tap_dancing
dVoQvjf4xB4_000037_000047,playing_accordion
DNaD97meaoM_000003_000013,playing_clarinet
Bj_yi2_01l8_000016_000026,mowing_lawn
h3saFkBsMcE_000000_000010,blowing_nose
NPdyMqzpD8Y_000242_000252,playing_guitar
c7vYyw_0qNE_000045_000055,playing_drums
CbN6fK3cU-Q_000047_000057,playing_drums
Y-sxbO8JM9Q_000059_000069,playing_trumpet
V_5Iq2VgMBU_000045_000055,blowing_out_candles
gI9l2skvu4U_000134_000144,laughing
cLRZkzuMZkY_000002_000012,playing_xylophone
X82DanKyZlg_000119_000129,playing_guitar
gFXuMTTLOYU_000000_000010,dribbling_basketball
QdTi8EDbMSo_000048_000058,tap_dancing
GO-0KBHwxfI_000031_000041,playing_accordion
PtJVS0GAd5U_000017_000027,shoveling_snow
MEKKf_n2Hjw_000016_000026,playing_xylophone
8BG85iu7A8c_000003_000013,playing_saxophone
F37cnQR0vPU_000009_000019,blowing_out_candles
I3wKs1bu8t0_000000_000010,playing_saxophone
PV2n29jKAQQ_000035_000045,blowing_out_candles
N9b4X5LFW24_000071_000081,tap_dancing
WQ_shqGawxA_000054_000064,playing_bass_guitar
dtHIiaaaUg0_000195_000205,playing_guitar
feJPrgBA0hY_000303_000313,tapping_pen
9u08J_me9Ss_000017_000027,playing_organ
P9iYpV7O0aI_000024_000034,singing
6PWfc6zEfDw_000186_000196,tap_dancing
YanZTzcgBJA_000096_000106,playing_saxophone
eUE30u6TB2s_000003_000013,shoveling_snow
MpYJdGXIqks_000261_000271,playing_organ
Txi868XNwHA_000004_000014,mowing_lawn
cG1GG1jxoHA_000052_000062,playing_guitar
Jgj6A9o4A6o_000098_000108,bowling
9jZvncqi2OY_000081_000091,playing_guitar
XssIC9pW9ec_000000_000010,dribbling_basketball
JrTGNTAJBd4_000035_000045,shoveling_snow
75zlEUTSeao_000378_000388,playing_clarinet
KAbLS2HxRY0_000000_000010,blowing_out_candles
fM7i7uYa_a4_000031_000041,tapping_pen
LK0AxiOFvNg_000103_000113,playing_bass_guitar
03dk_pVIbfg_000051_000061,playing_bass_guitar
944YsAoEOS0_000001_000011,playing_trumpet
4mmAOFGuO8o_000009_000019,playing_drums
YKTYyanhy5I_000017_000027,playing_organ
RvnoLptBvh0_000014_000024,playing_trombone
0jzenFIgH8k_000219_000229,playing_clarinet
BY6H-2RRXWc_000000_000010,mowing_lawn
XNJJci_QvEA_000010_000020,playing_guitar
6ug4iTxVNnk_000036_000046,ripping_paper
b33FC3nnac8_000002_000012,ripping_paper
cY9wuKmfTyE_000027_000037,playing_harmonica
aPzHew9dwtI_000006_000016,dribbling_basketball
UoGYtr5nKC4_000013_000023,playing_trombone
PSc21okftWU_000000_000010,playing_trumpet
82R0Ld2bHhY_000014_000024,playing_trombone
NF_66ns0NJg_000032_000042,tapping_guitar
gm0aJldu-7M_000071_000081,playing_trombone
d_iLJTduXro_000095_000105,singing
ZS3baXd4imI_000062_000072,playing_saxophone
fSrLsC-OICY_000000_000010,playing_keyboard
SBgPtYq1IE0_000041_000051,ripping_paper
SE2hO9YiOOg_000002_000012,dribbling_basketball
W9wKjrgf2lo_000052_000062,shoveling_snow
CepoLaYugDI_000065_000075,playing_trombone
MxmRBlQaZTA_000081_000091,playing_bagpipes
TB9l2yH1mxc_000225_000235,tapping_pen
aG-Sj9hPOpY_000025_000035,laughing
UoiR7cISTzw_000090_000100,playing_accordion
XikY1iWv4-4_000264_000274,playing_piano
EkCidF3RFHk_000193_000203,playing_drums
SWrJWeJbYsU_000057_000067,tapping_guitar
K33pEsFxTg8_000002_000012,playing_bass_guitar
4lpyOHkdm-4_000003_000013,stomping_grapes
X1IwHuoLk-0_000191_000201,playing_bass_guitar
Fs9zDVvGnYY_000194_000204,tapping_guitar
Hby7M9Qx4Hc_000003_000013,tap_dancing
-v-Zail6TNw_000024_000034,playing_harmonica
MyHBmHIQXR0_000057_000067,playing_accordion
ELVh-7iXxYU_000005_000015,blowing_out_candles
RSPed0RfTjc_000000_000010,tapping_pen
YlJkoWCUGPc_000153_000163,singing
NfV4ojXdPSc_000041_000051,playing_accordion
PqdZceNrwMA_000105_000115,singing
Oh5Jyq9j90A_000000_000010,playing_organ
OaMDQRK878A_000097_000107,playing_guitar
dtl3-4tEMI4_000000_000010,playing_trumpet
T-b3_hGM0LA_000004_000014,tapping_guitar
EKPXQBaIk1c_000003_000013,playing_keyboard
UAwoXGshlKw_000004_000014,shuffling_cards
IsIj0735uG4_000173_000183,playing_clarinet
fZDIr9tyJ3A_000167_000177,playing_trumpet
FEnsrykm34U_000000_000010,playing_trumpet
U02rQxeyXT8_000167_000177,playing_trumpet
Fhzv45QX9lo_000016_000026,playing_trumpet
c43OCksptas_000035_000045,playing_accordion
OyoeG6IA1bA_000013_000023,playing_bass_guitar
fKzGyUJx6QE_000004_000014,tapping_pen
6xtlyXYmwok_000003_000013,playing_piano
M7SdRyLz8TE_000001_000011,mowing_lawn
PBaK0bhYNw0_000066_000076,playing_trombone
MvqlmNy2vV4_000020_000030,playing_accordion
axDcBjwfn3M_000015_000025,playing_bass_guitar
Z2eJwAOaUuE_000086_000096,playing_guitar
6MJPQLI36n8_000015_000025,tickling
17Vr6BXp478_000008_000018,playing_accordion
c42hJEQnRGU_000019_000029,chopping_wood
dCPG1vN1yAQ_000020_000030,tapping_guitar
OBqp9WTE6vQ_000032_000042,ripping_paper
JFODkQpx8GI_000116_000126,singing
Ofl3wO6-wlg_000002_000012,playing_xylophone
_n4IreiTb6g_000001_000011,blowing_nose
9U7Vo1i0jwA_000058_000068,playing_trombone
6lt3V1D7sWM_000187_000197,tapping_pen
HW4KFAEI0Wg_000177_000187,playing_clarinet
RA5FbeLV9Y4_000005_000015,playing_bagpipes
GDk4S3H6i7M_000103_000113,singing
Hs0bL1cTJPI_000035_000045,playing_clarinet
Iv-y2EjR3B0_000164_000174,playing_guitar
h996tmcRZ3A_000054_000064,playing_trumpet
5rBtNuHc7XA_000026_000036,playing_bagpipes
5Gv-IFRdRHs_000029_000039,tapping_pen
Tvl0RHp9h1w_000001_000011,chopping_wood
XLdqEn8pqis_000113_000123,playing_accordion
ciizfC_vzPw_000013_000023,playing_clarinet
DPw74KWZzGY_000069_000079,playing_accordion
QpCmnz6ju78_000056_000066,shuffling_cards
LlGL1bmMh38_000074_000084,playing_trumpet
OOVM1u4KD0k_000073_000083,playing_trumpet
IVydzkRrqAQ_000055_000065,tapping_pen
bdKTtaLAmrg_000229_000239,playing_bass_guitar
dHxaqXFQ2q4_000051_000061,tap_dancing
foJVphOeIT8_000001_000011,playing_organ
HMWhw-TMFr8_000026_000036,playing_accordion
9FJwDxnlW7Y_000012_000022,shoveling_snow
RNvjUUJsRMQ_000087_000097,playing_keyboard
Rp3BR0ziIgU_000003_000013,bowling
1mMKNuF4Es0_000082_000092,playing_saxophone
JCiiUuxpclA_000050_000060,playing_harmonica
1SeDNcAtkOY_000010_000020,playing_drums
HWaTICjUda4_000141_000151,playing_bass_guitar
JKRNt7DKkd0_000022_000032,bowling
cCr1CwxhLmA_000000_000010,mowing_lawn
ZkwTDRlhO24_000200_000210,tapping_guitar
fowp05ctgvw_000026_000036,playing_bagpipes
6AnYHMcBNHU_000010_000020,stomping_grapes
KpR6bRjvFmA_000049_000059,chopping_wood
4dvL0jbm3mc_000020_000030,chopping_wood
-V00wKlFJA0_000085_000095,playing_bagpipes
Q8JH5hgFl5c_000065_000075,playing_clarinet
e_VHsg9Zsog_000059_000069,playing_piano
MlBwwzqmNro_000034_000044,playing_piano
Wy9fXp3Ky3E_000931_000941,tickling
W4_9j-npYyM_000038_000048,playing_piano
TCL9S_6bXR4_000010_000020,playing_drums
Nx8NHVf5asM_000000_000010,dribbling_basketball
DVBNotw5UxE_000203_000213,playing_piano
btq-ap-7c1w_000041_000051,playing_trumpet
1e4lw5ZLK4I_000014_000024,playing_organ
GtepdJngvvk_000142_000152,playing_trumpet
SW4Oe-Huq5w_000050_000060,tapping_pen
bGGG0T8bnKY_000004_000014,playing_trombone
BUfNmcPoqN4_000002_000012,playing_saxophone
fvzYxL6_cvI_000060_000070,playing_violin
OUk1yyc7Jqk_000006_000016,playing_piano
ItZGrj5NM5M_000027_000037,stomping_grapes
3da2_dDLqSM_000032_000042,blowing_out_candles
0K3qrT8gJcc_000007_000017,playing_bass_guitar
O2a4nnuhcBY_000011_000021,singing
EnYCencBomM_000020_000030,tapping_guitar
O7BFbAVy4Ew_000009_000019,dribbling_basketball
MXmhnS-mKn4_000066_000076,playing_piano
OvjryT8oLIE_000019_000029,dribbling_basketball
O58D0PNvGj0_000166_000176,shoveling_snow
7UUJWJ3bypc_000052_000062,tickling
90pmXziTHsM_000367_000377,singing
EzRrL_vUDfg_000029_000039,blowing_out_candles
ZQbQirGmESk_000131_000141,singing
SBl_JLK19y0_000090_000100,playing_saxophone
FgwGyNt3lLY_000032_000042,tapping_guitar
7VL9CLWQ1KQ_000148_000158,playing_accordion
Boa3B9mDq6A_000004_000014,playing_harmonica
K93B-_Zm8zo_000002_000012,dribbling_basketball
U6v3z-upHTQ_000025_000035,playing_saxophone
IODSlufhN3U_000003_000013,playing_harmonica
Dv17ASqPQOA_000001_000011,singing
1k9ZNg1mx-8_000004_000014,blowing_out_candles
43ivGvNENzU_000015_000025,playing_violin
6ZKRLMhDkP0_000210_000220,playing_violin
gNw92PuQ6mY_000106_000116,playing_saxophone
LjwuoVlI2Wk_000001_000011,playing_trumpet
ClxyNeqVO5s_000217_000227,playing_clarinet
5VfgyiEhdKw_000064_000074,playing_drums
MWjaNIJLDPM_000245_000255,playing_saxophone
BX6QP2nxstM_000047_000057,dribbling_basketball
FGM4miUPuxA_000028_000038,playing_harmonica
4ZroJZvnrLY_000231_000241,tap_dancing
_YGMtr4z-08_000024_000034,shoveling_snow
OxAtac3rtD8_000008_000018,chopping_wood
byMvGnpilKE_000162_000172,tap_dancing
6-vFL2VI0vM_000003_000013,mowing_lawn
bVzr1Kdynyk_000333_000343,mowing_lawn
GXXpSUWWJ0s_000179_000189,playing_saxophone
FGUGGDhm7PI_000002_000012,shoveling_snow
eB4VGciS-JM_000083_000093,playing_harmonica
Ez69530FbBM_000000_000010,shuffling_cards
6jKSPN3Kb0o_000000_000010,laughing
eumV93e4Zb0_000470_000480,playing_drums
ggPbUqdCG8E_000137_000147,playing_piano
9k0f0hjJ90E_000314_000324,tap_dancing
MQN8EOOsPKE_000172_000182,tapping_guitar
dg7oSv2R4AE_000044_000054,playing_trumpet
K-6SXd9H91g_000068_000078,chopping_wood
LFCJuNi5arU_000002_000012,blowing_out_candles
7Qb9oKcYs5Y_000122_000132,playing_harmonica
2DnMPnILQeg_000010_000020,playing_harmonica
XlxQcqTg-Rc_000003_000013,playing_accordion
2qTga6GCpAM_000118_000128,playing_bagpipes
bW_otxPfBmE_000070_000080,playing_clarinet
EFQtNDpNpVE_000040_000050,playing_piano
exLliSYeZZQ_000007_000017,blowing_out_candles
X_S1ogVgHuE_000015_000025,shuffling_cards
hKdDxyWUVxg_000008_000018,laughing
NM6xU5YH9io_000037_000047,playing_saxophone
cSGWngoANqE_000001_000011,playing_trumpet
VVFYqeM8bT0_000259_000269,playing_saxophone
DsspFEEEQCg_000031_000041,mowing_lawn
fcNK1bvzjf4_000050_000060,tap_dancing
UjMQe027uqI_000002_000012,playing_xylophone
O3yhA1k79CY_000001_000011,blowing_nose
0g13Ut_1ZRs_000029_000039,blowing_nose
VLlmSFLfFdY_000029_000039,playing_bagpipes
aysqqi5mc9g_000003_000013,playing_harmonica
a2D93ECAdls_000000_000010,dribbling_basketball
Rubq1hVAFRs_000338_000348,dribbling_basketball
A3O4R-7-IUQ_000268_000278,playing_bass_guitar
VvvsXzwvk3o_000038_000048,playing_keyboard
CcXdAbCZzR4_000003_000013,blowing_nose
S7zC11KVpeE_000007_000017,tapping_pen
VSxw9pUqe98_000195_000205,playing_trumpet
b86fVy9J1o0_000027_000037,playing_harmonica
dReSBl1ROAc_000029_000039,bowling
0_k6XiBEnBg_000018_000028,ripping_paper
1Dpi63wNOjo_000479_000489,playing_bass_guitar
RUAxzV96BAE_000043_000053,bowling
G7yWYJ2HmOo_000022_000032,playing_trumpet
T_siujwP-aQ_000127_000137,dribbling_basketball
ZPFG33lMBKo_000027_000037,tapping_guitar
UaAHHwCgSC8_000331_000341,playing_keyboard
WHmMNLspCWo_000012_000022,laughing
86Q72OVAGPo_000013_000023,dribbling_basketball
7DZkAij5OG4_000058_000068,singing
SLIymYXqibs_000175_000185,tapping_guitar
Sv8w1lQw_gE_000004_000014,bowling
7x-RoXicRIM_000237_000247,singing
ggr_aRAteu0_000005_000015,bowling
OJKn36YqzQY_000000_000010,chopping_wood
erBZBk4FEfI_000014_000024,playing_violin
Pv6BhKDXpHE_000006_000016,chopping_wood
U4SqWxdPQww_000023_000033,playing_xylophone
aoAPSzMZjxo_000005_000015,playing_xylophone
dZsk5Dp_5FE_000008_000018,chopping_wood
5dYJBMC-Y7A_000080_000090,tapping_guitar
D8mhkrIQNaM_000030_000040,tap_dancing
d-FsMBzlrt0_000013_000023,mowing_lawn
V8ZCwm-WTZw_000075_000085,playing_bass_guitar
9LHA5eSAo80_000240_000250,mowing_lawn
Bx5pR77FApA_000000_000010,blowing_out_candles
37HsvEKKRdE_000088_000098,playing_saxophone
DbqY30iofzw_000001_000011,playing_trumpet
P9jYtK8vACk_000019_000029,singing
GZR12IUfo1k_000109_000119,playing_trumpet
AiaTp_6gGMA_000062_000072,playing_saxophone
Yn0XQ3aesSM_000059_000069,playing_harmonica
FTnmQFkCou4_000000_000010,playing_bass_guitar
7aRY5eLbcHo_000047_000057,playing_keyboard
g5obIV4ZDyQ_000007_000017,shuffling_cards
fStblmrU9bY_000143_000153,playing_clarinet
7BuVXd34G8A_000030_000040,shoveling_snow
P7uAiHeCkCQ_000019_000029,blowing_out_candles
5aL3TUYYZQc_000058_000068,tapping_guitar
1zZYZXbCd-k_000288_000298,playing_drums
g295Y8wuo7w_000024_000034,playing_trumpet
KuKxoq60R6U_000005_000015,playing_bagpipes
5sO5xoXf8ak_000258_000268,playing_bass_guitar
8dhKkRH3rls_000000_000010,blowing_out_candles
ShyoEvGu_ME_000099_000109,ripping_paper
VOi7LpYwlQA_000005_000015,blowing_nose
Qt0-ohGpaOI_000004_000014,singing
5qJWJOyzYb8_000033_000043,shoveling_snow
GUyX67PgmKY_000037_000047,blowing_out_candles
P5IZY9hmAaU_000001_000011,chopping_wood
XLAmdmICJDs_000018_000028,playing_bagpipes
MV44sS57yqk_000012_000022,playing_saxophone
LkWNOPylGQI_000025_000035,playing_guitar
anIdAWJO7O8_000106_000116,tap_dancing
VWQZyMXrtzg_000000_000010,blowing_out_candles
FB-rJ3ozRc0_000174_000184,playing_drums
5e7QEs-WwDk_000013_000023,shoveling_snow
2sNc9u_XcGc_000005_000015,playing_accordion
S0Ps_Wz6hlA_000792_000802,tickling
JeW8oVZgFoc_000000_000010,playing_violin
bRGjlh3ebwc_000013_000023,playing_clarinet
PVl0uTP5HmY_000155_000165,playing_clarinet
NAdOStkB-Wg_000230_000240,bowling
ZHW6fxr7qtQ_000693_000703,playing_bass_guitar
ZCy-oE-41z8_000003_000013,playing_piano
gtjvVgNMPtI_000025_000035,playing_guitar
fDxLRaiFHZg_000489_000499,tickling
2U8sI6cHFeE_000000_000010,playing_trombone
3TCUFOidUK0_000008_000018,blowing_nose
TyVUkcXaDkU_000142_000152,playing_drums
5x4j_F7LXEw_000002_000012,shoveling_snow
ferCI0Pfnas_000004_000014,chopping_wood
eNfdykEYDp8_000000_000010,blowing_out_candles
Hde6FDyRM5Y_000089_000099,bowling
Ruov9KgEqbs_000013_000023,playing_accordion
Qzs_jJYPoF8_000306_000316,playing_clarinet
de_o1tfrTYc_000003_000013,dribbling_basketball
bLT1CcnwHRQ_000085_000095,tapping_pen
NvD0HaO0vbg_000033_000043,stomping_grapes
fZKGm-BzXVw_000018_000028,laughing
6SR99Xwy4WQ_000134_000144,playing_guitar
9_79hwmmU3c_000004_000014,playing_accordion
ei6OA_1DCcM_000183_000193,playing_violin
eGwFn0bN2dY_000068_000078,playing_bagpipes
OeJ9-YyDiZQ_000175_000185,playing_violin
HJ2tuFTehM8_000012_000022,playing_bagpipes
8EySVongF2c_000023_000033,playing_drums
VFj6d9-LCzg_000271_000281,playing_clarinet
YJwkfSfrLDk_000000_000010,chopping_wood
_S9aRde0y1k_000084_000094,bowling
dp8eQKEDu8M_000030_000040,chopping_wood
7Nsb31v2ddY_000255_000265,playing_drums
ELrbDdPQMAc_000000_000010,playing_xylophone
DvFlt9ZOAXk_000108_000118,playing_trombone
QRB0GzXAbVI_000008_000018,playing_xylophone
QpfqUH0lCoE_000004_000014,playing_bass_guitar
2SgSMGPMuJE_000205_000215,dribbling_basketball
YnnbIPYeKcg_000116_000126,tapping_pen
GbGZ3Vn5O4I_000000_000010,singing
WiGtHOINGRE_000112_000122,playing_trombone
FHvuKnhzAJM_000028_000038,playing_bass_guitar
XQCl1Ghz5IM_000001_000011,playing_harmonica
3XvWQneLMc4_000085_000095,blowing_out_candles
LYFXTdC5h1k_000071_000081,tapping_pen
Z1lczn0_3lc_000040_000050,playing_saxophone
8AEG6PJAsy0_000072_000082,playing_piano
LpQMQ0avrT8_000032_000042,singing
dYqk7Qnf5Ms_000094_000104,singing
eLdMjzandao_000000_000010,playing_saxophone
5WVmlqd-vRs_000001_000011,playing_harmonica
9XxkzCm-nrY_000053_000063,playing_bass_guitar
NlCb-v5tVsI_000018_000028,blowing_out_candles
cbjY2VRQdRA_000029_000039,mowing_lawn
DhfuISigeRc_000026_000036,tap_dancing
TyKrco7AZEQ_000004_000014,playing_bass_guitar
AEDd5jcW62U_000044_000054,shoveling_snow
LaDy1oSrVsI_000007_000017,ripping_paper
YWohaege3ww_000003_000013,shuffling_cards
CNwVgnR9VgE_000028_000038,dribbling_basketball
CTYABSDwKMc_000002_000012,dribbling_basketball
5EYJXqZr3Zw_000062_000072,tap_dancing
bR_WreJVrXA_000004_000014,playing_bass_guitar
IXsuq3_72Cg_000022_000032,playing_guitar
P6LLZUI5Cdw_000002_000012,mowing_lawn
O8ZvHgFjr8k_000000_000010,bowling
8qCn8llmIW8_000011_000021,playing_bagpipes
_AW-TOUA0wU_000027_000037,chopping_wood
0SicH29aq0A_000002_000012,playing_xylophone
cyYmzyp7Sl4_000015_000025,blowing_nose
Bt-5NeuCJcc_000344_000354,playing_clarinet
DMT6CmhdM2g_000041_000051,tapping_guitar
VrYTf8butx0_000106_000116,playing_saxophone
F4duxKMeQd8_000165_000175,playing_piano
J61_mDZZYPg_000047_000057,playing_violin
HZ9ULb7Y_Zk_000002_000012,laughing
PgxIjeabe9w_000266_000276,laughing
6P85o7hu4SY_000169_000179,playing_bass_guitar
RzXZjZqgCWI_000000_000010,playing_harmonica
312GgBzZECI_000013_000023,playing_trumpet
LT-rTdoGnGE_000091_000101,singing
HmnTT9CwVRA_000024_000034,playing_bagpipes
Hjx7qi6uzoo_000020_000030,playing_trombone
LkVYFDVotEE_000019_000029,laughing
XHQKjOTQcC8_000029_000039,playing_accordion
7CKLlaXlRuM_000001_000011,tapping_guitar
T_r6mku2izY_000009_000019,tapping_guitar
0l8W9oB544Q_000043_000053,bowling
RgennHcrLeI_000092_000102,tapping_pen
ILWv8hGOvyg_000157_000167,tap_dancing
HLT5wjR6RIc_000109_000119,playing_bass_guitar
HXi_LuZtnyA_000007_000017,dribbling_basketball
VfuY09F-0Fs_000260_000270,playing_drums
BEqyDL7lRHQ_000323_000333,singing
2Y_xQ4mCcmw_000004_000014,mowing_lawn
cm0ATm-aOB8_000041_000051,playing_saxophone
0t2ou6rPPus_000002_000012,ripping_paper
fs2NipigwzY_000002_000012,playing_xylophone
XEkor7bkF6E_000031_000041,playing_piano
ThRywHeAVDo_000056_000066,tapping_pen
6ghIZLpMXcE_000029_000039,blowing_out_candles
ctTKlWPAJ1U_000020_000030,playing_trombone
gkDw0puOagQ_000004_000014,blowing_out_candles
XIQ_mYTiu4M_000000_000010,playing_saxophone
OqzDGZTaMUI_000003_000013,tapping_guitar
HPiXOwZe22I_000019_000029,stomping_grapes
JWbLFBqmEcc_000006_000016,blowing_out_candles
VF183Wh987E_000001_000011,shoveling_snow
Wu7TuAeAMW0_000004_000014,tapping_guitar
dQAS-BeWd-0_000020_000030,playing_accordion
24vHvAmgtCc_000079_000089,playing_bass_guitar
bu7XHnmmoeU_000011_000021,playing_harmonica
D9-Lre3wMsU_000027_000037,tapping_pen
L12eq3BvENE_000020_000030,mowing_lawn
a2c0whTSPL4_000018_000028,playing_trumpet
GsvsmjWmqm4_000022_000032,playing_violin
ZiwQvfHuhKU_000039_000049,playing_saxophone
b02HvhjnfsM_000018_000028,playing_accordion
LbmHVftA0D8_000058_000068,singing
Gozuoa-DWq0_000198_000208,tap_dancing
LT--PQ3zNTA_001251_001261,singing
XqhiQfqNL8I_000002_000012,bowling
7rwTXGM4u_g_000056_000066,playing_keyboard
KaI8kqdcfp0_000074_000084,playing_violin
ZEAuaJKuRpQ_000077_000087,playing_trumpet
TVmuh_sR1KI_000050_000060,playing_bagpipes
ef-8QfgEAy4_000048_000058,playing_keyboard
Eg_XhGNIs28_000001_000011,playing_harmonica
EA0R-ovk49E_000002_000012,chopping_wood
WN71ilkMq3M_000001_000011,playing_saxophone
FhyS5HUfdsc_000001_000011,bowling
3AAX0BIW0mE_000002_000012,playing_violin
aJmqNznsWDk_000231_000241,playing_accordion
FNwxG_OrV2E_000024_000034,playing_drums
E5ciVxaJszw_000197_000207,playing_bass_guitar
QbI_OQ0nlYY_000455_000465,playing_drums
8_CZpnLHMT4_000051_000061,shuffling_cards
TV49iLZB4MQ_000005_000015,shuffling_cards
b3l4rj8IlSk_000078_000088,playing_harmonica
c_2hdHXXSsk_000003_000013,playing_organ
KWfm9Z9ZyT4_000007_000017,shuffling_cards
ZjRyqzm4tas_000003_000013,blowing_out_candles
3ItWusl2Kzg_000184_000194,playing_violin
CjL2pJ5OD0A_000151_000161,tickling
PBEZAl20Uxw_000023_000033,shoveling_snow
bwHTQQ23FM8_000053_000063,blowing_out_candles
O2lW9USD6Uc_000009_000019,playing_accordion
XvfRBqmYgWI_000016_000026,chopping_wood
O-gik_Tfd7o_000524_000534,playing_saxophone
8sueTaf1nMg_000055_000065,playing_bagpipes
GDd7pDYY0b0_000005_000015,playing_xylophone
IXJGMbSSKFo_000365_000375,laughing
LG0QPHOYwYg_000085_000095,playing_accordion
_ZvvAAKy-0A_000028_000038,playing_violin
JBHEwoUBGAs_000082_000092,playing_xylophone
L7QSGO9YPwg_000005_000015,playing_accordion
HaqTWFRhC0Y_000153_000163,tapping_pen
5bYKgiDX5ok_000017_000027,playing_keyboard
D3eWQhuQZXI_000042_000052,playing_violin
Fu_GOqX0WBU_000014_000024,blowing_nose
WAVsn493yGI_000008_000018,playing_bagpipes
1bZGZ_Z9xCU_000002_000012,tapping_guitar
H3_81dWV9_Y_000006_000016,tickling
DjPAns6nbl0_000017_000027,mowing_lawn
94vY3aLcdKc_000009_000019,laughing
VirSDtrXOAE_000021_000031,playing_trombone
1-Zo3rYpWIc_000000_000010,bowling
C5B8EOICUsM_000001_000011,tap_dancing
MutvTeHElS8_000016_000026,mowing_lawn
QVvuFX4AS1E_000074_000084,playing_clarinet
J6f3TOyhWS8_000462_000472,playing_organ
OygWGJRj-DM_000011_000021,playing_trombone
Esjo7pVYcAE_000004_000014,bowling
F6jEftx8oG4_000001_000011,singing
1HSdE012Pi8_000131_000141,playing_saxophone
9VZARZQCUzk_000013_000023,playing_trombone
1OI3JqG1c30_000021_000031,dribbling_basketball
9cAlfWq_JJg_000140_000150,playing_guitar
E4pDfyXXJRo_000033_000043,shuffling_cards
10tVZnEDGYs_000116_000126,playing_trombone
M8OGa8i_76g_000134_000144,playing_clarinet
hFGocfs5EL4_000021_000031,blowing_out_candles
2MYDZfTQB6M_000057_000067,playing_guitar
6EnkMiQxlSU_000119_000129,playing_guitar
8eF6L4VLgX4_000032_000042,playing_organ
UxmNe3KijVo_000058_000068,tap_dancing
NA8wVXyfHkU_000082_000092,tickling
Y4hhsNz49o0_000030_000040,playing_harmonica
ehWcaT9WRZI_000067_000077,playing_guitar
XY2Okfwd0n8_003514_003524,playing_accordion
c_6ALopQjqs_000087_000097,playing_violin
VYwEb2An2CA_000081_000091,playing_guitar
cijD-sVkgzM_000013_000023,tapping_pen
Qczs2MoZQyY_000176_000186,tapping_pen
cN4xB5hHZCI_000009_000019,dribbling_basketball
1PdtbWXqTNc_000040_000050,blowing_out_candles
69OFXfjmskY_000052_000062,playing_trombone
Fvo__ykQtf0_000001_000011,playing_trumpet
_9XFA849s88_000004_000014,shuffling_cards
SQs7o8LeU6A_000001_000011,playing_bagpipes
4RNXUYaUP24_000000_000010,chopping_wood
cK0urMRhFuI_000012_000022,dribbling_basketball
WDfTzMDCsOM_000065_000075,laughing
_1HMW7qHBDw_000009_000019,dribbling_basketball
BVrO5ZMRG2I_000011_000021,playing_clarinet
GVe2naGkR04_000007_000017,playing_clarinet
2YxMzUdMVPg_000086_000096,playing_bagpipes
H4OUKz5inbA_000000_000010,dribbling_basketball
-tdgy0rTIh0_000029_000039,tapping_pen
_nfGOghYsMU_000016_000026,blowing_out_candles
C5YERDfrRjo_000031_000041,playing_trombone
HsN2ZcfoIFw_000047_000057,shuffling_cards
IXolFhbaaLg_000000_000010,bowling
VAoc25f_eiA_000038_000048,singing
1N3b97WjrtU_000160_000170,chopping_wood
MidnQX8cmwE_000013_000023,mowing_lawn
IjBHH_Aimns_000075_000085,dribbling_basketball
eF2g717gURk_000067_000077,playing_trombone
R-0AapiCYhY_000140_000150,playing_clarinet
OapefulaeOg_000012_000022,singing
anOleg9ysL8_000069_000079,playing_keyboard
QYnv5mPgdP0_000004_000014,shuffling_cards
PXKnaFsOf38_000165_000175,singing
2ZfJk1m4L6s_000015_000025,shoveling_snow
HF_ULLm05G0_000002_000012,blowing_out_candles
PQu79FMVFJw_000189_000199,playing_xylophone
dqjFoYzRCEI_000006_000016,playing_clarinet
Wks9PxM73JY_000004_000014,bowling
WYsP1PhoAZc_000192_000202,shuffling_cards
8uYtjT3jhw4_000176_000186,playing_guitar
K3H-JkqUZ_A_000030_000040,playing_organ
RqFZGzCezJg_000071_000081,singing
BUIx9IuyJgw_000165_000175,tapping_guitar
GtLXJe6vFYw_000000_000010,playing_accordion
U5g6EuXo-4I_000004_000014,chopping_wood
-6xaLevd_z4_000038_000048,blowing_out_candles
KjT5ftunTJA_000161_000171,singing
Dyy7EEazHtM_000050_000060,playing_guitar
6jJiIaI-vww_000026_000036,shoveling_snow
ZGswNBZ7TdI_000003_000013,playing_xylophone
BXEImNkFb7E_000003_000013,mowing_lawn
S0so1HNXVCc_000002_000012,tapping_guitar
OyagKCZCn0o_000001_000011,blowing_out_candles
UyIgBF5JHQg_000012_000022,playing_trombone
-u7qb2_lVfY_000017_000027,playing_trombone
Q56Qm09sccA_000092_000102,playing_guitar
TAPoilTlMq0_000174_000184,tap_dancing
OB1bYmI2-og_000019_000029,stomping_grapes
bDmwSbRLBOk_001109_001119,playing_accordion
2LGdG2GDVjY_000038_000048,playing_bass_guitar
M7kceRmfZWQ_000005_000015,playing_saxophone
UXr2NyOJscI_000016_000026,playing_xylophone
cTQs1ngP8mY_000051_000061,playing_bass_guitar
bFec7gg3WTc_000003_000013,playing_clarinet
BM19n3DzzIs_000226_000236,playing_harmonica
1bNx06Nq40k_000020_000030,playing_drums
5ST9loyxKGM_000028_000038,blowing_out_candles
EQmYtcoe9HQ_000017_000027,playing_xylophone
BKrUkWSo4Ig_000051_000061,playing_violin
dOMHbiTxwxo_000029_000039,playing_accordion
4rneeFYSdvM_000004_000014,playing_harmonica
KSAUWZE9JS4_000760_000770,playing_bass_guitar
PbqPkStUUS4_000017_000027,shuffling_cards
d-e-bJpBF50_000062_000072,playing_piano
bfrU2PlOcWw_000210_000220,playing_violin
QmjvNZyYvE0_000001_000011,playing_harmonica
7-FX_DRUjcQ_000161_000171,tapping_guitar
AINHryEcmWM_000015_000025,laughing
auOH69Urhc4_000008_000018,mowing_lawn
03jVDJT45Y0_000014_000024,playing_guitar
38Gg59c-k2A_000027_000037,playing_harmonica
-L3cTxtL8Tw_000084_000094,playing_drums
U6tcoreMI-E_000134_000144,playing_trombone
Lg7G5FwfYjk_000007_000017,playing_xylophone
MeqzJVQ19Xk_000187_000197,shuffling_cards
Ya0ktENGbcM_000004_000014,playing_xylophone
6SIttqZbb8s_000009_000019,bowling
Y717Kh-PnsI_000010_000020,ripping_paper
MsggONi5frI_000000_000010,chopping_wood
ew0xE2THMY0_000004_000014,playing_violin
15Phv-JqPlo_000019_000029,dribbling_basketball
6NoWT1R7Ldo_000041_000051,playing_accordion
6q8T9QQPxQ0_000242_000252,playing_drums
G2GcdCDoTFA_000045_000055,dribbling_basketball
Vs-PdMA76jg_000163_000173,playing_clarinet
Z6hcUFSZm_Y_000000_000010,blowing_out_candles
4DIiAtDHPHw_000005_000015,playing_xylophone
FF5t-fb5dwc_000080_000090,playing_harmonica
0ZuRu4d1nHc_000186_000196,playing_drums
AfCjXQJjz1Y_000278_000288,mowing_lawn
HyoN-RB6HVA_000023_000033,playing_accordion
3F32-JQNCeQ_000155_000165,playing_organ
IUJx0juUPKQ_000003_000013,tapping_pen
BElVF3hLmv0_000477_000487,playing_guitar
gaI8H4zrIXg_000001_000011,blowing_nose
OHiIOYkExuY_000257_000267,playing_trumpet
J0fQ6WnWI88_000028_000038,playing_drums
1rvFoZFQNLs_000142_000152,playing_trumpet
c-gj4TEFEiY_000003_000013,dribbling_basketball
0V91RZRZPt8_000051_000061,playing_guitar
GiR5Mm3h9_4_000035_000045,playing_trombone
Ln_LvkN-XOU_000003_000013,bowling
Aa92NWQYH_s_000209_000219,playing_clarinet
3lCVapOMRZc_000148_000158,playing_trumpet
L8aPcEPu1lY_000112_000122,playing_accordion
epS1VK7mVsk_000019_000029,playing_trombone
OrO4H4dozms_000562_000572,playing_clarinet
LiOGMdJe8l0_000000_000010,tapping_guitar
D2mxX15-uos_000079_000089,playing_accordion
7WI_iGKaESs_000012_000022,bowling
3LctDEXb3ow_000066_000076,playing_guitar
DfcagiVhzds_000068_000078,playing_harmonica
5bqRWFH4vdM_000111_000121,playing_keyboard
Ozzc0hxImT0_000020_000030,playing_trombone
YuETydz2qns_000033_000043,tap_dancing
dbs5hOW6qag_000060_000070,playing_saxophone
R-CJ9_Vmrq0_000098_000108,singing
HkV_DFJCGws_000024_000034,tapping_guitar
NFt7xjkCJ7I_000012_000022,dribbling_basketball
VSDzCId1orM_000020_000030,playing_trumpet
1oZ7jSyWgNU_000003_000013,playing_piano
Bulsf_47ifY_000114_000124,playing_violin
eYBOA4vvP3w_000005_000015,chopping_wood
T_GYwqx4vvw_000004_000014,playing_violin
9XCcNEqihU8_000005_000015,chopping_wood
7aU9ehmoli8_000077_000087,laughing
KA7sndqDP0U_000103_000113,tap_dancing
PaImbB8Iex4_000002_000012,tapping_pen
OKBqrFc0b6k_000004_000014,bowling
II9zja83XkI_000029_000039,blowing_out_candles
fnG4thuFieA_000163_000173,tapping_guitar
eLDm5ddTpcc_000068_000078,mowing_lawn
LIoGaIIhYf8_000046_000056,playing_trumpet
RpJ-xBL87nU_000021_000031,blowing_out_candles
XFD9T7DqDEM_000000_000010,bowling
HaBFcz2BCb4_000055_000065,shuffling_cards
9DSG9OJcHQI_000006_000016,blowing_out_candles
MeiI8yFgIMU_000000_000010,tap_dancing
EqhcV65NKmM_000408_000418,laughing
BOhbJLxwWeI_000017_000027,playing_xylophone
PxuaHfLegiU_000008_000018,laughing
B9Y4cdeDYN8_000015_000025,mowing_lawn
LhlHDljkQII_000018_000028,playing_keyboard
_rUD1OErnuc_000018_000028,stomping_grapes
a1LAfSEx55k_000045_000055,playing_organ
DfDibRhZ7Lk_000004_000014,playing_violin
Tu9BQ-aQ9fg_000372_000382,playing_drums
LTf1fFNZhj0_000008_000018,blowing_out_candles
BKG-mkmusL0_000024_000034,bowling
ZKWwQ7CpXfI_000011_000021,blowing_out_candles
X937JKu2KX8_000047_000057,chopping_wood
HRI-Hms_ITc_000085_000095,playing_trombone
Ji7BgSmw-to_000222_000232,playing_violin
cnLLtfrE4S0_000096_000106,playing_trumpet
L91UDULoXjU_000081_000091,dribbling_basketball
ZRA8YINmsdw_000005_000015,tickling
7ntYBUrPEJ0_000018_000028,playing_guitar
UbIC2eThQiI_000000_000010,laughing
XyMfKXWzMuw_000038_000048,playing_bass_guitar
8ap4DBMstsE_000043_000053,blowing_nose
7arol-TUZOc_000143_000153,playing_trumpet
7DZkIobR-Xs_000245_000255,singing
I3UYZxwxAzA_000031_000041,singing
TBx5wtjyne0_000003_000013,bowling
61hRWs-O9Xg_000125_000135,singing
UGlVNNTKtlo_000108_000118,blowing_nose
G6J-tCV2pB8_000163_000173,playing_guitar
bBN01OQRxZQ_000035_000045,playing_bagpipes
14LcHlZSgqA_000022_000032,shoveling_snow
PZKzwO9ifUs_000036_000046,shuffling_cards
dgOmq8AHSKc_000001_000011,playing_violin
QIpsNBu6o6c_000004_000014,playing_harmonica
gbCmiquJe-E_000005_000015,blowing_nose
4J3tSnZPOZY_000000_000010,playing_xylophone
EAP903hZcc8_000072_000082,playing_trombone
32DUb2AtnI4_000234_000244,playing_clarinet
7GEbakf09NA_000200_000210,bowling
6Njo9Z5aQEM_000000_000010,playing_trombone
Am2dSn7MVUY_000025_000035,ripping_paper
98lB4fEfTXM_000010_000020,stomping_grapes
NW4Hwc0KkaQ_000032_000042,tap_dancing
GMVJPZuQMJ8_000360_000370,shoveling_snow
ACdb8Xa04Y0_000075_000085,tickling
8ZNm3MayfB8_000053_000063,shoveling_snow
EofaorX0xIM_000017_000027,chopping_wood
HMeKmUFDYcY_000440_000450,playing_guitar
00gemR2MiTw_000241_000251,tapping_pen
ayeScNwMS-Q_000002_000012,playing_trumpet
Oe8uBzGil3w_000001_000011,shoveling_snow
KSr-owTgxFM_000003_000013,dribbling_basketball
Wr7YbcQ_Q9g_000034_000044,mowing_lawn
VhRL-_UWJeU_000060_000070,tap_dancing
3sxrlo97qfI_000004_000014,blowing_nose
PZEYvlTuE0w_000448_000458,playing_trumpet
Xan_mf794FI_000586_000596,playing_clarinet
bStYq6glvIU_000085_000095,playing_keyboard
dj-fH7Lqs_I_000153_000163,playing_clarinet
d8WAOzSER60_000025_000035,ripping_paper
5oCGLdKIaIA_000130_000140,playing_accordion
FjoPc8v4UCg_000024_000034,playing_trumpet
V_cARAxIH38_000016_000026,tickling
I36tYTNWkWs_000015_000025,playing_saxophone
eh6qoQFj1fs_000020_000030,blowing_out_candles
Er44dUHvNkA_000000_000010,blowing_out_candles
3OScSeC0jdY_000001_000011,singing
Yle1U_yo2ic_000121_000131,tapping_pen
dISDdoNE3bU_000038_000048,ripping_paper
5sIjAPd4enU_000078_000088,blowing_out_candles
IoBk6KEYAYk_000109_000119,playing_trombone
WQ7N0KD2nzI_000152_000162,playing_organ
YDVwg3UNy4Q_000007_000017,playing_harmonica
elcz-ZUoJUA_000039_000049,mowing_lawn
EtMpWe3VXrA_000006_000016,chopping_wood
GjRmaJMPsdo_000040_000050,playing_trumpet
6aZl2NMhK2A_000003_000013,dribbling_basketball
WVGwJRvpTyQ_000052_000062,playing_xylophone
SURvLj54xOs_000106_000116,playing_organ
3EifSw1bvmA_000000_000010,singing
FymUAhpnd3A_000099_000109,playing_clarinet
71pLgMS5vQM_000067_000077,playing_accordion
TW2Fg2vdPGg_000042_000052,laughing
WCVfigqxDds_000095_000105,playing_clarinet
ZZk7ORxe55w_000000_000010,laughing
C0gyoKYGpPs_000004_000014,playing_piano
Dc-SwRSnLpI_000009_000019,playing_xylophone
IXAXkvPZ1iY_000085_000095,tickling
XFFYyhqDQYg_000012_000022,playing_organ
RA9CAzoNssI_000025_000035,tapping_pen
3v7QC6Bl_7E_000000_000010,playing_xylophone
Fmdo54ROg_o_000193_000203,playing_violin
2UKrd77BpA8_000014_000024,playing_accordion
G0YUtYk0P8s_000012_000022,playing_guitar
VkDq-PdjEwk_000150_000160,playing_guitar
UtkYKyp3SdE_000725_000735,playing_drums
1p2_F4jbYx8_000118_000128,ripping_paper
TDo8-Npsya4_000034_000044,laughing
XH9PNlm5pTc_000179_000189,tickling
GAqM1wLLfK8_000025_000035,shoveling_snow
Jcp0NLctYtI_000000_000010,playing_trombone
I_1f4NLKBNo_000052_000062,tapping_guitar
csrkI7ZAgcA_000026_000036,blowing_out_candles
HpiDS08NkIA_000032_000042,dribbling_basketball
HQYyCbBwM5s_000020_000030,playing_violin
7Sh8PlHS0MQ_000027_000037,singing
Tq3351yGcrI_000056_000066,playing_accordion
PNcCJR2o38c_000005_000015,tickling
PSXI-hH5g1I_000121_000131,playing_trombone
LEvJj_QEIKU_000003_000013,bowling
dGLPhbU6BNc_000101_000111,playing_saxophone
YgKhxPeJQHE_000099_000109,dribbling_basketball
BnPOm0qxyCU_000015_000025,playing_trumpet
18VD5cMZtpc_000108_000118,tickling
8AAVe31Y9YI_000050_000060,shoveling_snow
VhmO4zXmarw_000018_000028,playing_bagpipes
OPkRDP9cu9A_000011_000021,bowling
3NRi-BNOz2k_000003_000013,playing_trombone
Z4xkg3h5mz8_000002_000012,bowling
GQbNC9CUqOY_000014_000024,playing_harmonica
4Qby2_QP3_w_000039_000049,blowing_out_candles
dPa2BUTbOo4_000000_000010,playing_harmonica
2JC18LzEt4M_000003_000013,shoveling_snow
eXqPYte8tvc_000144_000154,playing_guitar
OGAx__6iSTs_000039_000049,playing_drums
MzzgcqWdGKg_000006_000016,mowing_lawn
T_k9tCa4TZE_000040_000050,playing_guitar
FP5trAgjK4o_000118_000128,dribbling_basketball
8xKN_ao9vV4_000003_000013,ripping_paper
VyGaOWsg7Yg_000003_000013,playing_drums
RtSI55tTJDA_000005_000015,mowing_lawn
Lk6bDI5_Dzs_000033_000043,shuffling_cards
e50ouTSrdkk_000031_000041,tap_dancing
_KP0lS1DEKo_000000_000010,playing_drums
R-Azet5Wwf4_000076_000086,singing
SJKaHUp2tAE_000155_000165,playing_drums
MLmvIEHC9oQ_000053_000063,playing_keyboard
IOxmiB5eG6Y_000154_000164,playing_guitar
O_8M9Ycd35k_000054_000064,playing_violin
T2Ciw74cKJw_000001_000011,playing_piano
U6PGgpggJzQ_000018_000028,ripping_paper
cClFTxTmPzo_000061_000071,playing_organ
VdmuBZR07W4_000027_000037,playing_clarinet
310VgEcMV-w_000072_000082,playing_keyboard
DmKz0ts6dAI_000004_000014,shuffling_cards
HdOu4JDWUEM_000094_000104,mowing_lawn
24NXwPXK6OE_000231_000241,playing_accordion
13m2HrnIZPI_000377_000387,playing_clarinet
LpHx-Zv_DKw_000004_000014,bowling
MJTiRLEuTJ8_000390_000400,laughing
epwDdUaSJVo_000002_000012,playing_trombone
2twGr6UJajM_000108_000118,ripping_paper
OaTYATTrqsM_000635_000645,playing_clarinet
GqJX-0k3uOc_000051_000061,playing_trombone
21rKLYP1nag_000011_000021,playing_guitar
SuCiJ0bNsUU_000043_000053,chopping_wood
D9erYx2qnOM_000081_000091,playing_keyboard
EW5Meu5dxR8_000023_000033,playing_violin
UwhEEfVgm1E_000003_000013,blowing_nose
eqUDZ32f7GM_000119_000129,playing_trumpet
Me3cwl-NPGg_000127_000137,playing_clarinet
2bDfEcFnRck_000229_000239,playing_harmonica
LG4mhLX7o_g_000174_000184,playing_bass_guitar
745r4Yb7si0_000067_000077,ripping_paper
F8BVxr8xQRs_000100_000110,bowling
e86cFeYAa3k_000001_000011,bowling
FV68n48-lGg_000065_000075,tap_dancing
UaAebM2LZEw_000065_000075,tapping_guitar
V8qg7LG-bLA_000006_000016,playing_xylophone
VZ9P1fU-_Ds_000179_000189,singing
RYYA8t1tiTU_000001_000011,playing_xylophone
XOMgwTWu7LA_000084_000094,tapping_guitar
LgzHUZWSjaw_000014_000024,playing_drums
SHVBfBI1bdg_000000_000010,playing_piano
aOcvQVRPAMg_000030_000040,blowing_nose
RUfbrWNd67o_000000_000010,shuffling_cards
bh_R2oPKLPI_000019_000029,tickling
MPULwRjGRLE_000003_000013,playing_trumpet
NvJeMrnEO98_000038_000048,playing_guitar
UlD0kmqGQfs_000022_000032,playing_bass_guitar
8S6uzRX3z3U_000136_000146,tapping_pen
2y5oRF_eaYU_000016_000026,bowling
W9jese8r62M_000013_000023,blowing_nose
aN2IyOiMkmA_000048_000058,playing_trumpet
dfP8f7UoUZk_000040_000050,playing_trumpet
gaoQp3Z4cLM_000042_000052,dribbling_basketball
TV3mJgK5NZU_000047_000057,playing_accordion
8CZoXElKD2k_000062_000072,playing_drums
9O1RrxTW3Aw_000001_000011,blowing_out_candles
CAa5JT4CxA8_000017_000027,blowing_out_candles
6r9JaJNZ0R8_000001_000011,playing_violin
f_KH1wJZsrw_000204_000214,tapping_guitar
BH-A9boDrH0_000067_000077,playing_saxophone
6uFO5nOHBfc_000443_000453,playing_trombone
VgZyl6mph5g_000000_000010,ripping_paper
Zkr58ihqIMU_000208_000218,playing_guitar
GnwgMZvGHU0_000040_000050,mowing_lawn
GhPCAjJohtQ_000002_000012,playing_harmonica
9D8Q3KevA6Q_000000_000010,dribbling_basketball
OhGmu4wQdNU_000035_000045,tapping_pen
PlRIvGiZ2ok_000007_000017,playing_trumpet
4yiZLvmYtME_000006_000016,playing_saxophone
V1nHS1E5s54_000034_000044,laughing
Oi4ZtzTriGQ_000058_000068,playing_violin
305jW5Q5Ewk_000208_000218,singing
7vR309AAmEw_000005_000015,ripping_paper
Fx3vZrEiGYs_000032_000042,playing_piano
dmreJ2sj_R8_000525_000535,playing_clarinet
GEacudhEOxE_000034_000044,tapping_guitar
_hblcXhrcmE_000164_000174,playing_accordion
EtSfHcQ04Bg_000096_000106,playing_piano
cPoaqd_5P20_000016_000026,playing_xylophone
36hoLej8lF8_000005_000015,playing_piano
PRm6Axqb9Gs_000070_000080,playing_keyboard
JC1tTCAWJtM_000066_000076,playing_violin
SnhKGTYupf0_000485_000495,playing_accordion
L349_DtKMQE_000013_000023,playing_trombone
dmIjt97PUFw_000004_000014,playing_organ
4YHoECijUog_000018_000028,chopping_wood
L7A-QzrMHj8_000154_000164,playing_guitar
3Z5PkFWWO0A_000058_000068,playing_piano
HJzk8Stdx5o_000044_000054,tapping_guitar
XqQB6nRt_YQ_000040_000050,playing_violin
MFR9R0wU8cM_000004_000014,laughing
UHaIFcVuG1A_000062_000072,tap_dancing
88Zy3syljpQ_000018_000028,playing_bagpipes
FYe2-SR-48A_000014_000024,tapping_guitar
0AqjFxIXFSA_000040_000050,blowing_out_candles
JS9SNkoj6tU_000000_000010,tickling
52iREoUfEZM_000002_000012,playing_violin
Dsn5Rze3tMQ_000093_000103,playing_trumpet
K7DQv_3yC6k_000010_000020,playing_trombone
VOu-ZaAyMIo_000236_000246,playing_accordion
YnGAg6QBYjY_000182_000192,tickling
JPYChdSZww8_000054_000064,chopping_wood
RxUk2U4609M_000288_000298,playing_violin
Kko3WU63ZbA_000084_000094,shoveling_snow
e9W7ij3ug-4_000032_000042,playing_piano
F03VCp1MmXw_000000_000010,stomping_grapes
339AJy5vnX4_000100_000110,singing
e0eXQ3iREpE_000030_000040,playing_bass_guitar
02vCm_Uuolg_000084_000094,ripping_paper
L4FMzS03TJw_000029_000039,singing
1IyL90mcMqo_000017_000027,playing_harmonica
_WICZ0sAU24_000037_000047,blowing_out_candles
J32_tiGrpCE_000000_000010,playing_trombone
2mmhkQ1sMD8_000352_000362,playing_violin
GxWnePNKMAY_000065_000075,playing_keyboard
Wixj2Tms9zg_000001_000011,bowling
RCxeS9b3CWY_000000_000010,blowing_nose
OCWCyU5OBhc_000058_000068,singing
cNc6Cu-mkrw_000055_000065,singing
YVH1cStTvbs_000031_000041,shoveling_snow
PrLbuz6Ftf8_000261_000271,playing_violin
ID6qdjlQmAY_000038_000048,singing
5tIo0DbkHEA_000148_000158,playing_harmonica
8MEJ7vkirvg_000093_000103,dribbling_basketball
KoryxHEds58_000100_000110,tap_dancing
gnOs2mgRhZE_000022_000032,tap_dancing
O2arDF_1ASE_000012_000022,singing
-SWRpFD0bW0_001703_001713,playing_drums
5KvNU_p8cxo_000031_000041,tickling
FiuB0SeuNA0_000197_000207,laughing
Ds_g97l8Zls_000128_000138,tapping_pen
C9nZmTT1ssg_000184_000194,playing_bass_guitar
aaoF7AJwQC4_000163_000173,tapping_guitar
6MyVsO1vy3s_000284_000294,singing
ak8gDDHC6z4_000011_000021,playing_harmonica
A48i0jJ7WI4_000233_000243,playing_piano
ERSjB1eOQuM_000507_000517,playing_bass_guitar
9kWGnkLDb_8_000001_000011,shoveling_snow
-SWLyUn-o0s_000037_000047,tap_dancing
1wVKh9xLRRo_000118_000128,stomping_grapes
TIv3aZJ9ffQ_000524_000534,bowling
IyVBAAfuIaI_000042_000052,playing_trombone
AVle8tf6Ui4_000003_000013,blowing_out_candles
1TNC_7M0Cic_000207_000217,playing_violin
EmxBP_FHL64_000015_000025,playing_saxophone
Wh0eMBSmvJs_000016_000026,blowing_out_candles
P_pis6ni1EI_000060_000070,playing_trumpet
NWtRXBWj7Zc_000014_000024,mowing_lawn
SzT14-_kf9c_000062_000072,shuffling_cards
XFiaEeR1v08_000003_000013,playing_violin
XEwDChMDq3k_000000_000010,blowing_out_candles
D_w4d-VHrzs_000079_000089,stomping_grapes
4rCXrAjgeKo_000075_000085,playing_violin
evSDp3O6Q7M_000101_000111,mowing_lawn
GXAaXEMsUTI_000030_000040,shoveling_snow
4yF-phEhsQc_000132_000142,playing_clarinet
OnmSLjkmiLE_000004_000014,playing_piano
a8YwyrOGZR8_000045_000055,playing_drums
AHlTxmVlwaY_000016_000026,playing_saxophone
D3eN6jn_sC4_000117_000127,tapping_guitar
Jv6hobd7_co_000080_000090,playing_saxophone
d2JyLJkRicQ_000000_000010,playing_drums
cNGisDlLZwY_000103_000113,playing_bass_guitar
NUeM8YS5HPs_000001_000011,playing_accordion
KV-nPqnGL1s_000022_000032,shoveling_snow
WPLmIluKzLY_000058_000068,playing_accordion
LPCDmBSWKk4_000000_000010,mowing_lawn
D-KOqDg9vb0_000011_000021,playing_trumpet
3EjewsItf0c_000091_000101,singing
X2NVksktYn8_000000_000010,bowling
1hJsZUvGe20_000041_000051,dribbling_basketball
UG8t36fjaYE_000018_000028,playing_bass_guitar
a6PZltNXPlQ_000030_000040,playing_guitar
g21do2ABguE_000017_000027,shuffling_cards
7J03aHAZU3o_000122_000132,playing_trumpet
1qI0CuOfSfM_000061_000071,playing_clarinet
3PITEUVc5K0_000045_000055,tickling
T8HPUVKhA4U_000000_000010,playing_organ
RhgbDb2TsGU_000000_000010,playing_drums
b9pghtQVAUo_000040_000050,playing_saxophone
hC2oGKuF9I0_000181_000191,playing_organ
ZSXcxOYDfgk_000054_000064,dribbling_basketball
Ewmx-RwegKU_000147_000157,playing_violin
HhFpbfGTvxA_000017_000027,playing_harmonica
7N_qiHEgLp4_000608_000618,playing_trumpet
GIcX3QWmDQU_000214_000224,playing_bass_guitar
c1qDzR_Xr1Y_000059_000069,blowing_nose
KE8NctRZn2I_000032_000042,bowling
I1V7CsRA8T4_000158_000168,playing_drums
AFtDzgNOThQ_000123_000133,chopping_wood
PlDw0yUdVZ8_000050_000060,playing_trumpet
_iRIXBdDl_o_000000_000010,tapping_pen
3lLu6msJ7PA_000049_000059,laughing
0hh56r3UZkU_000034_000044,singing
V1kBiIhLHT0_000000_000010,tapping_pen
_RwOeBqo_aE_000100_000110,playing_trumpet
6doIbUB7q4g_000045_000055,shuffling_cards
2ezfw3_Drxw_000000_000010,playing_guitar
JD3M64kUgkU_000005_000015,playing_trombone
WDxktZrM2zw_000040_000050,playing_keyboard
RcIQkbm4rjI_000268_000278,playing_bass_guitar
6iDLhm0kQrQ_000103_000113,chopping_wood
8bPopM68jIc_000168_000178,playing_violin
-NLHOKYqqq0_000040_000050,playing_violin
GnueJsTVBkg_000195_000205,playing_violin
GF2sebyC-F0_000402_000412,playing_clarinet
EpF3jaatlxk_000016_000026,playing_saxophone
aWGg0lih630_000118_000128,playing_bass_guitar
YRzYsIU-ZVA_000012_000022,mowing_lawn
D3gr35giKoA_000028_000038,blowing_out_candles
8_9x2HxYjnE_000001_000011,ripping_paper
cbIinkJYeYs_000009_000019,playing_xylophone
CkdKtwJYssY_000153_000163,playing_bass_guitar
Y-yw_rqrZXE_000030_000040,playing_trombone
WEqlHI5UtxY_000067_000077,playing_clarinet
gb1a4lz4shc_000048_000058,playing_bass_guitar
0UPlDPqlVUI_000222_000232,singing
R65QTJgT9-Y_000001_000011,playing_bass_guitar
VYf57pFcS6w_000042_000052,playing_harmonica
X4pBQ76VD34_000028_000038,playing_trombone
U1kfEgoDXPA_000001_000011,playing_violin
UTwEj5CoT_M_000001_000011,playing_harmonica
akCMsstEQvg_000020_000030,playing_bagpipes
RL2K0LypuJY_000017_000027,singing
Kiq9HDUkNxg_000000_000010,playing_drums
Al6Vva5myKA_000030_000040,playing_organ
Rzx6NzE2fs8_000040_000050,playing_keyboard
fRjiJpUu1Q8_000216_000226,playing_saxophone
aWltlUcmejA_000000_000010,singing
51VIbh823sU_000271_000281,playing_trumpet
H_QF_nHhm5s_000041_000051,bowling
R5S-pq74STM_000082_000092,bowling
GkSp8PkyEyA_000020_000030,singing
4iDHmo5Re4M_000009_000019,ripping_paper
Af3qo04L08E_000005_000015,playing_violin
NJ4SiXNzQUk_000012_000022,playing_violin
WCp48-ryZzk_000022_000032,blowing_nose
7Fsw6vBCLCA_000100_000110,shuffling_cards
A7Hh5viYARY_000111_000121,tapping_guitar
OakpjeBLKvM_000000_000010,bowling
SCq3Xt5Tqzw_000002_000012,playing_keyboard
fpI4xClvvuA_000057_000067,playing_trombone
Gp9nFFONvI8_000106_000116,laughing
EyqdyxsF5Jc_000087_000097,playing_clarinet
e71y2TyUPcs_000004_000014,playing_keyboard
cVwrv5-V1gs_000016_000026,playing_trombone
1n1B00hnGhs_000001_000011,playing_harmonica
ZQKM6lZGgTI_000168_000178,stomping_grapes
KRIb2JICmCc_000001_000011,blowing_out_candles
_vrnSfVunE0_000028_000038,ripping_paper
WbuqeORV_K0_000120_000130,tapping_guitar
GveWkvIjdps_000224_000234,bowling
cnPgwucgMCY_000045_000055,dribbling_basketball
5TtfHHxz_8k_000092_000102,playing_drums
WqH3j3kPahA_000017_000027,shuffling_cards
FmcXME-w7g8_000008_000018,blowing_nose
RNd42xBY5Kc_000107_000117,playing_guitar
RNU4ZAk_Lqc_000003_000013,mowing_lawn
Sdd-m1hcKhs_000003_000013,shoveling_snow
2EHu-sFyAXY_000182_000192,playing_bass_guitar
R5SMS4HBU18_000053_000063,singing
5yjcUxUPApA_000037_000047,blowing_out_candles
Hofi8jlBBD8_000091_000101,playing_drums
_JgG2UIOkik_000041_000051,chopping_wood
_cquQl473QA_000069_000079,playing_guitar
41WtX5hVOqg_000095_000105,playing_harmonica
KsOXv7HxRxY_000011_000021,playing_trumpet
cz7WLpTZo4A_000001_000011,bowling
3Q08rMBbc5U_000034_000044,blowing_out_candles
d98kAjGBynE_000236_000246,bowling
2XD13UZF1Hc_000001_000011,playing_bass_guitar
Mx31rYoeMkM_000169_000179,playing_bass_guitar
XfNNp0O8QRo_000147_000157,playing_trombone
79ycQ6vRR8Y_000004_000014,playing_saxophone
Hw-l4dRLBco_000081_000091,bowling
C8s7aP8qJeA_000091_000101,tap_dancing
WbA7bQapB2Q_000020_000030,tap_dancing
bVYAxDwzq80_000011_000021,playing_guitar
KcH7zpd5viM_000080_000090,shuffling_cards
Ez61l0iQoVc_000390_000400,playing_bass_guitar
3x0Aq5PyLNI_000210_000220,playing_drums
ZqyC1Ge02iw_000009_000019,shoveling_snow
K-gGaKEOoq8_000123_000133,tapping_guitar
J7J5AIOwl3I_000038_000048,playing_violin
LuSYPBTDjMg_000042_000052,tapping_pen
GDYLUgAq1tI_000049_000059,tickling
Ju2Sp5Yb4NM_000052_000062,playing_piano
AsGxMLjS4l0_000040_000050,playing_saxophone
LohyR_H2CPA_000019_000029,playing_drums
Kmx76FV7i8M_000095_000105,tapping_guitar
AFqM_IaSK8I_000000_000010,playing_trombone
ZQ-zFOca8RM_000021_000031,playing_guitar
Qt2ktBj1l-Y_000068_000078,shoveling_snow
any_QV0Xw24_000031_000041,playing_accordion
Vv7LQ8fTacA_000028_000038,tickling
eulntLRm_eA_000100_000110,tapping_pen
eDGeR6yibKg_000205_000215,tapping_pen
YO_eXqqC3n0_000141_000151,playing_guitar
4DkSI3FK5Yk_000040_000050,playing_guitar
KnLB-_jLFGI_000014_000024,playing_clarinet
TaaSLk97wdM_000070_000080,singing
OVDks1VcHjw_000000_000010,mowing_lawn
gefil6wLUZY_000144_000154,playing_clarinet
E6wutP-ECms_000035_000045,shuffling_cards
PlLaCgW1krw_000001_000011,bowling
TC8TkTbIfRs_000023_000033,playing_xylophone
IF1QQE65wZ8_000006_000016,shuffling_cards
F_-4_gziBK0_000003_000013,playing_harmonica
YxUXdFHFD-w_000579_000589,laughing
QlU7oLBoHjQ_000102_000112,playing_saxophone
dAUwaYxJfOo_000076_000086,mowing_lawn
V1Yd4bWLrWU_000007_000017,playing_accordion
U_mdYrUUUrM_000001_000011,playing_accordion
DAvlFU61pek_000005_000015,playing_organ
5i31K4XizJ8_000071_000081,playing_bass_guitar
2TxcbzWJaMs_000012_000022,blowing_nose
6wTJ7vys14Y_000109_000119,tapping_pen
TjrJxC5EBxM_000004_000014,playing_trombone
FSUz53eRqXU_000206_000216,tapping_pen
3C7VYGQj1Z8_000034_000044,playing_piano
2sBE38MzY7Q_000423_000433,playing_saxophone
LRTha_fqSKM_000098_000108,playing_trombone
YySTmiavdMc_000011_000021,mowing_lawn
NhHi5h2mZm4_000061_000071,tap_dancing
4gs4Y9E5Uoo_000008_000018,playing_bass_guitar
XdRc9aMVeeA_000024_000034,playing_harmonica
KamLavxcNNs_000430_000440,playing_guitar
JGKpnVrmgVU_000275_000285,playing_trombone
NBZkoPQ2drI_000054_000064,tapping_guitar
2GIyTRGHr7E_000017_000027,singing
0jAW9MSfRqM_000054_000064,blowing_out_candles
V_9i_JYJ2LA_000029_000039,playing_clarinet
MA2EXsZBoJg_000002_000012,chopping_wood
e7TrQ4tcP8k_000014_000024,playing_bass_guitar
PIfy1C0JjuI_000030_000040,tickling
WIEuqXdJI-k_000018_000028,blowing_out_candles
bS97gZgyCHA_000037_000047,tap_dancing
Zkf7gHYzlxI_000229_000239,shuffling_cards
1MNKQ85zcek_000324_000334,playing_clarinet
U6PKtRFtFME_000012_000022,bowling
AZE56cV-yVQ_000002_000012,dribbling_basketball
ON1TCuG2REQ_000024_000034,tapping_pen
LpOD9kru0ng_000013_000023,playing_piano
4kXacL3XSW8_000012_000022,playing_organ
T-_XicNtKE8_000000_000010,laughing
OrDOOeKkpoU_000002_000012,blowing_out_candles
HKnOTvlS4h8_000001_000011,bowling
bC5lx5xqUK4_000016_000026,playing_trumpet
Lfro3eNeNHE_000162_000172,playing_saxophone
N1_c_TimK7E_000008_000018,playing_violin
2OU8Z70O0X4_000276_000286,tickling
_h7G7njJP18_000088_000098,playing_piano
4xEOx9H9Q00_000005_000015,blowing_nose
PYLMycdnaUI_000247_000257,tapping_pen
KIhyh45bzxw_000006_000016,playing_xylophone
_TfC14bZDu4_000062_000072,shoveling_snow
5j6TDBeaMF4_000002_000012,blowing_nose
1pMCV5IKjfc_000000_000010,blowing_nose
CeOlti2xf2g_000002_000012,shuffling_cards
8GEbjA1xwEE_000462_000472,playing_organ
-rrPeji49yg_000036_000046,blowing_nose
FVszrMG13wQ_000079_000089,playing_xylophone
SmeOcwvI7ko_000004_000014,playing_violin
BLBE8Kb8Jn8_000212_000222,tap_dancing
bh71RU610aE_000443_000453,playing_organ
H8SsTBZCL_M_000002_000012,mowing_lawn
-pQDvTacljU_000004_000014,playing_trombone
643F6jP0VDc_000001_000011,blowing_out_candles
0SE-mWiNx_c_000022_000032,playing_drums
WNLNYYSuuFM_000180_000190,playing_trumpet
4n1jEWTDvLg_000000_000010,playing_trumpet
8GwTk7a9mhc_000191_000201,playing_drums
cLvZLmDZ_X0_000007_000017,playing_piano
c169K8mCYRM_000048_000058,tap_dancing
5y3g6CZFshc_000001_000011,chopping_wood
6n1rFIxQNqU_000031_000041,shuffling_cards
DJ9602dz2Zo_000089_000099,playing_xylophone
-BlHH8Gi9hc_000022_000032,playing_saxophone
T7lFmWEf2L8_000063_000073,playing_violin
bhQMxiL2zxg_000034_000044,playing_organ
elhISOHw-7M_000027_000037,mowing_lawn
b0LO4oqU6-8_000051_000061,playing_bass_guitar
chdV2CIaq4A_000003_000013,mowing_lawn
B6kIgpz55eI_000018_000028,blowing_out_candles
AJMOCUYB3Wk_000031_000041,dribbling_basketball
SdBJfXJNX_M_000032_000042,tapping_pen
9tBjp-ytuxo_000036_000046,playing_harmonica
R-A0VWyldXA_000000_000010,playing_organ
ae1_1piJfy4_000000_000010,chopping_wood
eNmNCNRE930_000000_000010,playing_bass_guitar
9mseZkne7_Y_000011_000021,blowing_out_candles
RYxVyxK2Rik_000005_000015,playing_bagpipes
bcvLUH5tiLc_000177_000187,playing_trumpet
5gh4PgrMMns_000002_000012,blowing_out_candles
Bb-3cMIwPiU_000063_000073,mowing_lawn
fgIaxAfJX24_000460_000470,playing_drums
bc__zavPeJM_000212_000222,playing_guitar
g7iZ6XPuK3o_000014_000024,playing_harmonica
0CsAQSsgqxk_000074_000084,playing_accordion
TBbYkpumTq0_000002_000012,ripping_paper
VNnX7oRE3tA_000023_000033,stomping_grapes
VU_8lG84WZo_000004_000014,shuffling_cards
dt1WhxqhHys_000066_000076,playing_accordion
WTFC69juDCQ_000012_000022,playing_saxophone
3lArEGfbASc_000023_000033,blowing_out_candles
M0ALJ8faPUQ_000122_000132,tapping_pen
5ThaEtmmTqA_000002_000012,playing_violin
90gRc0PU99k_000008_000018,playing_harmonica
DDtIewsVPiQ_000269_000279,tap_dancing
J6GgXJ13U9s_000093_000103,playing_saxophone
2FVGwe9UaRo_000007_000017,playing_accordion
H9TS-u8FjHs_000015_000025,chopping_wood
Ve8xPJfLdz4_000033_000043,bowling
QZTR4C904EA_000215_000225,playing_trombone
HZgI9AwgJiI_000031_000041,playing_xylophone
XbUMMo5b1xw_000008_000018,playing_bagpipes
4EDP5HIZ-qQ_000015_000025,tap_dancing
HNTJz63zPes_000165_000175,playing_piano
BFcXZxPxpEo_000004_000014,playing_trombone
LV8U7arZfQU_000237_000247,playing_accordion
LPvMtu0aUTE_000020_000030,mowing_lawn
ANg26BZdVuk_000009_000019,ripping_paper
HibOtkmUC64_000170_000180,playing_clarinet
Xs1GHnrZ124_000123_000133,playing_guitar
0ls07il28bc_000004_000014,bowling
DQX2Ws1RqRI_000015_000025,playing_trumpet
JaiVIaD9gcw_000031_000041,playing_xylophone
U7pewyvt1rU_000026_000036,playing_accordion
Ne001uoDVQ4_000003_000013,playing_guitar
4CYM7YIXgk4_000009_000019,blowing_out_candles
W7TeY_mUNyw_000107_000117,playing_saxophone
eW0nmq4jJrE_000040_000050,playing_keyboard
7EIbYvy66C8_000253_000263,playing_drums
ZiMxYun26jQ_000033_000043,playing_trombone
_XUSk34rROc_000013_000023,blowing_nose
SgdZFrZf_d0_000220_000230,shuffling_cards
KCSskFs47zg_000264_000274,bowling
QK6HrBVqfws_000022_000032,playing_violin
Y8FDiTfn8Jk_000077_000087,playing_guitar
_YppqaZrLjg_000001_000011,tapping_guitar
WrxuvMmchdw_000239_000249,mowing_lawn
Hk0d6D_z7Zg_000106_000116,playing_piano
LvGxL_tHWQs_000000_000010,playing_saxophone
Icv0jVaxhzs_000006_000016,playing_xylophone
6HTNaNsx1QA_000011_000021,dribbling_basketball
QAtCgZMGW3I_000001_000011,playing_accordion
cec96GGScuc_000042_000052,playing_piano
45-aENaCCE4_000007_000017,ripping_paper
57txm5k63cI_000258_000268,mowing_lawn
NphgIjtOWXE_000382_000392,playing_clarinet
EbmxbihVnOg_000011_000021,dribbling_basketball
11gatdodAnk_000065_000075,playing_harmonica
1ShMiIE0Wnc_000065_000075,singing
6VtgWcmOsbA_000364_000374,laughing
59nxnpWXi5o_000278_000288,playing_clarinet
JbA24pQ_C8o_000099_000109,playing_trombone
VqomkWs4FOM_000001_000011,blowing_out_candles
EUDkjXGzPIw_000131_000141,tap_dancing
YMC7E6iQkDI_000047_000057,playing_drums
MPyjq6TQZRY_000001_000011,playing_bagpipes
V92i3vDoER8_000015_000025,playing_organ
2N-ZF3nSvVc_000074_000084,tapping_guitar
VlON6sHPQFw_000088_000098,playing_harmonica
AYfYEpUbarQ_000102_000112,playing_bagpipes
TrNMNFNWYf0_000067_000077,playing_guitar
Fi3BhONayZM_000010_000020,playing_trombone
RNIDTDicMMk_000150_000160,playing_violin
UMSY_A0ySd0_000069_000079,shuffling_cards
0PUt5XSDGwA_000004_000014,ripping_paper
Mp8LQcZsYPM_000000_000010,blowing_out_candles
B9BG3X2D_Y0_000016_000026,playing_drums
X4gEDWGIyTg_000114_000124,singing
4iQ0IxHmTXY_000000_000010,bowling
HlE_KT6qLy4_000044_000054,blowing_out_candles
VI84LYNQdqM_000119_000129,tap_dancing
IFVvCJp6XAI_000098_000108,singing
gmwPCCxN0tk_000089_000099,tap_dancing
CUpPjM1SfB8_000024_000034,tap_dancing
WxzdBHpjbbE_000053_000063,blowing_nose
_tCljTgQKAQ_000198_000208,playing_clarinet
epzxu4t_VZk_000036_000046,playing_bass_guitar
HcPCgF0ec-g_000004_000014,playing_bagpipes
d6VAMCpDfBo_000014_000024,playing_xylophone
5_CGN0XqnrU_000072_000082,blowing_out_candles
Q7oj3w2NnZw_000009_000019,playing_guitar
CbSBrdzC42Y_000016_000026,dribbling_basketball
-meGt0b1cxk_000002_000012,bowling
IwqyAjydQww_000057_000067,singing
bqLRaZgEyMk_000052_000062,stomping_grapes
3fZ814TWi3k_000049_000059,playing_trumpet
HWEek4z0w-A_000253_000263,singing
R8FSoVqiSnU_000008_000018,playing_clarinet
J4AuMjJntMU_000045_000055,playing_drums
X405Li7VQJU_000012_000022,playing_bagpipes
ZapDWgFY2eg_000074_000084,playing_drums
X91tnZ0eOa4_000103_000113,stomping_grapes
Aj4jl68Q35I_000030_000040,mowing_lawn
a5c1t8kzEJo_000026_000036,playing_trumpet
6Yw2-QZqfIY_000069_000079,playing_guitar
2y4OTO3WpGg_000007_000017,playing_trombone
MbouzVC0XkU_000169_000179,playing_trumpet
52h4hDkP4vY_000110_000120,playing_organ
GCKH5DGXTec_000034_000044,tapping_guitar
_jzaalf_Wg4_000004_000014,playing_xylophone
d-UQr-8UEUY_000069_000079,playing_saxophone
NId8wrHvdWc_000071_000081,singing
CClyuqbIGVo_000002_000012,playing_piano
7lDcX2HEgVw_000083_000093,playing_guitar
D1o1bHcFRhY_000028_000038,playing_bagpipes
OHJnZksK7fE_000010_000020,dribbling_basketball
PmY8upgpmJE_000166_000176,laughing
HWYcSIx3eEg_000105_000115,playing_violin
eHuKtMx1cIQ_000007_000017,blowing_out_candles
bbmGRLXByzE_000009_000019,playing_accordion
65kYPogjdvE_000012_000022,bowling
9ZOtwmI7lFQ_000011_000021,tapping_guitar
8M7axkEO_qE_000213_000223,tap_dancing
cwhkG3LhZO8_000141_000151,playing_guitar
_nzWjo9OLaQ_000346_000356,dribbling_basketball
Fdw3CRJ4_I8_000076_000086,shuffling_cards
E8647dZtVkI_000032_000042,playing_drums
3dgg5f9CyP4_000081_000091,tap_dancing
62IHefGRNPc_000049_000059,bowling
ZyV5RJC1skM_000000_000010,playing_harmonica
h--8vrql_3w_000068_000078,shoveling_snow
SHafaBKuFt8_000010_000020,playing_harmonica
0nPmDM79H0Y_000099_000109,shuffling_cards
LJt1q8LUzRo_000009_000019,singing
bhP0mAjtfO4_000219_000229,playing_clarinet
Eora8ZEBQLM_000189_000199,shuffling_cards
18nlKlwYK7w_000203_000213,tapping_pen
Vi3tDFwU4i8_000024_000034,blowing_out_candles
gkKvwgZyeAw_000127_000137,mowing_lawn
44kfp1GKSBg_000028_000038,dribbling_basketball
UmFFSXs3D9w_000011_000021,blowing_nose
6LZPCdUOx1Y_000171_000181,playing_clarinet
XNb3mfKSZHY_000032_000042,playing_organ
WIwBRnHdz0U_000056_000066,laughing
akGOIVvupUM_000060_000070,tapping_pen
ZQ5Sz9K1Xmk_000131_000141,playing_bass_guitar
aBgF7XXEefg_000031_000041,tap_dancing
XDjRvRpYrK8_000150_000160,playing_saxophone
Bx6dFEalhWM_000028_000038,playing_trumpet
USSThy4ebMQ_000019_000029,stomping_grapes
92X_fmdoNtM_000034_000044,stomping_grapes
VDJgjhA-bBU_000040_000050,playing_clarinet
ASGgrh4bKTQ_000002_000012,ripping_paper
GraKLGSFt4o_000002_000012,mowing_lawn
Tg5jEdwEABM_000014_000024,chopping_wood
gMmRHvme4kE_000070_000080,playing_guitar
cH4tRovqwzU_000597_000607,playing_bass_guitar
b5Fn6CG0CnQ_000013_000023,tapping_pen
DjcVEzLNde4_000005_000015,tapping_guitar
O0bGEtH1xs4_000138_000148,playing_clarinet
_fdLz3hwTtI_000094_000104,playing_organ
Tdbc-_hA3lk_000062_000072,playing_trombone
1ewbovHEWUI_000052_000062,playing_accordion
_cwvOS1ljAs_000155_000165,shoveling_snow
bD-vRBQr9ig_000001_000011,playing_accordion
XbuYzVQ9ADk_000001_000011,blowing_out_candles
c_h-uNPQUBo_000166_000176,playing_bass_guitar
-UlDO6K_3qU_000019_000029,chopping_wood
D8yrwtarRuQ_000004_000014,shuffling_cards
fx-yTniVZIg_000013_000023,blowing_out_candles
WFxU3s9D5MM_000012_000022,playing_trumpet
0EkF51m3Xhw_000128_000138,playing_piano
E8bvowup2x8_000021_000031,tapping_guitar
YGPLVKEvoRM_000044_000054,tap_dancing
EAUJ-S0RWEU_000005_000015,tickling
S0FK4zKfAwQ_000077_000087,playing_piano
h98BbbRhDso_000002_000012,playing_saxophone
RuED175qMHo_000002_000012,blowing_nose
IGzSM_2579k_000138_000148,playing_accordion
BJLSJp3Z2VA_000178_000188,playing_clarinet
4_a5TPjWIwg_000005_000015,shoveling_snow
NM_0cl1pTnc_000159_000169,playing_guitar
IPKUDtlMZdQ_000053_000063,dribbling_basketball
9UI23X46-w8_000013_000023,bowling
ETlc8ADBaLA_000010_000020,bowling
M6c0G9I4p9E_000024_000034,playing_violin
Burjy7C6Ktk_000000_000010,shuffling_cards
XsGWvcQurW4_000002_000012,stomping_grapes
KVO8XVzYLNc_000032_000042,mowing_lawn
gbD7-f7F_EM_000079_000089,playing_bass_guitar
EKP3u_2NOHg_000002_000012,bowling
ShVNvA1hOnw_000000_000010,blowing_nose
GXqCo0-C33c_000034_000044,blowing_out_candles
LMaSv-CW46g_000003_000013,playing_trumpet
2sfsGM-UUk8_000006_000016,playing_drums
7QQ-7L5Hk_c_000118_000128,playing_drums
QeHBDYsGihk_000000_000010,blowing_nose
XD-HmA-aGCo_000009_000019,shoveling_snow
DnmX-bz6R4s_000034_000044,laughing
MSWfFNnNySI_000056_000066,playing_keyboard
-XnNKlTGOqE_000037_000047,mowing_lawn
WfXZvOyqVWQ_000157_000167,dribbling_basketball
C9bH-nDZHVI_000002_000012,shoveling_snow
MEGewTvrbLw_000030_000040,chopping_wood
C6ddCsijS5Q_000032_000042,playing_accordion
VFukqCxqlrg_000098_000108,playing_saxophone
MHu9xnV5j9I_000125_000135,playing_trombone
B4CrXnS_9Qc_000144_000154,playing_guitar
6hp9RDmjcs4_000026_000036,playing_harmonica
SVJ0njlEisI_000000_000010,playing_trumpet
O2wX7CRqvdc_000000_000010,playing_keyboard
BUmZgW3pdh8_000004_000014,ripping_paper
XUmIyCQI7bA_000009_000019,playing_harmonica
UNTImxXUgtM_000015_000025,mowing_lawn
fVNaoxQNtG8_000109_000119,playing_trumpet
ToIdgjI3u4Q_000204_000214,playing_trombone
37R9nR_NBmU_000193_000203,playing_drums
8KDjHJAwzEo_000001_000011,playing_trumpet
81XPbFeBKrE_000031_000041,playing_violin
8Z1Cnv-9c0Q_000120_000130,singing
bvpXAXHu0JY_000014_000024,dribbling_basketball
XPvYhn5Z3vI_000109_000119,singing
e5jzAboeJns_000118_000128,playing_piano
JoVUzVWv5Cw_000031_000041,playing_guitar
eh8cvgkF3pA_000154_000164,playing_trombone
BcUSu9HPhX4_000001_000011,mowing_lawn
6pELoW59vq0_000042_000052,chopping_wood
KosF8wrFPME_000191_000201,playing_organ
HxiIQSPFWf8_000324_000334,playing_bass_guitar
H8cpa1jsvqE_000153_000163,playing_saxophone
E4eXuIU894g_000156_000166,playing_guitar
21hCEyrlePc_000029_000039,playing_accordion
c8TvlOjbrYA_000004_000014,dribbling_basketball
FXSkBa92Fdc_000016_000026,blowing_out_candles
1VLeNY6rk8g_000001_000011,playing_harmonica
0akd4dI4iCk_000016_000026,playing_piano
EKwggAt1iD8_000136_000146,playing_keyboard
Y1en2svvjh4_000098_000108,bowling
7qIGvi2ImPE_000302_000312,playing_drums
LRoaxMsvewE_000031_000041,playing_trumpet
4HFz8Q2DV8I_000011_000021,tickling
YWEae5m49lM_000004_000014,singing
V4IPNj-NqJQ_000004_000014,singing
aPtn-EwM840_000003_000013,playing_trumpet
gD009Epcvh0_000003_000013,dribbling_basketball
Ky7PBJ6tTPk_000003_000013,playing_guitar
3fZBPJGfY1M_000017_000027,playing_xylophone
_kqq7znFYTg_000000_000010,shuffling_cards
devakMeVFW0_000023_000033,ripping_paper
Dn2u1rZT1RA_000248_000258,bowling
XXQX_5M8OSQ_000001_000011,playing_keyboard
UvC-EG54jII_000000_000010,blowing_nose
BC2oTBuHokE_000065_000075,shuffling_cards
2bx8WPp0rno_000002_000012,playing_piano
UEdd0tpTUeQ_000056_000066,playing_piano
0yX4JmEvB3k_000004_000014,playing_harmonica
QNXEGyTtw9c_000306_000316,playing_guitar
NaAOkiJ0B_c_000002_000012,ripping_paper
aNYHPqWM82g_000133_000143,playing_violin
ZH7chcHICqY_000005_000015,shoveling_snow
Uig6605vQA8_000121_000131,singing
FAC2KQ6jOGc_000137_000147,blowing_out_candles
ICytDq-DxDI_000040_000050,mowing_lawn
PvLUyH_XtgM_000147_000157,playing_saxophone
X3sBUNaNrFY_000002_000012,chopping_wood
Fjskj2kio8E_000004_000014,playing_drums
3B2d08zpwck_000007_000017,chopping_wood
VrsmIMu0Zaw_000044_000054,playing_guitar
J4HK1Z36oFM_000010_000020,playing_guitar
XxQKvt5GTos_000089_000099,playing_bass_guitar
UZRGxBAMcRo_000057_000067,tap_dancing
GBSUYEPoaxY_000017_000027,playing_bagpipes
gTCy59ci29s_000011_000021,playing_xylophone
bNEgohjjyYI_000012_000022,ripping_paper
MgQFFzZRudo_000003_000013,shuffling_cards
2wSEVFEaC1k_000049_000059,playing_bagpipes
7DZvpf9OB7A_000099_000109,singing
W6PFzZJZLqQ_000027_000037,playing_trombone
JgGBQqwgn6U_000171_000181,playing_violin
6l7nKrYM1h4_000023_000033,playing_harmonica
ZVyGJNSxy1E_000010_000020,tickling
-qnlkFt5e_w_000015_000025,playing_clarinet
M7GyO5I_4ao_000015_000025,playing_trumpet
PWgAO2da21w_000009_000019,playing_xylophone
4FLq2LFGtEU_000004_000014,singing
LI06uR9Z9Ho_000156_000166,playing_violin
4Gvq-law23Y_000411_000421,tapping_guitar
Fulz2Ypdqus_000164_000174,chopping_wood
SqiN_nbIk5U_000000_000010,playing_guitar
OIPVxsowZy8_000064_000074,playing_guitar
dcd5lATHWFg_000038_000048,singing
11CjBiiv68w_000007_000017,blowing_out_candles
NyRTGcTEtJM_000008_000018,bowling
78UboxGi9hM_000051_000061,singing
Vyy3VX4ELG8_000010_000020,playing_bagpipes
bvUVhct7aSY_000049_000059,dribbling_basketball
WVSV1DlPfDk_000003_000013,playing_trumpet
IUGMVJRB_n4_000042_000052,playing_trombone
IGJZnMwB2Vk_000265_000275,playing_trombone
YZnnd4VO2c0_000091_000101,shoveling_snow
gHGhm4pPCrw_000003_000013,bowling
_dGeQ2MTeDk_000628_000638,playing_trombone
FE69MBNe6d4_000019_000029,playing_trombone
1NVLzNcs1hI_000000_000010,dribbling_basketball
Ji2DmEteshg_000031_000041,playing_violin
b4oJViJ6F-c_000095_000105,playing_harmonica
B8aQnHNNcSU_000178_000188,singing
ILfTIAcdtMI_000000_000010,playing_violin
RtkJCA-fgX4_000027_000037,shoveling_snow
BN3V0eSxBzw_000030_000040,playing_piano
YB6gk1s3DwM_000015_000025,playing_xylophone
8yet4nunVkc_000095_000105,shuffling_cards
FRyP-eiVsEI_000043_000053,playing_guitar
M334JGAiGYA_000023_000033,playing_trumpet
I4u2GFwr5Xk_000052_000062,playing_organ
QWp2s70rfns_000145_000155,stomping_grapes
aXl_GQR02j4_000016_000026,blowing_out_candles
QtpIaBCisto_000064_000074,playing_trombone
FvoNhvUn2MA_000038_000048,shuffling_cards
GWtQFh_kKx8_000000_000010,playing_bagpipes
NPucKnXaA1c_000377_000387,playing_drums
QEyXthpf0CI_000124_000134,playing_saxophone
LaTdnhATVF4_000003_000013,playing_xylophone
6wtyk2BziwI_000045_000055,playing_saxophone
NeahFEAXVFQ_000020_000030,playing_trumpet
WKZVJJ47qKQ_000006_000016,playing_bagpipes
SIUmeM39Pkw_000007_000017,playing_accordion
SfamziVXXYU_000061_000071,tap_dancing
EIVaRm5DdcM_000086_000096,playing_organ
ZgNsXXccETU_000010_000020,dribbling_basketball
DZCPnfHfY04_000004_000014,playing_trombone
-AexE0IVHwE_000040_000050,shoveling_snow
CkVDJeZNmsk_000003_000013,shuffling_cards
ObEjKyo-sTc_000225_000235,playing_guitar
be_I_medG9s_000083_000093,playing_trumpet
GFVDVeTnZ78_000002_000012,playing_piano
JxSxANly_ZE_000107_000117,playing_violin
bnQa4fTLbCE_000008_000018,playing_bagpipes
ay5_bKwQg2o_000006_000016,playing_bass_guitar
drZB7g0JBM4_000208_000218,playing_trumpet
2fuw63nx-O0_000418_000428,playing_guitar
6KNkJmciSTc_001305_001315,playing_bass_guitar
_ivK-sClaBA_000124_000134,playing_accordion
OdEcwTX4DlQ_000003_000013,playing_harmonica
TJH45cYST8g_000042_000052,playing_accordion
93bJoB6v8Nk_000220_000230,playing_violin
IN7WqyKWE_M_000000_000010,playing_accordion
6moo4VtCI7w_000094_000104,playing_saxophone
QsNBAnrG2ik_000000_000010,mowing_lawn
M6Rn_7E6Spc_000004_000014,bowling
BbGQp0sw8WM_000050_000060,tickling
MrRvqblVxK4_000091_000101,playing_trumpet
NKGru2v2QTk_000010_000020,bowling
JzsxS19ZziI_000007_000017,playing_trombone
D47FBlY_r0g_000029_000039,singing
Y_dtU10XIsg_000001_000011,shoveling_snow
OfIXwoYsJro_000037_000047,dribbling_basketball
Dzpp-DieLME_000303_000313,playing_guitar
ZCDgCncqWYw_000014_000024,playing_saxophone
O5VWBLfZtus_000164_000174,playing_accordion
7D0nUFUzqoI_000014_000024,dribbling_basketball
Vltj6c3sY6w_000001_000011,bowling
5Dt4a1EcROw_000002_000012,playing_trombone
MIy-apaF9dM_000278_000288,stomping_grapes
4wsVfw1Pxrw_000106_000116,singing
gYqcHc8oCKc_000006_000016,playing_trombone
3rykeu3zz_4_000020_000030,shuffling_cards
JaRpLEniOMY_000152_000162,playing_clarinet
Qu_GGLF_NBA_000053_000063,playing_harmonica
-m4lDw7atUE_000085_000095,tap_dancing
QrG7P1FHgrg_000007_000017,shoveling_snow
EupZmBe0wwE_000019_000029,playing_accordion
7QxUtHqQdbY_000006_000016,chopping_wood
Yo9wgAnGiys_000003_000013,playing_harmonica
BPHSoFHwGBA_000002_000012,ripping_paper
cHwK2yG8Dx4_000006_000016,blowing_out_candles
TmRHJhNoNPQ_000036_000046,playing_trombone
UqSs52P3fFI_000102_000112,shuffling_cards
0a_1cJMYtxo_000126_000136,tap_dancing
5QhwwIxafHc_000004_000014,shoveling_snow
NRwXTadPCjs_000000_000010,playing_harmonica
YDR2bq8LCeQ_000147_000157,laughing
LAbzDJZtSvQ_000062_000072,chopping_wood
Dp-daswwy78_000176_000186,singing
61D6pdxxszE_000003_000013,playing_violin
QnUEMKd89O0_000344_000354,stomping_grapes
Ck9z1T5EK-8_000004_000014,dribbling_basketball
flltscWmbLA_000035_000045,tickling
1nTVDSyIKoc_000004_000014,shuffling_cards
aP54kLGWBns_000114_000124,tap_dancing
LMlXUfYXSPY_000219_000229,playing_clarinet
UdVxd1A-5ko_000228_000238,playing_clarinet
O6MbrlTasi8_000027_000037,laughing
aEOmifN5mi8_000033_000043,playing_saxophone
UWwzG_-iaN8_000118_000128,playing_trombone
HJuRlzD60Vk_000009_000019,dribbling_basketball
P9T3s515gcw_000018_000028,singing
8vAug2BQlJY_000019_000029,playing_violin
1v7duyDoz4U_000149_000159,playing_organ
Jsv6shGSlEc_000000_000010,playing_drums
MJgDCml8jnA_000004_000014,mowing_lawn
QU-JiilTLYo_000060_000070,tap_dancing
WE_Ed0WfQ34_000008_000018,playing_trombone
-4rho9cuCfk_000014_000024,playing_bass_guitar
OvbjVAkGb14_000000_000010,playing_saxophone
JOg5RI3J3Zg_000002_000012,playing_trumpet
axuwmwm3w7c_000026_000036,playing_drums
56iFFnV4TlE_000106_000116,tapping_guitar
FVBFGjbv2qg_000002_000012,singing
C1N2uTcFKCk_000007_000017,singing
F4fAw3gJ1rE_000000_000010,bowling
3Ynu3_4MPcs_000000_000010,bowling
M0OZtpkytTU_000098_000108,playing_bass_guitar
1049Y7NnN5E_000216_000226,playing_accordion
QpocLdEDDxI_000000_000010,playing_xylophone
aQTLyh9dr34_000032_000042,blowing_nose
cy04dxYQxEk_000129_000139,playing_piano
JCECVafiM3g_000100_000110,playing_bass_guitar
WS-uImjzrOQ_000053_000063,ripping_paper
DpAGj_KXfH4_000012_000022,mowing_lawn
Ny_OcnRs5Zk_000042_000052,playing_trumpet
Y0A7UwbhgDc_000043_000053,blowing_out_candles
JmVCcH5mgN0_000002_000012,mowing_lawn
FmhOAH0DDnk_000042_000052,playing_trombone
7X9inwquOAk_000144_000154,tap_dancing
4U8yrfflOPY_000156_000166,playing_harmonica
WqjtgNMu_AA_000144_000154,singing
FNTQ4qXKzp4_000184_000194,playing_bass_guitar
Fyi7pbkKk7w_000089_000099,chopping_wood
JbBn2o-w4-s_000025_000035,playing_violin
Gbkr6xiCaPU_000002_000012,dribbling_basketball
MiBQmumbuUc_000067_000077,playing_drums
3k5f0Ufx_HE_000001_000011,playing_piano
dZ3wQxyH1n0_000001_000011,chopping_wood
d-GUI8STteU_000117_000127,playing_trumpet
V7dVKw3f70I_000056_000066,playing_bagpipes
L3Kdo6NQ5lg_000000_000010,dribbling_basketball
SaXCVZHE_Jc_000016_000026,tapping_guitar
8bSCVzFXjzk_000083_000093,mowing_lawn
hDo1su9q1a4_000008_000018,playing_xylophone
LNFuiidg9lE_000029_000039,bowling
VxFA5Cbp6yU_000015_000025,blowing_out_candles
P9wOBqptlQY_000364_000374,laughing
MjPXldxxEd8_000044_000054,tap_dancing
8L-G92dnLsM_000094_000104,ripping_paper
aE-B_WKLVLA_000171_000181,playing_bass_guitar
aYMvKWEEu_M_000056_000066,playing_clarinet
eFw4b7k9RtI_000049_000059,bowling
S5p5T4JIuqU_000144_000154,bowling
CrE82KNvr8A_000000_000010,playing_guitar
WxRebea26fc_000016_000026,playing_trumpet
acbF4yM7C84_000106_000116,playing_trombone
0A2YItbXud4_000069_000079,stomping_grapes
Sg6NjY7XfI4_000034_000044,playing_trombone
S2EmBEcJ9k0_000084_000094,tap_dancing
X3hS6FYQvLo_000008_000018,bowling
gL-fTaOPglc_000081_000091,tapping_pen
3kTIS15oa7o_000001_000011,chopping_wood
0SIhZADDVa4_000002_000012,bowling
BwAvB8fcwN4_000133_000143,stomping_grapes
hI5arzbL2Is_000024_000034,playing_violin
dwef0EBTP1U_000037_000047,playing_violin
_6vme8H2ADk_000400_000410,mowing_lawn
KsqKk0xQP7Y_000008_000018,playing_saxophone
faLdasrdA9o_000046_000056,singing
TELqMzEJs4c_000010_000020,blowing_nose
3BKcELGsOPs_000006_000016,playing_guitar
L9dvraK9Vig_000236_000246,playing_bass_guitar
NuWc-t6cAgc_000128_000138,singing
QJpGYSbZTEM_000033_000043,dribbling_basketball
OCl-uf6lq50_000001_000011,playing_trombone
D-iZe8UZQwQ_000017_000027,chopping_wood
JJ4pFFjzHgk_000153_000163,playing_keyboard
YIQhNJ6OZLw_000053_000063,playing_saxophone
EbH3HJvh2N0_000116_000126,playing_clarinet
Xm8X10dlxzk_000052_000062,blowing_out_candles
MdG8_fptXFg_000053_000063,singing
5bKIn4J9qTg_000030_000040,singing
LE1BhT6Iuwk_000050_000060,shoveling_snow
DpzdCATTKxY_000025_000035,playing_bagpipes
Rl_oI_Db4N4_000026_000036,playing_xylophone
_syMGUC0Q6g_000105_000115,singing
g0qiGTFhlwY_000316_000326,tap_dancing
Ek6RrOd99mU_000004_000014,playing_harmonica
bvuLOrArD-k_000046_000056,tapping_pen
7oYUhdeN8YY_000050_000060,playing_guitar
2DOgZo0qMnU_000071_000081,singing
gyDn900HY5w_000003_000013,chopping_wood
6fJMU1cS7I8_000278_000288,playing_piano
CfFYHnUBccA_000015_000025,playing_drums
6y43PS60npI_000039_000049,playing_organ
Vl4s8SaNqh4_000646_000656,playing_bass_guitar
AgWxUipUYjA_000077_000087,tap_dancing
QZsaR6-yt2w_000037_000047,playing_keyboard
50ztbIHfjnQ_000166_000176,playing_drums
ekYt5_KAk4I_000035_000045,playing_xylophone
9QPuQTAkqog_000003_000013,bowling
cWPXYH86KaQ_000017_000027,tap_dancing
WNgaPELvSxw_000178_000188,playing_bass_guitar
SqEMrzVTE_Q_000016_000026,playing_violin
UcnZ52BYCl4_000074_000084,playing_trombone
brwnamY1OeA_000103_000113,playing_accordion
bepP7E1-WHo_000000_000010,playing_organ
CbnLOFjppCY_000042_000052,playing_bass_guitar
B81Dzk3rGrI_000005_000015,playing_bagpipes
Xgzs1wigyfM_000000_000010,playing_accordion
2jNw4_4rbW4_000025_000035,dribbling_basketball
LwrI1xnMPqI_000019_000029,ripping_paper
YSSorq4GKSI_000002_000012,playing_harmonica
DZ5QFUHkbVs_000054_000064,singing
YdzO6M0wBnk_000023_000033,playing_guitar
Dp3TXmpVbVA_000039_000049,playing_xylophone
B1hngB2K2ec_000000_000010,playing_trumpet
0lokxRagYiE_000009_000019,shuffling_cards
DynDIVXjd3I_000165_000175,playing_bass_guitar
Mi3STjmjQRs_000300_000310,dribbling_basketball
T0tp5iSw_5c_000155_000165,playing_bass_guitar
XpNkWEvQMcg_000119_000129,playing_guitar
dUe5l2wKwN8_000084_000094,tap_dancing
Jbi8xl02M80_000004_000014,playing_harmonica
-AmEU3mZ4-Y_000156_000166,playing_organ
7LcSm6Gaigc_000082_000092,laughing
2x1yVX2-kis_000035_000045,playing_guitar
QtuH5kxj_aE_000029_000039,playing_organ
8E0qvo1Jfm8_000273_000283,playing_bass_guitar
BRLTXlV94Po_000044_000054,playing_bass_guitar
7MDqYIfYslE_000028_000038,playing_trumpet
3DDo37BcChI_000139_000149,chopping_wood
WM2Cyu_469s_000049_000059,shuffling_cards
CbqwEmht4BQ_000000_000010,playing_trumpet
A3waLm5ig50_000097_000107,tap_dancing
UdsCqRQpSTA_000045_000055,playing_drums
9w7z1OScQH8_000000_000010,playing_trumpet
aWsI7j1mxGE_000013_000023,playing_clarinet
4E-a5spJbRU_000120_000130,playing_guitar
_OMEx2mGrXk_000013_000023,laughing
Tp8b8HSA_tY_000119_000129,dribbling_basketball
2EhofjljALY_000004_000014,shoveling_snow
USbusSDZWLY_000012_000022,blowing_nose
RkLuil5XndM_000001_000011,playing_organ
EejClzAfLd4_000046_000056,playing_harmonica
KhpJo3OW07E_000080_000090,playing_violin
Sky9FzmTQW4_000019_000029,shoveling_snow
EFAurIEhAdE_000051_000061,laughing
LOAzUCpZAYI_000062_000072,playing_drums
LmNbXJjEgI0_000025_000035,singing
eSzMw-cQg7I_000227_000237,tapping_pen
PMhDe8ukBcg_000117_000127,tap_dancing
b54FAfHqRag_000112_000122,playing_trumpet
AjjdF6tBpCQ_000026_000036,singing
UIwFEaLr8Xk_000039_000049,playing_saxophone
bqNOUfmqz5A_000095_000105,playing_accordion
T7y8-r8kSG4_001506_001516,playing_clarinet
TdZuK9QKeK4_000315_000325,laughing
K0fzFGDYCXg_000004_000014,mowing_lawn
acAvelBncaM_000004_000014,playing_trumpet
RAHwDJ5PyoY_000002_000012,mowing_lawn
5GML5p3dQxE_000007_000017,playing_piano
BoDTMSuY6pg_000008_000018,tap_dancing
3PtA5Z5PGYo_000098_000108,playing_trombone
ew_5tP92ewM_000024_000034,playing_keyboard
RSMVlsFfWGA_000000_000010,bowling
cq33ThZ4CBU_000095_000105,playing_accordion
6yZca5AKy0c_000001_000011,playing_trombone
77GsB3bt5Rs_000017_000027,playing_organ
1u3YvnY8-G8_000193_000203,singing
Xe7qGTvdvPA_000041_000051,playing_harmonica
UpQf2HR6i-M_000000_000010,dribbling_basketball
S94XN7Prmu0_000026_000036,playing_accordion
2tGieanN5JQ_000070_000080,playing_guitar
NmPamWoIFIc_000042_000052,playing_organ
JD0l1FP-al8_000032_000042,playing_clarinet
2TFZDZX1oXw_000164_000174,singing
dLq6TZggZxs_000151_000161,playing_bass_guitar
4ysoD3rkR8o_000004_000014,blowing_out_candles
N7OneNT-8Jo_000050_000060,bowling
C1WmHGv47I4_000116_000126,playing_organ
1mxeMea9P3E_000127_000137,playing_bass_guitar
8moA1LvS3bY_000206_000216,tapping_pen
GI8gZar0XQw_000002_000012,playing_xylophone
LIaIRSqK8EE_000058_000068,playing_drums
NAdsmXiIL_M_000131_000141,playing_trumpet
MgN9sWnOdCQ_000017_000027,tickling
DcVxoVT0Rzg_000054_000064,playing_bagpipes
RztRl2hUSSA_000068_000078,playing_harmonica
-h2phUhlpuc_000066_000076,playing_piano
4NsVZddr4qo_000014_000024,dribbling_basketball
Nj_OgwSZDRo_000029_000039,playing_saxophone
a27PXkZVEsg_000000_000010,blowing_nose
VFuNmCDYy8U_000056_000066,playing_harmonica
eE2vS8DahRk_000083_000093,tap_dancing
YAxPBEATqKA_000051_000061,playing_trumpet
E0nk8707lUg_000032_000042,ripping_paper
Qxtm69Qe6tY_000065_000075,playing_organ
1w14ExFWs_U_000629_000639,playing_trombone
1TZJqNJ4YtE_000947_000957,laughing
D7URTg7KuMw_000008_000018,dribbling_basketball
5iWUDilbk0U_000001_000011,dribbling_basketball
eMeZXTwRbBY_000005_000015,playing_clarinet
YiRjn6hJRhU_000142_000152,playing_drums
-mzoZE0oQE8_000005_000015,playing_saxophone
EUgoGCZEYTk_000004_000014,shuffling_cards
8X5qMCvw-4c_000081_000091,shuffling_cards
HGwKHIn6pas_000016_000026,playing_saxophone
ApF5ogdJm9c_000011_000021,tapping_guitar
EBHttwpqUuQ_000087_000097,stomping_grapes
9D_O5ynEU9U_000173_000183,playing_clarinet
4H_ENXq4WLU_000025_000035,playing_accordion
DZqVPG7irMY_000035_000045,tapping_guitar
TAUQp7y-XW8_000001_000011,blowing_out_candles
PTCyxWbuGPk_000051_000061,singing
aPYL-SerV4Y_000071_000081,playing_violin
SpxECUHOUsQ_000015_000025,tapping_pen
ZbduW7E8Rh0_000107_000117,playing_bass_guitar
DFx7gGxM-so_000000_000010,shoveling_snow
NPnNEXA0ICw_000080_000090,playing_keyboard
_JXG2wAZkYs_000002_000012,chopping_wood
AK-IhDLs-M0_000000_000010,bowling
96yxziN0B38_000063_000073,playing_bass_guitar
8oWzmFNRB-c_000062_000072,singing
XrNJmVO4Pvo_000095_000105,playing_drums
aVc2gdWZz9Q_000388_000398,bowling
Q50R8QIKFLg_000050_000060,mowing_lawn
_YZfAJDYeOk_000016_000026,playing_bagpipes
5IIvbUby7Lg_000025_000035,dribbling_basketball
F6gPWc_AWVM_000125_000135,playing_guitar
99_5Q4q3qlU_000024_000034,playing_trombone
ZRfE7qxHse8_000009_000019,shuffling_cards
5NofKxD8Ulc_000009_000019,playing_keyboard
AzhFe9TUTGc_000032_000042,playing_keyboard
C-CWcmVlFcg_000002_000012,tapping_guitar
Egvf9PTuCsM_000025_000035,playing_saxophone
CvrZ4Ed3h6M_000015_000025,laughing
Lw4NuGuILLg_000026_000036,playing_trombone
YS5oFfpO78k_000257_000267,tap_dancing
GpksHGuKky8_000027_000037,playing_harmonica
FqVkFgb4xTc_000007_000017,playing_piano
Qqy2qT6UVe0_000009_000019,blowing_out_candles
_hkngjEgHgk_000137_000147,playing_violin
KZrdyKrTzmI_000097_000107,dribbling_basketball
GS640bvPXLs_000019_000029,stomping_grapes
Pmcwse0pX7I_000158_000168,playing_guitar
Qy1h0MTJBoE_000290_000300,playing_clarinet
MuZQQDEptco_000000_000010,singing
He_P8eIjblY_000038_000048,chopping_wood
SPnsLJKfWwo_000038_000048,playing_organ
WWNJWOX5TaQ_000011_000021,chopping_wood
EfgbqHmvczc_000158_000168,playing_keyboard
BaEx0qmyJks_000043_000053,playing_accordion
XvF93o_YNhg_000001_000011,playing_bagpipes
JPBrA3sV90A_000093_000103,playing_xylophone
AZTNjXxYnoc_000109_000119,playing_accordion
E66IFPw1tbk_000016_000026,singing
3r-x7uoVtdA_000024_000034,playing_bagpipes
-wnlQz8oACI_000025_000035,playing_guitar
bwY9Qn3YoJE_000030_000040,playing_accordion
LfcWc9rZPKM_000020_000030,blowing_out_candles
Nj6_t2pwvlA_000067_000077,shuffling_cards
YwQmTKmY3EU_000288_000298,playing_keyboard
Vh3exqsGM5U_000015_000025,chopping_wood
N187pLKo7Z4_000000_000010,playing_xylophone
XtJo-DLywW0_000001_000011,playing_saxophone
BTEFpwYubGc_000028_000038,playing_guitar
aKB-g4824jE_000002_000012,shuffling_cards
R0ydleegpvc_000051_000061,playing_clarinet
fkAZlLM6QiY_000050_000060,playing_keyboard
fZkhIUtlllQ_000003_000013,singing
ZMTnhDr8Wa4_000003_000013,chopping_wood
BWTYnMA8qPY_000017_000027,playing_piano
3Qrhe5dwTtk_000009_000019,blowing_out_candles
94uB7OHGh9w_000069_000079,tapping_guitar
P2y_ZBl-xDQ_000118_000128,ripping_paper
-_Oh2h4KoDQ_000153_000163,playing_trombone
R2lExzLXi-A_000001_000011,playing_trumpet
DFOoFr2H-24_000038_000048,playing_saxophone
YMcgGPeBDZM_000107_000117,dribbling_basketball
T8AI9yY4ZrU_000179_000189,tapping_pen
DPbd84JqxPM_000261_000271,singing
GH5oIqFabQ8_000012_000022,dribbling_basketball
CF_reoL3vvI_000136_000146,playing_guitar
cED7usYNMFc_000011_000021,playing_guitar
GznHF8rdyjU_000107_000117,playing_drums
A5nEY41R85U_000142_000152,playing_drums
N_PIb5T-BbE_000031_000041,playing_piano
8dQZj1uqvNY_000003_000013,blowing_out_candles
FZh5Rm7gRTk_000220_000230,playing_bagpipes
NvdeHF2C8qY_000005_000015,mowing_lawn
0aH-yGW_NyM_000155_000165,dribbling_basketball
G5EDS_WjL-U_000010_000020,playing_bagpipes
g5iXv74YQb0_000005_000015,playing_keyboard
WkgtFUFLrn8_000457_000467,playing_bass_guitar
TtU-Yk_SWmY_000042_000052,shoveling_snow
RnsCDM_uIW8_000402_000412,playing_guitar
MRNnRKbonrU_000076_000086,playing_trombone
_wI9jocOID0_000034_000044,playing_bagpipes
BbfMNkEhfCc_000046_000056,tapping_guitar
LmvPmY9qzSg_000013_000023,dribbling_basketball
DN61pO94y-o_000021_000031,mowing_lawn
3UNoQvms61o_000201_000211,tapping_pen
dlIpdUyw2Sk_000031_000041,playing_saxophone
BglwfzTL_HM_000080_000090,playing_violin
FT-C4F7qZKU_000022_000032,playing_bass_guitar
Coh1kwFMYUg_000000_000010,chopping_wood
SwOMLcEFL4w_000062_000072,playing_accordion
ZuHrt_SKUHQ_000001_000011,dribbling_basketball
dWomNes9gy4_000033_000043,playing_trombone
L32oO0IMes8_000026_000036,playing_accordion
MRTggpaBR6o_000197_000207,singing
NNB4ecXC3AA_000026_000036,blowing_nose
b1iiV-ATP50_000098_000108,tickling
QDRL7H8B1RA_000168_000178,playing_clarinet
citUM4CuVqs_000003_000013,playing_harmonica
U8fnPonV8_E_000022_000032,playing_clarinet
Ct3us_cylBA_000033_000043,dribbling_basketball
VtcdkI3AZkM_000043_000053,shoveling_snow
PJrWSRA_aHU_000003_000013,blowing_out_candles
_487RPwTq8I_000040_000050,playing_bagpipes
8NctRLDABWY_000003_000013,shuffling_cards
L2ydtbr8F_w_000139_000149,playing_trombone
7BYJF3c_gxc_000207_000217,singing
YfAeUTQ4k1M_000048_000058,dribbling_basketball
MEMv-lD5Rcg_000054_000064,dribbling_basketball
df4hM5igvN0_000010_000020,dribbling_basketball
VAoQysUei14_000019_000029,tap_dancing
HLcb0-9Av8w_000003_000013,ripping_paper
KwJdAZP1bj8_000024_000034,shoveling_snow
4XGCy9qV9Ng_000004_000014,playing_xylophone
NhCFBBEo6yk_000138_000148,playing_accordion
dMpvv8In6ZI_000023_000033,playing_drums
KF7eRvsxViQ_000033_000043,tap_dancing
-i5p-3d7kFs_000097_000107,playing_violin
GJbNlyk8zLw_000091_000101,playing_xylophone
Vkzm8xIa3f0_000026_000036,mowing_lawn
OWFt5RQfzPk_000049_000059,chopping_wood
2dHD_8uy668_000044_000054,playing_trombone
HimvUHuBSxo_000003_000013,playing_clarinet
WOLIp7I5loU_000178_000188,singing
KgijKALr2-M_000017_000027,playing_xylophone
PsIhAbNJD48_000014_000024,playing_bagpipes
GaxrroZZIuo_000008_000018,playing_harmonica
1DJfEcp0xVo_000061_000071,tapping_pen
bQNjh83Z4bE_000088_000098,playing_guitar
RbD5VUjCXKs_000064_000074,playing_guitar
c8eNuvwFM9U_000065_000075,shuffling_cards
5PBaW_Rb6xI_000008_000018,playing_xylophone
caK7OQapZds_000001_000011,bowling
TM1C9YAndcA_000005_000015,dribbling_basketball
XWympg3NUqo_000017_000027,dribbling_basketball
ESBrsRPZQhA_000006_000016,laughing
axu680ag7x4_000074_000084,playing_drums
YAnlQ2VtggQ_000225_000235,playing_violin
4MKlr_YOhHc_000004_000014,mowing_lawn
BZkchnDjOSM_000011_000021,singing
UjNu6jujsxo_000004_000014,blowing_nose
efGxUAkM_VI_000003_000013,playing_trombone
XtbNkLzI4Sg_000023_000033,playing_guitar
SvVB2baGMOw_000714_000724,bowling
3--ymKXT23A_000056_000066,playing_violin
9RJ3ff5xKgo_000039_000049,blowing_out_candles
Z7WwfSPWACM_000007_000017,dribbling_basketball
J10PBLfa6Ak_000072_000082,mowing_lawn
I-UTH0_ay7o_000001_000011,bowling
eyARuI_0SE0_000055_000065,playing_trombone
S3rwTFtw4Cg_000001_000011,playing_accordion
ExXsnxn-ZdY_000045_000055,playing_xylophone
0Rx5_IEmzpo_000157_000167,tap_dancing
SEZjAgG_POU_000007_000017,playing_harmonica
fVPOqWYYF1o_000159_000169,playing_clarinet
EviN8cA-8bo_000077_000087,chopping_wood
7hjMUmovloY_000007_000017,playing_trumpet
dEDuD5YJB8U_000017_000027,playing_trumpet
bBbhZip2d1A_000032_000042,tapping_pen
ghwWs2mBIXk_000012_000022,tap_dancing
emviHvmr7jY_000070_000080,playing_violin
g2XjovUGzDE_000013_000023,chopping_wood
TgPAe3q_vxI_000087_000097,chopping_wood
Tc07vDEymmk_000003_000013,shuffling_cards
7u3sXowwScw_000090_000100,dribbling_basketball
HdZzNWkD3ac_000024_000034,blowing_nose
aj1ole7T9hc_000000_000010,mowing_lawn
CB00Rbwn3eo_000283_000293,playing_organ
YI4tfBNFk1g_000194_000204,tapping_pen
MRpGn_0JxXo_000004_000014,bowling
AQKBSHQcHd8_000003_000013,playing_violin
RVwQ_LawAgw_001159_001169,playing_drums
5-kzWlJzY7A_000264_000274,playing_clarinet
WowgEJw_B2k_000285_000295,playing_guitar
MuuI9klkU3M_000020_000030,playing_violin
5iLiWxhpiRc_000006_000016,playing_violin
BMLsWz06M-I_000064_000074,laughing
798a8chijXE_000033_000043,laughing
USoWTkgBrGw_000001_000011,playing_violin
08ABNmlzJT8_000000_000010,mowing_lawn
eC0qNDJ-tjo_000005_000015,tapping_guitar
9URaIMxJDQs_000003_000013,chopping_wood
BlNmR14rFbc_000015_000025,shoveling_snow
0itpHjBcLTc_000423_000433,playing_bass_guitar
a5dQSd5LzQc_000034_000044,playing_trumpet
1AIHtVPXnfo_000198_000208,bowling
Vy5qYL_S1Ms_000001_000011,playing_accordion
bMRHHcaoYa0_000016_000026,mowing_lawn
2cEXlv0hrOg_000063_000073,playing_guitar
VsHTJC16GU8_000304_000314,playing_trombone
AelDrRV4ZPQ_000250_000260,singing
Gju8FXQ_3Qk_000052_000062,playing_trombone
1oSuGexwRc0_000041_000051,singing
g_eIZUJvGDE_000015_000025,shuffling_cards
_tDLXB0CzrQ_000143_000153,laughing
05_4O4OektI_000090_000100,playing_trumpet
Miv1xOFBDPE_000001_000011,playing_harmonica
3GCj9OvjpiI_000000_000010,singing
dz2eclxejMA_000037_000047,dribbling_basketball
C1HqPL8g_s4_000356_000366,playing_clarinet
KL4mtqaHnJA_000005_000015,blowing_nose
dpn4T5LfMSU_000051_000061,mowing_lawn
a-hz-qeaLvA_000013_000023,chopping_wood
DLd0h01BF70_000064_000074,bowling
eKkrfYOZ9Bo_000010_000020,playing_saxophone
aSQpqWtIcbE_000033_000043,shoveling_snow
G7uioYfBMx4_000022_000032,shoveling_snow
FeIHKMcsC7k_000069_000079,tap_dancing
M09DJdiWvFU_000369_000379,playing_clarinet
A4kSdjovX64_000040_000050,bowling
Fgdu-RIqcAY_000058_000068,playing_bass_guitar
eyMS0yAeimE_000051_000061,playing_bagpipes
CNE_1ReQYq0_000001_000011,blowing_out_candles
1ixinlJHykc_000028_000038,playing_trumpet
8dDqH1KJBOg_000082_000092,laughing
MJStu4dmkn4_000115_000125,playing_harmonica
6HnMaKdn79k_000167_000177,playing_trombone
Kh0-HM4pilc_000113_000123,playing_keyboard
VYk2w4_xXC8_000009_000019,playing_accordion
3LlU-QxDrBU_000002_000012,blowing_out_candles
0WGZZbwNbME_000043_000053,blowing_out_candles
WU9-sKhO134_000019_000029,tapping_pen
RYUpphz0upw_000080_000090,bowling
SvH2CG30Hl4_000005_000015,playing_drums
IvKNKFTHdcU_000005_000015,singing
0W18Y8MMyLo_000085_000095,chopping_wood
gxu6RtrkUKY_000047_000057,laughing
UWALE6npoxg_000046_000056,playing_keyboard
5nZYNUuLPPY_000055_000065,mowing_lawn
MZNpdXr-g5A_000010_000020,playing_saxophone
eGmRh_nAcqM_000030_000040,laughing
7mjt_UoWqhE_000000_000010,playing_trumpet
ZaBW5WWbTsQ_000078_000088,playing_guitar
JOy22lp1Blg_000103_000113,stomping_grapes
cFH8r9mS7l8_000224_000234,tapping_guitar
XHi-n8IFrjQ_000026_000036,playing_accordion
Wm_pOLUGyGM_001184_001194,singing
G4HxSgx6C00_000084_000094,playing_violin
IeKf1cXO6mk_000004_000014,mowing_lawn
0akw3bNrcmQ_000001_000011,playing_piano
g6mYEEj7xX0_000002_000012,playing_bagpipes
L3GIuD9Wg0I_000016_000026,playing_trombone
D2uOHiRs5kQ_000004_000014,playing_trumpet
ATTbXo2ts8I_000001_000011,playing_keyboard
Nan1ukJT5n0_000011_000021,playing_organ
AVs-0hVgUi0_000058_000068,playing_guitar
TWlzvmkDaRs_000149_000159,playing_accordion
fZBIDl5rKTk_000025_000035,shoveling_snow
QdKaGNVCmuE_000012_000022,blowing_out_candles
_78qbIgoWM8_000259_000269,stomping_grapes
_o3lX6Qjx9c_000159_000169,tapping_guitar
QDn-nBDouPw_000020_000030,playing_harmonica
KCR4Jb0egZc_000003_000013,chopping_wood
e18YdAXKwms_000268_000278,singing
IhRkgDB1Suw_000001_000011,chopping_wood
a3ElG2aNI34_000031_000041,tapping_guitar
EIcNff8FxWY_000012_000022,tap_dancing
GpVBBYyI4MI_000015_000025,playing_bagpipes
-N3OFaiPi1w_000018_000028,tapping_guitar
N4daagpgcGc_000135_000145,playing_trumpet
IDgAG1JslBA_000033_000043,laughing
S3at8EimBIA_000004_000014,bowling
afHIjwSRhdc_000004_000014,playing_trombone
05qtilDUZ5s_000024_000034,playing_xylophone
Y4nB2nfjkp0_000008_000018,playing_bagpipes
SXzlyxPTPlA_000013_000023,playing_trumpet
arGG0kirK_Y_000031_000041,playing_clarinet
IgM-pFO08k8_000012_000022,stomping_grapes
KFFcOT3t6XM_000007_000017,shoveling_snow
drrHIM_IJ8I_000723_000733,playing_clarinet
9s0T94ArmEk_000032_000042,playing_piano
2KHrA4D4tTA_000059_000069,playing_trombone
K-Ey0wKJvDw_000002_000012,playing_bagpipes
MVCKPP3i2bQ_000543_000553,playing_organ
QU5ob3jumsI_000034_000044,singing
Fqp-hPY-zJg_000009_000019,playing_harmonica
J_jr6JQbf1I_000130_000140,playing_drums
Jx-qGCSD0ZA_000000_000010,singing
2PxSF5ClPvM_000020_000030,blowing_out_candles
ACFT83RGF7g_000026_000036,playing_harmonica
YcOxo04OXSo_000011_000021,playing_trumpet
7B8rIljPzQM_000162_000172,playing_saxophone
Y1dWTo1K0Mk_000003_000013,mowing_lawn
ILvjowRlmfY_000021_000031,playing_guitar
B0sXYJeZ8Xk_000045_000055,mowing_lawn
735X3VS9NU4_000039_000049,shoveling_snow
6QWskfIhebs_000044_000054,blowing_nose
3BowOUQVDsM_000312_000322,playing_clarinet
QJxNebcP3-k_000070_000080,playing_bass_guitar
FIA8LFn1HBU_000086_000096,playing_bass_guitar
G3kKTrl2_3Q_000003_000013,mowing_lawn
Cz6lencLOGQ_000042_000052,playing_clarinet
BAvakFWsG8I_000006_000016,playing_trombone
DhzWgBzaV40_000342_000352,shoveling_snow
Z2IM0AHbF0o_000005_000015,playing_harmonica
32aX4kDLqik_000001_000011,playing_keyboard
LGEnvN4d6lU_000007_000017,blowing_out_candles
D9G1P15x3bQ_000000_000010,playing_saxophone
BPCKvYGAziE_000037_000047,playing_clarinet
UiakgBgQiMo_000031_000041,shoveling_snow
NRcglfNvA4E_000001_000011,mowing_lawn
PIVg6sJddJA_000066_000076,singing
bBX_p9oY8vo_000280_000290,playing_saxophone
gUpgdYz_Fo8_000551_000561,playing_clarinet
DJS_82h8BFc_000011_000021,blowing_nose
VF3M7IOzCnQ_000050_000060,tap_dancing
eExO2Vb5xt4_000093_000103,shuffling_cards
BlHndPUBJWI_000038_000048,playing_violin
a--pJcjIH-A_000006_000016,ripping_paper
CIR0Io5mDUQ_000115_000125,bowling
LkWbqiebS_A_000100_000110,ripping_paper
MxnCFTVHxsU_000121_000131,playing_guitar
_aiAa1h-v20_000001_000011,playing_piano
7TatfBKtfrc_000015_000025,playing_xylophone
L_Afhx0pyQI_000019_000029,blowing_out_candles
QjBlokofbdY_000027_000037,stomping_grapes
dkBYN6otb2A_000002_000012,chopping_wood
KbrBdFrjcTM_000158_000168,playing_guitar
ORzZMoPSS34_000002_000012,tapping_guitar
ZJRKLqdqd4E_000001_000011,blowing_nose
d0PiN_5fvZc_000132_000142,bowling
U-LFtHGXM30_000116_000126,tapping_pen
LO1BP_9vtnk_000027_000037,playing_drums
gQVlybUWcWQ_000024_000034,tickling
FBhMkktT8rw_000021_000031,bowling
T6cfcIBL8cI_000327_000337,playing_accordion
RDMiTcEeO-U_000007_000017,playing_violin
PmksaNE4pGo_000002_000012,shuffling_cards
WhgZuBeBaXg_000024_000034,tapping_pen
MRIcW9xF4AM_000300_000310,playing_guitar
cOKa0beYoWA_000177_000187,playing_accordion
69EjBVmJ5IY_000028_000038,singing
M6Bug-0VKGs_000054_000064,playing_bagpipes
5QZPIN20hbk_000006_000016,playing_xylophone
efNs-Xb701w_000375_000385,playing_violin
Brynm1IbIME_000042_000052,playing_harmonica
R8GRhp6OwDc_000155_000165,playing_trombone
1iwnC17MbD4_000472_000482,shoveling_snow
MR8g7jk45WQ_000013_000023,mowing_lawn
P74zC1ouiM4_000039_000049,tapping_pen
Y6DU2rJQmuk_000000_000010,playing_harmonica
cWpWgMArkRE_000020_000030,tapping_guitar
8MfvAxJMPLw_000047_000057,chopping_wood
ARqKIw3vV3E_000343_000353,playing_clarinet
KY0J-_eBBVk_000026_000036,ripping_paper
bDcUoFDgxi4_000003_000013,bowling
4_XrMlpII6g_000134_000144,singing
ar_G9Goi-TI_000046_000056,playing_drums
_x3idas_eJM_000051_000061,playing_saxophone
-LgzJAo3xn8_000017_000027,playing_harmonica
XhwO1mu8il4_000027_000037,tap_dancing
WBQ5KeJzzwg_000049_000059,playing_trombone
6u0D0gJuraA_000087_000097,singing
BbruBex2kTA_000353_000363,shoveling_snow
J9UhH5nbLA4_000159_000169,playing_trombone
NwAujdzwl_s_000193_000203,playing_harmonica
IO4OVahCmh4_000002_000012,bowling
Y85fGScaVJk_000014_000024,playing_guitar
ZGHd-iYJyMk_000006_000016,shuffling_cards
9EguIduFlqc_000047_000057,playing_organ
S3VsW_puXC0_000016_000026,tapping_pen
UqHTu92Pn8E_000000_000010,stomping_grapes
JvmktKFtE4U_000066_000076,playing_bagpipes
M38ImZIsbh8_001168_001178,playing_clarinet
2pgvDW8Yzy0_000021_000031,singing
amqOnbCveGQ_000072_000082,blowing_nose
ejV3ZWroAGY_000017_000027,playing_bagpipes
TxPcSDz6-b0_000028_000038,playing_bass_guitar
Mz0vXin7280_000001_000011,bowling
Bf32fZ0zWUg_000020_000030,playing_xylophone
1WmrPyLvO44_000081_000091,playing_bagpipes
0NeRPJgTvlE_000145_000155,mowing_lawn
6tTjQDgQxjQ_000011_000021,playing_clarinet
9UGFXB7ytY4_000735_000745,playing_trombone
cdjfsryZNmM_000094_000104,playing_bagpipes
Ag6JKInxFXU_000001_000011,dribbling_basketball
EtycsuRJoO8_000264_000274,playing_trombone
WyeITh_2Smc_000009_000019,playing_harmonica
BCKfKm1vWBI_000025_000035,ripping_paper
_xkhgmUda3o_000197_000207,shuffling_cards
dAxM1SZgq6I_000025_000035,chopping_wood
3sq8WYLtOvA_004124_004134,playing_guitar
G1pRIRMDGJM_000089_000099,tickling
ULbac1G4NcE_000029_000039,playing_organ
V1ROB25Am9Q_000049_000059,tickling
WWAaNm1HqlM_000128_000138,shuffling_cards
Oylxu8gz0hk_000004_000014,playing_guitar
DbNRj0GQ0iQ_000004_000014,mowing_lawn
3OmaeaIBHhg_000022_000032,tap_dancing
WHrGIp8vHqs_000008_000018,playing_trumpet
80EQ98a-K_g_000053_000063,shoveling_snow
_BlfXMQJuXI_000351_000361,playing_clarinet
c8QYZn2cVWU_000241_000251,playing_accordion
c-J9NOasHeE_000050_000060,bowling
MuYj5eEU7G8_000008_000018,singing
OkuPjE6fSrY_000059_000069,playing_saxophone
AAhJae6WP2I_000000_000010,bowling
X7HMOudHwMc_000004_000014,playing_harmonica
LNFRwPFDHQs_000027_000037,playing_piano
LMeMEgCgiHo_000069_000079,playing_violin
MRabsTcF1_M_000002_000012,mowing_lawn
FSXP7BtYFQ4_000202_000212,playing_violin
W6A8BquScrI_000024_000034,laughing
TdswfsoSkyc_000157_000167,playing_organ
SIbfYIy2Rbw_000003_000013,ripping_paper
bZfQl-z6Y7Y_000005_000015,playing_clarinet
KmfKzl0o-GA_000020_000030,blowing_out_candles
A0htCm7ISAk_000378_000388,dribbling_basketball
DlgYv44tVSU_000286_000296,shuffling_cards
E_krgerRiAk_000012_000022,blowing_out_candles
-2IdUKJVuMY_000004_000014,tapping_guitar
du3gil92tNU_000032_000042,playing_guitar
QjEShHP7RPg_000149_000159,playing_bass_guitar
JVyXherTY4o_000077_000087,playing_saxophone
EPbgNENIF_0_000028_000038,blowing_out_candles
RlUdIaNLnCU_000302_000312,playing_clarinet
U7NsA25w-D8_000111_000121,playing_drums
8EksRyKdRns_000038_000048,playing_drums
_q0GyjC6le8_000179_000189,playing_harmonica
XCO9Bv_5O5M_000055_000065,chopping_wood
IAScwn9Osv8_000018_000028,playing_harmonica
WaFpmewWb1w_000104_000114,playing_saxophone
KGWfjhvQplg_000097_000107,ripping_paper
98ib3SGis00_000066_000076,laughing
5ma7H3j4f08_000094_000104,playing_saxophone
R-BV8RAPals_000003_000013,singing
EAAovw3IIwg_000004_000014,dribbling_basketball
YAnvzQQSSks_000007_000017,playing_piano
JIst6ltQUzw_000052_000062,laughing
Fbi4rznEqYU_000002_000012,playing_trumpet
JbETEMx_yhQ_000003_000013,playing_piano
Wg86ercBjY0_000002_000012,playing_clarinet
EqKRxiXdQZM_000044_000054,playing_piano
O_AhjReQBlw_000059_000069,blowing_out_candles
EMtMfbT4xC8_000017_000027,playing_keyboard
ZL_I3tZ_7_U_000069_000079,playing_trombone
5bl3eJhYjgQ_000105_000115,playing_harmonica
ee7_BbxxDNY_000088_000098,playing_saxophone
fpROCGomGwQ_000050_000060,tapping_pen
F3M5NapQ0TA_000101_000111,tapping_guitar
UYtkDp86VzM_000150_000160,playing_keyboard
FoPcULPWkxY_000096_000106,tapping_guitar
WY88IC9loAU_000245_000255,playing_accordion
2gBKu5VaJ9o_000000_000010,playing_guitar
KrSqv9AbYJA_000265_000275,tapping_guitar
HR9R3QzAxkE_000114_000124,playing_bass_guitar
9Nqog7QxjO8_000061_000071,playing_bagpipes
WsFIOg-Mb40_000022_000032,playing_trombone
_GSZelYWl0Y_000089_000099,playing_piano
_VrN6RZFrlM_000236_000246,shoveling_snow
ZKMmaukuvoY_000031_000041,playing_bass_guitar
XfYs2pF5W9M_000008_000018,ripping_paper
QEcVK75TAwk_000002_000012,chopping_wood
cdHM1LJa8Hw_000003_000013,tickling
PDMsF6ddZRA_000003_000013,mowing_lawn
-7SwhiYPNkI_000026_000036,playing_guitar
L3qU3cMmOY8_000083_000093,singing
YlJvP49ZPbY_000000_000010,playing_harmonica
1Pjeb82QX2Q_000007_000017,mowing_lawn
C8HiTOy-6gA_000487_000497,singing
92T2BFMWa4s_000000_000010,playing_piano
S7AjlnvUu6s_000017_000027,mowing_lawn
IREaXW0PQ3g_000151_000161,playing_clarinet
550xc_lRiNg_000081_000091,tapping_guitar
OlSoFgkgR-c_000076_000086,playing_harmonica
TdIPNgaDCuc_000446_000456,playing_saxophone
L4a7rkVwHaI_000014_000024,playing_harmonica
F2ttE_fwRtE_000001_000011,mowing_lawn
bbFt8dZ1RVA_000087_000097,laughing
ZnYphihwah4_000084_000094,laughing
GYCOesiXnHs_000016_000026,playing_harmonica
Kzlul7oj_m8_000162_000172,playing_clarinet
TA6Ip0Ki8_M_000156_000166,tapping_pen
4iQkC0ooImY_000072_000082,bowling
15OWGo5QhDU_000215_000225,playing_clarinet
CeZd_K3Jup4_000004_000014,dribbling_basketball
SLIvwtIuC3Y_000078_000088,shuffling_cards
8UpZaK4715o_000206_000216,shuffling_cards
CQo2FJPLeQk_000012_000022,laughing
52vBNlJruPE_000061_000071,playing_organ
0XRwLmou-xA_000242_000252,playing_trombone
FrwpwwomvLE_000030_000040,tap_dancing
h7GA2mat3b0_000041_000051,dribbling_basketball
ePcIco8QccM_000017_000027,playing_xylophone
XJWBl07cOr8_000002_000012,playing_guitar
J9bLKXBXaHY_000009_000019,bowling
OgWWeVUbu_U_000001_000011,bowling
VT5fqwFsqA4_000068_000078,playing_clarinet
GoATphXdl7U_000209_000219,playing_drums
DOCQKwqKHl4_000094_000104,shoveling_snow
az3COztPINs_000018_000028,tap_dancing
2ejtQlOaAa8_000496_000506,shuffling_cards
DMBwjASJDrY_000002_000012,bowling
FjGnpWFrSy8_000072_000082,playing_accordion
J73WaU8XiH4_000383_000393,playing_violin
9BcEmxGH5L4_000023_000033,dribbling_basketball
WKq-rulZln8_000148_000158,playing_trumpet
0L465xA6iI0_000000_000010,singing
Ac4rRVZn8aQ_000295_000305,singing
ApFd4whl9Q0_000029_000039,stomping_grapes
c4hW-VbrtHw_000000_000010,playing_trombone
dGvT4YWZH5k_000016_000026,laughing
EeEmbQRpdn8_000663_000673,shoveling_snow
GiSwu5OsmhM_000125_000135,playing_trombone
MFcHADUcz_U_000065_000075,playing_guitar
d5XbJEdbEqg_000014_000024,playing_accordion
9VrWiDJzQTc_000024_000034,blowing_out_candles
Ab22AES3vgs_000304_000314,playing_keyboard
MlGPHRPfYi0_000030_000040,mowing_lawn
fQVlC1FyMeM_000239_000249,playing_saxophone
16yeUilQQiA_000008_000018,playing_trombone
IKu14CvhFqw_002034_002044,playing_guitar
4hqjDGpghko_000123_000133,playing_drums
YN8O0thamDk_000059_000069,playing_guitar
bdfwypp4Osw_000034_000044,laughing
7Tz7QnmLukg_000008_000018,tapping_pen
gh5di42-RJo_000045_000055,playing_drums
Bo663W2FLC0_000028_000038,mowing_lawn
g8kg5U-pac8_000099_000109,playing_bagpipes
_8pBmZC3o1E_000004_000014,playing_harmonica
Wq7Nj4UcaDM_000017_000027,playing_trumpet
cQlhr_ydePM_000014_000024,mowing_lawn
JmzMCuAK_CY_000001_000011,dribbling_basketball
bPDqsN6ZYv8_000092_000102,dribbling_basketball
Fv8_AFoQevY_000004_000014,playing_guitar
_EXDbFn_Too_000260_000270,playing_violin
8WWTdgB6Jgs_000000_000010,playing_harmonica
0P1yjyctTT4_000027_000037,playing_piano
JpR5jBNc_ro_000003_000013,shoveling_snow
8RUGnxg10mM_000060_000070,chopping_wood
cpCmxQ1_jYk_000015_000025,blowing_nose
cJcHeEMuHOw_000018_000028,shoveling_snow
7bue26MZWk0_000017_000027,dribbling_basketball
BHuNIEod4rs_000057_000067,mowing_lawn
7F1FEKHSO0o_000051_000061,tap_dancing
_u3GhIu9kiY_000125_000135,mowing_lawn
URf25WYP6P4_000108_000118,dribbling_basketball
g6vk2Vqphwo_000018_000028,shoveling_snow
RHI8dQmwXm0_000001_000011,playing_violin
bIxaHK-qGFU_000032_000042,chopping_wood
GvpVqZaObv4_000012_000022,playing_trombone
4Og-b7m8kcQ_000054_000064,playing_organ
WgOutWO3dDs_000001_000011,playing_harmonica
BsteFsPZCoo_000002_000012,playing_harmonica
XQVtbY83tw4_000040_000050,playing_harmonica
A0LQZqINmdc_000023_000033,playing_bagpipes
H6T9j3bOW2w_000008_000018,chopping_wood
19J3APU1rxU_000384_000394,playing_bass_guitar
fWa5RnusktI_000076_000086,ripping_paper
c8Tq0COAcMU_000163_000173,tap_dancing
HRvcfMnnPyc_000034_000044,playing_drums
EmPJmbL1tHo_000025_000035,playing_xylophone
1H0OClG00SE_000060_000070,playing_trumpet
5nFs2JtXTd0_000088_000098,playing_bass_guitar
KmbgicN1XHg_000068_000078,tickling
6vJCKACIO4k_000000_000010,shoveling_snow
Qv7GHWyrF_g_000029_000039,playing_trombone
SSwavUJSCqo_000370_000380,playing_bagpipes
Hf0s_1bkxJI_000001_000011,bowling
dxqViiQLtRY_000046_000056,tickling
0yoSzSbdckU_000082_000092,mowing_lawn
QbclaLOHgxs_000044_000054,shoveling_snow
6yLAEdf9vfg_000013_000023,playing_violin
XuX2VFSBOHM_000188_000198,playing_guitar
2y2IUA_b3Ws_000079_000089,playing_keyboard
gZ8gQ1TRfkE_000049_000059,playing_accordion
-Z1pG8Ym6m8_000019_000029,tickling
RKyePE-wxMI_000108_000118,playing_keyboard
KfXpFP-1q_A_000025_000035,mowing_lawn
YaHAdyScqGg_000016_000026,blowing_out_candles
QtVVoR0Op4o_000000_000010,playing_piano
LMhQKQPLxM0_000003_000013,playing_trombone
_SXJik5Xazo_000000_000010,playing_piano
7_i83_87miw_000072_000082,playing_organ
CU6WLmld6q0_000027_000037,playing_accordion
VDrkNQsO73E_000019_000029,playing_violin
60BSFNy1JPY_000000_000010,playing_bagpipes
au__kqkwCOc_000012_000022,playing_violin
Fz6TtHbtnZY_000000_000010,tickling
-EnWmIji1xc_000120_000130,dribbling_basketball
1OmzyYlaE84_000011_000021,blowing_out_candles
DH05pINUnyI_000077_000087,playing_harmonica
h5DWe7Y5hwA_000013_000023,blowing_out_candles
gFHW9l48LSY_000031_000041,playing_piano
V6OQQHU2WYg_000016_000026,blowing_out_candles
3ojozmdvSns_000012_000022,playing_trombone
1ky5SOFR0NY_000011_000021,tickling
eWvnrMnPJI4_000315_000325,playing_clarinet
BzBzZex76Ec_000004_000014,blowing_nose
NbKTtZw4yR0_000030_000040,singing
OUF1hPkhFbY_000300_000310,playing_saxophone
C_omyzMJVd8_000273_000283,playing_violin
etHQ5m5lzHs_000125_000135,singing
V5v56O5Qrzk_000019_000029,playing_violin
XhAnqF38p0U_000003_000013,playing_keyboard
9j5vp1kID4o_000035_000045,playing_accordion
GPCaoMTV8sY_000000_000010,blowing_out_candles
ZE11Rqn8_Fw_000117_000127,playing_guitar
A20uQSBtYMs_000034_000044,playing_saxophone
T_TpBkM_Lo8_000000_000010,blowing_nose
DX8xeYkKjjE_000910_000920,playing_organ
D04BM1lFH-w_000023_000033,playing_keyboard
7I9XMFyP0iU_000017_000027,playing_violin
giaVrPZWsVs_000015_000025,bowling
_XdoKfsHleA_000020_000030,mowing_lawn
4bzwUSMLYhk_000001_000011,shoveling_snow
53820Lathhk_000003_000013,playing_accordion
h8cNnxLsvdk_000187_000197,playing_trumpet
6CVFKoylJWw_000004_000014,dribbling_basketball
4RM67QN9034_000181_000191,playing_guitar
WUqxbh-5emg_000002_000012,bowling
EKtD8eDzilA_000029_000039,playing_harmonica
R-QS5QfLChI_000100_000110,singing
d79YjgAvU6g_000077_000087,playing_guitar
WiJVMmmcz-o_000000_000010,playing_violin
-TKBCaIKr18_000074_000084,playing_bass_guitar
PfrYYzOTuuA_000016_000026,blowing_out_candles
W3IPoJ418OE_000035_000045,shoveling_snow
h8AGcIHRsoc_000590_000600,playing_clarinet
TyGklbQ9FDI_000003_000013,playing_bagpipes
EVKLB8jrogo_000048_000058,playing_bagpipes
YU3Eu7DZVlM_000003_000013,blowing_out_candles
QWUviZh91sk_000039_000049,mowing_lawn
duHHRWryerU_000031_000041,playing_violin
LAfQdGX10Kk_000029_000039,playing_harmonica
7OjA474lFak_000121_000131,playing_violin
DfS86oSQfp0_000008_000018,singing
HgGAzBDE454_000165_000175,tap_dancing
BcmNTBRcrTQ_000002_000012,chopping_wood
2cc45VNG8Xw_000021_000031,laughing
GgL008kWmUk_000001_000011,tapping_guitar
66XrOQDCLng_000017_000027,shoveling_snow
g5F2BffzB-o_000105_000115,playing_guitar
OW29A_vd0gc_000053_000063,laughing
A933SY-LUBI_000002_000012,chopping_wood
QAyQBM9n4-M_000043_000053,playing_organ
2rFUp46WQBs_000041_000051,tapping_pen
4GBfs2reIyo_000245_000255,playing_drums
RSaWeceG62w_000026_000036,playing_piano
UShuCo0nRf8_000004_000014,dribbling_basketball
MAmupWe4Fdw_000044_000054,playing_bagpipes
-Xeb_fCziLY_000022_000032,playing_xylophone
2oDmdhiRtAA_000030_000040,mowing_lawn
a-BPDML13PI_000114_000124,playing_drums
F8TLg2yF0ho_000147_000157,chopping_wood
M7nHiAPl9JI_000033_000043,singing
EMK6b7VtOR8_000037_000047,dribbling_basketball
VgeC4botQrc_000049_000059,blowing_out_candles
gPVfOJM60SI_000065_000075,bowling
60LwipV2hF0_000031_000041,dribbling_basketball
J--Tdk-gjqg_000201_000211,playing_clarinet
Cew3Umy5UlI_000109_000119,playing_piano
BMn9n_cZCEw_000176_000186,laughing
F3w-cAG7mUg_000038_000048,shoveling_snow
ZAw5ZyvU9FU_000267_000277,laughing
WpnIPQPnIbs_000033_000043,blowing_out_candles
9kAQBcfer0s_000011_000021,tapping_pen
CQBBKMtDO-I_000070_000080,playing_bagpipes
F9YooKphdpU_000039_000049,tapping_pen
PNosWQsrk7g_000166_000176,singing
R_7HKzPM4GQ_000017_000027,playing_trombone
SWaf3xoinKI_000021_000031,playing_keyboard
WE-ShnssosU_000011_000021,blowing_out_candles
KCvQWicUMWc_000003_000013,blowing_out_candles
3HAloDSS2E0_000001_000011,playing_xylophone
ULvx-lGcuQs_000102_000112,playing_bass_guitar
19HZ4Sb2zRg_000010_000020,singing
T3VlKxunwTc_000013_000023,blowing_out_candles
SFNd_qz6lEc_000066_000076,tapping_guitar
Biekoj9xqwM_000263_000273,playing_organ
RmuvwuoaCDI_000022_000032,playing_trombone
5KGNmA0BWIs_000030_000040,playing_violin
JLwm_ulUV9I_000000_000010,playing_saxophone
BD3Nej4RSX4_000053_000063,tap_dancing
f_5GcZDgkTc_000016_000026,bowling
X5E1yod9-Jk_000005_000015,playing_trombone
2_cza-H062s_000008_000018,shuffling_cards
T5OiGQOZWic_000354_000364,tap_dancing
2bxSRBpPksE_000073_000083,tapping_guitar
8payssKxlQo_000260_000270,playing_trombone
eoEPiQt4nkk_000131_000141,playing_bass_guitar
3AM3n4R80Rs_000104_000114,chopping_wood
Obymz-LrY1o_000135_000145,tapping_pen
24Kl2Vze2Pg_000195_000205,tap_dancing
7NpulYGNrdc_000000_000010,playing_bagpipes
Pmgrn9-XMSA_000035_000045,playing_piano
esUqipyKD_g_000097_000107,playing_saxophone
OKB9Fbcr6ik_000109_000119,playing_trombone
N4ApFL0PApA_000002_000012,bowling
SYUGdsXq-og_000020_000030,playing_harmonica
1iTBe41B6S8_000111_000121,bowling
24chuWPO1y0_000187_000197,playing_drums
F2nzzaOSnjk_000019_000029,playing_clarinet
_pOEpMFObHE_000089_000099,tapping_pen
2GJA8DgTPQ4_000000_000010,singing
QRhVklUE-8U_000023_000033,playing_bagpipes
_AjAAsBQO-Y_000106_000116,playing_bass_guitar
SGVL2jUHk2E_000035_000045,mowing_lawn
28hIME0Xf24_000028_000038,playing_bagpipes
AOqGL9XVn7A_000216_000226,playing_drums
EDMzp0j6pMg_000025_000035,blowing_out_candles
91PWJFHQMak_000001_000011,playing_violin
7FyBmx76tKw_000002_000012,playing_harmonica
NWuTjyvw12c_000004_000014,playing_organ
ZGjNC9PHdEc_000148_000158,tapping_guitar
WP9NdZN4uDk_000002_000012,playing_trumpet
R2X5dfy_btg_000002_000012,playing_xylophone
bS9fRklwCcw_000203_000213,laughing
Zt4gO3t-Jvk_000002_000012,playing_trombone
Y8SbsczcVRM_000035_000045,tap_dancing
KRU03cgVAGE_000155_000165,playing_keyboard
Dg9iiAin7nU_000008_000018,playing_piano
M195a3q1Ie8_000058_000068,bowling
bXMSg56ZWqU_000007_000017,playing_saxophone
bUPq3_RKhPI_000036_000046,laughing
Cdd0HpEkNXw_000127_000137,ripping_paper
IiybnCxhSDs_000004_000014,dribbling_basketball
-8zbv5k27mE_000020_000030,tapping_guitar
IA5ONKfyiT8_000023_000033,playing_bagpipes
7lXawm-5WXU_000045_000055,playing_violin
28nertVZwXQ_000199_000209,playing_violin
JEYkF_VhX-U_000230_000240,tap_dancing
fip6I85DeWU_000015_000025,playing_violin
AAl6YZ6czoE_000008_000018,ripping_paper
NIGUySmIUGE_000007_000017,singing
NUdPjKHR09g_000009_000019,tapping_guitar
JXAN26UZwqk_000177_000187,tapping_pen
7q5d66hC3kQ_000063_000073,mowing_lawn
BH6o-BsI0xQ_000022_000032,blowing_out_candles
efz_M_7Rm8M_000001_000011,blowing_out_candles
a3mL-8Mo6XA_000016_000026,tickling
3s49ggVWTFg_000114_000124,ripping_paper
-ow3Cfz5Qtk_000100_000110,playing_organ
e2QathPEs1o_000431_000441,playing_clarinet
QLo2RaOHahM_000001_000011,playing_harmonica
VzLN1-DDqPs_000005_000015,mowing_lawn
1k4t96yTs-I_000008_000018,playing_accordion
48ivxzAxDR0_000000_000010,laughing
Qquyg-lvAmI_000002_000012,bowling
fGxl6w1Dj2w_000060_000070,ripping_paper
fZB4NGmkZGE_000000_000010,playing_drums
ciJPQ_146YE_000015_000025,chopping_wood
LPGsmjnTeuE_000000_000010,playing_accordion
2yB4SLllOLw_000205_000215,playing_guitar
BuW3L4iL1hA_000044_000054,playing_trumpet
MLY2V20-_Cw_000002_000012,playing_organ
DMAccQCyGjo_000022_000032,playing_harmonica
8l1O2kyuZys_000016_000026,tickling
hHGjVdg1_Vc_000140_000150,playing_keyboard
6XExtxpl59c_000051_000061,tickling
LgWUjzlx470_000367_000377,playing_bass_guitar
Q63xem744EQ_000306_000316,playing_clarinet
92dXhnpT5T0_000002_000012,mowing_lawn
982wjsdo5PM_000057_000067,playing_bagpipes
BqUzczoFPxs_000031_000041,blowing_out_candles
4lJwkJCDyas_000001_000011,playing_saxophone
fZePn3wl-v4_000001_000011,tap_dancing
cLe8SjXM1ns_000001_000011,playing_saxophone
GEDg-MXcOYE_000068_000078,tickling
ZnFSulyNTr8_000011_000021,stomping_grapes
JJFWDCWzBLM_000000_000010,playing_organ
2Fi0LWv3T_g_000219_000229,tap_dancing
4A7LHSd0S6g_000122_000132,playing_trombone
VhzPqd0Su5I_000020_000030,mowing_lawn
W1_0PQdbi0M_000000_000010,stomping_grapes
X00tlg-PS78_000014_000024,playing_bagpipes
1ulWw1Tjg44_000034_000044,stomping_grapes
ZpyCrs-q-so_000004_000014,chopping_wood
ffRX55yWc5U_000002_000012,blowing_nose
MYOgZe12iJg_000004_000014,playing_xylophone
JjfT_s68vY4_000046_000056,tap_dancing
KTwhrDmDX3U_000018_000028,laughing
Gy5cpFKGvO0_000013_000023,laughing
Kq9UKJsdfIA_000033_000043,blowing_out_candles
WILB5udMTw8_000017_000027,stomping_grapes
43rJ8qIgUy8_000002_000012,blowing_nose
3uWM93ppmmk_000203_000213,playing_trombone
937gNMx3MwY_000076_000086,dribbling_basketball
JZ_R49QkLGI_000003_000013,blowing_out_candles
cgthAi5wbf8_000302_000312,playing_clarinet
MuP1ZkhuGvE_000000_000010,playing_keyboard
bVlWwbJy0o8_000047_000057,laughing
B_PhHrBEeNI_000118_000128,playing_harmonica
MtTzD7m-BVU_000038_000048,mowing_lawn
S5llmTcFJpo_000243_000253,playing_bass_guitar
RrJIgtttGzU_000001_000011,playing_saxophone
ZYVYIVjytwk_000008_000018,dribbling_basketball
65pvWdvfM50_000025_000035,tapping_guitar
QGfF-YPhTX8_000000_000010,playing_organ
ACkUO7zVt6Y_000083_000093,playing_saxophone
NUKJUVJiswU_000010_000020,blowing_nose
WmmMxhEY9kw_000009_000019,playing_saxophone
DM3iHg1ErTM_001283_001293,playing_clarinet
BLEnWn2BYzk_000027_000037,blowing_out_candles
OtKOkiTOxxA_000001_000011,playing_trombone
2iJBlDfmvIc_000141_000151,playing_guitar
FpFF11vyBa4_000266_000276,singing
fSxmh5CbATQ_000035_000045,mowing_lawn
0jeO8Z72DWA_000011_000021,tickling
2YrmL3mQhHg_000045_000055,dribbling_basketball
AurCYot_Ouw_000065_000075,laughing
2A6hbbE-lDk_000038_000048,playing_bass_guitar
Uv3rQf5eT_w_000002_000012,playing_guitar
YhEAUeO0N2k_000017_000027,mowing_lawn
2jBXJDgkVCI_000787_000797,tap_dancing
-QFrYnizm74_000005_000015,ripping_paper
AVC9k7CkbjA_000008_000018,shoveling_snow
Ski_mMp6z2Y_000008_000018,playing_saxophone
Ay237wJQEjk_000007_000017,playing_bagpipes
QzT9R_GgmmE_000021_000031,playing_bass_guitar
SjpS2wZB5qs_000039_000049,playing_guitar
0BCEmSbiF3g_000015_000025,playing_saxophone
G9rgHUWcYs8_000039_000049,blowing_nose
2PNO4MMO42Q_000002_000012,bowling
AgJ0hYJqTSE_000008_000018,playing_harmonica
BnejjSGTm8Q_000086_000096,stomping_grapes
5P2q83S0tNc_000000_000010,blowing_out_candles
LoZk51a-A5s_000503_000513,playing_guitar
P5frcjJnYMw_000080_000090,tap_dancing
LAILo9lRv9I_000026_000036,playing_violin
Hsxz9uCo1l4_000006_000016,playing_clarinet
hF4iZzwjn90_000006_000016,playing_violin
Wvj1NFhfuwU_000179_000189,tap_dancing
J80e9M4AQ5w_000077_000087,shoveling_snow
Ex1rZE_84Ik_000001_000011,mowing_lawn
Z09ZttWqutY_000003_000013,shuffling_cards
9_nM6d1Z2Oo_000215_000225,playing_violin
XqiHsYgLl8g_000050_000060,bowling
ZrcQssHhRD0_000002_000012,chopping_wood
aAolbV_IsII_000034_000044,blowing_nose
QGqJ2KQj-1M_000190_000200,playing_trombone
A4s5APNF8j0_000887_000897,laughing
KRx_mfFKJS0_000005_000015,mowing_lawn
TdkeDolnxaM_000054_000064,playing_harmonica
g4xCFncxnrw_000017_000027,laughing
PbIrhok9-vw_000000_000010,playing_harmonica
CdaERGg2cHA_000001_000011,blowing_nose
7mkpum-hB7I_000123_000133,playing_trumpet
QpAGDikVNfI_000080_000090,laughing
MzCftJkj2F4_000062_000072,playing_bass_guitar
WKD51qLzfCk_000016_000026,playing_harmonica
5qgROAY83EA_000083_000093,playing_bass_guitar
5fSV2bHg-I8_000018_000028,playing_trombone
afoucgmiI_4_000031_000041,playing_saxophone
Prbx6Zpaif4_000006_000016,bowling
aQkl2JGfIpg_000053_000063,shuffling_cards
2eEN0n2XSpw_000004_000014,playing_harmonica
d3egLUpuUgI_000002_000012,playing_bagpipes
NV6O4O15Qr8_000089_000099,stomping_grapes
Zx3_mUzQ4aI_000021_000031,playing_keyboard
3QyktbLRV6g_000000_000010,playing_bagpipes
37G5UqwXm8E_000002_000012,playing_accordion
Rguksty4JQ4_000379_000389,bowling
gLbIY8p31DQ_000082_000092,tapping_pen
BUwADLJpKNM_000021_000031,dribbling_basketball
27Dx6ztJ8jw_000025_000035,playing_saxophone
BPxC2WjBAbQ_000002_000012,playing_bagpipes
Ek4JiDq-_xQ_000108_000118,playing_drums
cdwZEqDOxbA_000019_000029,blowing_out_candles
doyuxxUR3EE_000001_000011,chopping_wood
gNPCiOEK09s_000026_000036,mowing_lawn
HOW9TousJlQ_000012_000022,playing_bagpipes
4tPOIYsNV64_000205_000215,playing_accordion
05ifsdWfJWI_000003_000013,playing_bagpipes
NbKvut_1r2A_000025_000035,singing
FWvqz2DODNI_000021_000031,playing_harmonica
TH02OaW5a_o_000008_000018,playing_accordion
-2hoixBAoJ4_000346_000356,playing_accordion
PkvRy8kNnZg_000228_000238,playing_clarinet
bEMscamCSSo_000029_000039,laughing
QHAQnu7Vg0A_000000_000010,bowling
7Zv8dSygkwM_000187_000197,playing_saxophone
aWeEfqFMhPg_000019_000029,playing_trombone
HuLmAhnQ0vk_000096_000106,tickling
gkhgAlVSKTI_000047_000057,playing_bagpipes
9TIaFmy127A_000014_000024,blowing_nose
TmiMC16tNxc_000070_000080,tapping_guitar
gcfsrhXP2rg_000420_000430,playing_drums
VKg_yEOBFl8_000020_000030,playing_bagpipes
eJef8BNKLcA_000024_000034,chopping_wood
EINqgy58mRk_000013_000023,playing_xylophone
UdGmmKp8Aps_000006_000016,playing_organ
g1Quubl9yU0_000133_000143,tapping_guitar
4_X61H_kinQ_000088_000098,tap_dancing
Ob7NXob_kIU_000013_000023,mowing_lawn
8VAP71ZI2R4_000413_000423,playing_trumpet
aUgNol4CS0U_000031_000041,blowing_nose
OCwCjRLCtaw_000033_000043,playing_trumpet
CZGTlWjkn_o_000047_000057,playing_bass_guitar
ZLV4ihYlIwA_000019_000029,playing_keyboard
gDutd27GbwA_000015_000025,tap_dancing
ZV31BmsOLoQ_000079_000089,shoveling_snow
-DyoxbCwuB8_000110_000120,playing_accordion
LvapH2kq8Vk_000000_000010,ripping_paper
7QoQZSU_ex4_000006_000016,mowing_lawn
L0os7l1kFCY_000049_000059,playing_trumpet
E4qiicR74hY_000531_000541,playing_violin
4sspHgGLTsU_000004_000014,playing_trumpet
GGGfCAW9luY_000086_000096,tap_dancing
VRHJ7cT_cyU_000006_000016,playing_piano
an0ZXdUdttg_000371_000381,playing_bass_guitar
CjUippV9H38_000017_000027,dribbling_basketball
_x0ZqncC3Jk_000025_000035,playing_xylophone
Q8vO7pQNxGM_000013_000023,chopping_wood
XPvAKTjdZW8_000054_000064,blowing_out_candles
50AeuUPZXtM_000136_000146,singing
ZPZyrxW1h6s_000028_000038,tapping_pen
XLX8CehuDZA_000047_000057,ripping_paper
-dxZzuZfmOo_000015_000025,shuffling_cards
fWoVPAG8HQg_000050_000060,mowing_lawn
QxW-MVfBSB4_000081_000091,laughing
C-Wb10gRulY_000011_000021,playing_trumpet
Pg3zYtY12oc_000001_000011,chopping_wood
ManBEJJcncw_000076_000086,ripping_paper
T7iVpEwmuRo_000183_000193,playing_organ
IHu1eoxtRfo_000155_000165,dribbling_basketball
IPs-QW4-UHQ_000009_000019,playing_guitar
2O-rCRPBfcE_000004_000014,blowing_out_candles
T9dS1F_9OCA_000023_000033,mowing_lawn
KO1HXY93gLI_000158_000168,playing_guitar
XMaE72PRVZ4_000292_000302,playing_clarinet
buBUQcyZZPc_000029_000039,playing_saxophone
7VglA1wDs6s_000536_000546,playing_trumpet
UjboI8zfaTs_000042_000052,blowing_out_candles
7BH2DOsN5gA_000006_000016,playing_piano
4lql2MpStFI_000179_000189,playing_clarinet
fXpMa2g0HH8_000038_000048,bowling
1_IZlvdSwfQ_000052_000062,tap_dancing
aCBGvpgSnCk_000011_000021,tickling
3j2IW46lbUM_000208_000218,playing_keyboard
NtT5zQt0M00_000002_000012,dribbling_basketball
Ogi7fFbM4Vs_000096_000106,playing_clarinet
6QW8x0DCiK4_000001_000011,blowing_out_candles
AT4sACmKMnk_000154_000164,playing_bass_guitar
HK1R2_NUBV0_000017_000027,playing_bass_guitar
J8qC2kZOjyA_000020_000030,blowing_out_candles
SWSoryvVsYE_000077_000087,dribbling_basketball
KgkyY1eIJ0s_000003_000013,playing_keyboard
SZtLGvLeL9I_000001_000011,playing_harmonica
_maO4_WGcFY_000083_000093,playing_trombone
CXGdhkpJfX4_000008_000018,playing_violin
QFqctgDX0Ig_000002_000012,playing_violin
RMAlI2vwt-Q_000074_000084,playing_harmonica
_emV9i_SK3Q_000056_000066,ripping_paper
Bjjr9dHpvEk_000361_000371,playing_bass_guitar
6UnwizdKb00_000060_000070,laughing
Cczn6kZ0WHo_000003_000013,playing_harmonica
6gvwgTeIBvo_000595_000605,playing_guitar
MCjg3D_KLjg_000002_000012,playing_bagpipes
VZ1VbETOHcg_000047_000057,playing_clarinet
girC6yb8-W8_000062_000072,dribbling_basketball
Izf5sGMI1CY_000036_000046,playing_clarinet
O8sNTF27PO4_000242_000252,shoveling_snow
W9gryWF5QIY_000006_000016,playing_accordion
A79-HCNzCfY_000453_000463,playing_clarinet
F4iggQXQ_04_000000_000010,playing_piano
ZEjaWEakmPc_002214_002224,playing_clarinet
gGnkTCY3cc4_000002_000012,dribbling_basketball
Rgc1M8dRl0Y_000243_000253,playing_drums
A3uZUX06qMs_000010_000020,ripping_paper
2VFteaAV51s_000489_000499,playing_guitar
CmdrB_Q7st4_000023_000033,tapping_pen
JEll2ZoIXyE_000001_000011,mowing_lawn
F6eQzFi7qOA_000020_000030,chopping_wood
c_dheAzyiO4_000025_000035,playing_saxophone
0kVNJGiziRE_000084_000094,playing_bass_guitar
dLErBaHUwbM_000074_000084,playing_piano
AvX4VwFaPmY_000106_000116,playing_drums
20J-6g7YIbQ_000000_000010,ripping_paper
b6oCIRZjrf4_000015_000025,playing_trombone
am_fFjiwKIs_000036_000046,dribbling_basketball
eN3Ikew2bis_000069_000079,playing_clarinet
FX7zymqM6TE_000025_000035,playing_trombone
XXsZK8GgQ0c_000021_000031,playing_trombone
ATdvDZYAI0o_000000_000010,playing_piano
R76ARUm8BfE_000266_000276,playing_clarinet
Xj1LUVypVTY_000134_000144,tap_dancing
VOnP9N7FAT8_000081_000091,playing_accordion
CsWRDI6hKHM_000008_000018,laughing
IBfn9blNnHI_000092_000102,playing_drums
MKEyi-x8iQg_000000_000010,playing_piano
7gI-gBGwvJg_000032_000042,playing_keyboard
Beq9LbjnsHI_000054_000064,playing_bagpipes
Zq1vGF1gnYA_000000_000010,playing_guitar
PyfCOXX57Y8_000047_000057,tapping_pen
864avn0LuGk_000093_000103,playing_trombone
V84u6U4Q0_Y_000068_000078,playing_saxophone
TnvsXLGB9fU_000108_000118,shoveling_snow
2jvQOQ4mZIw_000094_000104,playing_organ
Vn0TZ1ygGQo_000003_000013,playing_saxophone
XW0ZOtMRPsw_000058_000068,playing_bass_guitar
YOa_FQ7WBsY_000003_000013,playing_harmonica
Ck2DKQIZ4_8_000003_000013,playing_trombone
WqxGyksz4dY_000338_000348,playing_xylophone
A-ENKsNmkR4_000038_000048,singing
H0YjpR__L98_000023_000033,playing_drums
Hhhw1o8C0JY_000132_000142,playing_keyboard
7cTuLT8S0jQ_000223_000233,playing_bass_guitar
HSGtoi_U4xw_000015_000025,tapping_pen
dv7o-ek4N5A_000021_000031,shoveling_snow
VAwu7Iwg68A_000056_000066,playing_keyboard
LuP17pK0-TU_000004_000014,blowing_nose
DL3LcaUxcP8_000103_000113,playing_piano
ID5zanVS4zs_000252_000262,singing
4IY4nas3lQo_000006_000016,playing_keyboard
fq6nZQnsiLs_000063_000073,tap_dancing
B6OWQcX2ljY_000012_000022,chopping_wood
fDrGGV2ISwY_000009_000019,ripping_paper
39z3zILjpAg_000040_000050,playing_violin
DsXQL7xN6k0_000103_000113,playing_trumpet
ayp4c2X02p0_000001_000011,playing_organ
AqARra3BTn8_000336_000346,playing_drums
WNrnjIUFtIM_000032_000042,playing_keyboard
1URz-78ILe8_000010_000020,playing_guitar
2et3oY3cJNc_000001_000011,mowing_lawn
YXhAj710Yk8_000109_000119,playing_violin
98xG0IeLxek_000250_000260,playing_bass_guitar
SAwTpT41QdQ_000058_000068,playing_xylophone
HJllTUDwvF8_000015_000025,tickling
fZkdLo16l_U_000001_000011,singing
gkhtlPtdnhc_000035_000045,playing_trombone
UJIuMBifjgg_000001_000011,tapping_guitar
UmbcN7G-RFQ_000013_000023,playing_trombone
dggeADG-yrA_000032_000042,mowing_lawn
E3E6ASUPg0U_000010_000020,playing_trombone
QuA5e-21nkw_000021_000031,playing_clarinet
37HJAxYTDRc_000021_000031,playing_drums
I8OyKy73ZBc_000054_000064,tap_dancing
5cGatPPeUs8_000080_000090,playing_xylophone
Q5plP4L-YZA_000120_000130,playing_drums
MDzjThFBXiM_000004_000014,shoveling_snow
Zr5Iim-Gsf8_000033_000043,tapping_guitar
1MPJSccFb2c_000000_000010,tap_dancing
cfhpdrQ_jwk_000030_000040,playing_clarinet
CbcZ9uAmVl4_000034_000044,singing
TY-ZuI489sA_000085_000095,playing_harmonica
GSy8uxjkrzA_000026_000036,playing_clarinet
ebbdQQxUjNU_000000_000010,playing_trumpet
HAgwnJ-Pcag_000000_000010,laughing
42Anrl0uRwU_000054_000064,playing_violin
ICoueVZhgPk_000082_000092,bowling
3q9WWggogrE_000052_000062,singing
4MlTpOYeyGs_000013_000023,shuffling_cards
G5wyT81BlYE_000002_000012,playing_harmonica
aZQ1r0_9Ixs_000513_000523,playing_violin
AGcApwXsva8_000204_000214,playing_clarinet
7IIA3VzgJTo_000137_000147,laughing
DK_7Y046btQ_000116_000126,playing_trumpet
GGIDxTNHvhQ_000002_000012,playing_trumpet
KPslWEXe8A4_000156_000166,playing_guitar
YD1LIav61Sk_000117_000127,playing_trombone
7Uw2TK6W7_U_000194_000204,tapping_guitar
cb0bHvgRPmI_000023_000033,singing
aLsGxURz6ss_000008_000018,mowing_lawn
-O4iEuGsahU_000100_000110,playing_guitar
fywApTMDr_A_000263_000273,playing_guitar
cm7OMoAoveo_000019_000029,playing_keyboard
DLJf9bRhiGU_000009_000019,dribbling_basketball
Sp03G8ksiOo_000018_000028,shoveling_snow
LiBDxH6wgMk_000053_000063,laughing
AVbeLNPp2v8_000008_000018,bowling
KDW5hvIgnq0_000044_000054,blowing_out_candles
Q_i0xhTKbl0_000069_000079,playing_accordion
YN8jscxUxbc_000209_000219,playing_organ
VrzwuL90LoA_000002_000012,playing_drums
ZAHnvJftdmk_000016_000026,playing_piano
9THe1t54tTg_000016_000026,playing_harmonica
RM6Qt2gjpUc_000026_000036,playing_drums
0Uz544_Ex8w_000029_000039,chopping_wood
TTW80MOcHEg_000159_000169,playing_guitar
OU79KEfzOTc_000146_000156,playing_accordion
B5i2r7HWh9M_000059_000069,shuffling_cards
ARmv6F_o80g_000356_000366,playing_bass_guitar
3terU1X5qBQ_000081_000091,chopping_wood
0eZMWre66M4_000055_000065,tapping_pen
0k8P58P5dZE_000000_000010,bowling
KN-mDQlvSIU_000106_000116,playing_keyboard
SrJSMdiZhxI_000022_000032,playing_harmonica
3Vi2UIMUd0E_000069_000079,bowling
Qb11d_i6gx8_000133_000143,tapping_pen
h8erkWlC9v8_000004_000014,ripping_paper
_QBsQZS0epQ_000033_000043,playing_keyboard
XANECQ7pklw_000001_000011,playing_trombone
4NrvE7_1gI8_000019_000029,playing_keyboard
_EH27DJ2WzA_000049_000059,tap_dancing
6UTymwm6IKk_000005_000015,playing_violin
Acnh9KZ9aHs_000187_000197,mowing_lawn
BfD5oWcxtWI_000006_000016,playing_bagpipes
DB7BML0UXNU_000063_000073,laughing
_TPmpTIXxTc_000069_000079,playing_violin
0P9eqN6hoOQ_000001_000011,blowing_out_candles
4sTMlrlrMKw_000004_000014,dribbling_basketball
VNJb4miF7lE_000021_000031,mowing_lawn
